,관광지명,도로명주소,리뷰내용,리뷰수,참여인원수
0,여의도 한강공원,서울 영등포구 여의동로 330-0,"""뷰가 좋아요""",221,265명
1,여의도 한강공원,서울 영등포구 여의동로 330-0,"""산책로가 잘 되어있어요""",132,265명
2,여의도 한강공원,서울 영등포구 여의동로 330-0,"""사진이 잘 나와요""",111,265명
3,여의도 한강공원,서울 영등포구 여의동로 330-0,"""방문객이 많아요""",79,265명
4,여의도 한강공원,서울 영등포구 여의동로 330-0,"""볼거리가 많아요""",75,265명
5,여의도 한강공원,서울 영등포구 여의동로 330-0,"""관리가 잘 되어있어요""",68,265명
6,여의도 한강공원,서울 영등포구 여의동로 330-0,"""편의시설이 잘 되어있어요""",47,265명
7,여의도 한강공원,서울 영등포구 여의동로 330-0,"""주차하기 편해요""",32,265명
8,여의도 한강공원,서울 영등포구 여의동로 330-0,"""붐비지 않아요""",23,265명
9,여의도 한강공원,서울 영등포구 여의동로 330-0,"""먹거리가 풍부해요""",22,265명
10,여의도 한강공원,서울 영등포구 여의동로 330-0,"""피크닉하기 좋아요""",22,265명
11,여의도 한강공원,서울 영등포구 여의동로 330-0,"""자연 경관이 좋아요""",21,265명
12,여의도 한강공원,서울 영등포구 여의동로 330-0,"""규모가 커요""",12,265명
13,여의도 한강공원,서울 영등포구 여의동로 330-0,"""대중교통이 편해요""",11,265명
14,여의도 한강공원,서울 영등포구 여의동로 330-0,"""친절해요""",9,265명
15,여의도 한강공원,서울 영등포구 여의동로 330-0,"""가격이 합리적이에요""",9,265명
16,여의도 한강공원,서울 영등포구 여의동로 330-0,"""아이와 가기 좋아요""",7,265명
17,여의도 한강공원,서울 영등포구 여의동로 330-0,"""근처에 갈 곳이 많아요""",6,265명
18,여의도 한강공원,서울 영등포구 여의동로 330-0,"""반려동물과 가기 좋아요""",6,265명
19,여의도 한강공원,서울 영등포구 여의동로 330-0,"""조용히 쉬기 좋아요""",4,265명
20,여의도 한강공원,서울 영등포구 여의동로 330-0,"""체험 프로그램이 다양해요""",2,265명
21,여의도 한강공원,서울 영등포구 여의동로 330-0,"""트렌디해요""",2,265명
22,여의도 한강공원,서울 영등포구 여의동로 330-0,"""화장실이 깨끗해요""",1,265명
23,여의도 한강공원,서울 영등포구 여의동로 330-0,"""유익해요""",1,265명
24,국립중앙박물관,서울 용산구 서빙고로 137-0,"""유익해요""",699,"1,296명"
25,국립중앙박물관,서울 용산구 서빙고로 137-0,"""전시 구성이 알차요""",522,"1,296명"
26,국립중앙박물관,서울 용산구 서빙고로 137-0,"""주차하기 편해요""",279,"1,296명"
27,국립중앙박물관,서울 용산구 서빙고로 137-0,"""공간이 넓어요""",275,"1,296명"
28,국립중앙박물관,서울 용산구 서빙고로 137-0,"""전시 테마가 재밌어요""",266,"1,296명"
29,국립중앙박물관,서울 용산구 서빙고로 137-0,"""설명이 잘 되어있어요""",237,"1,296명"
30,국립중앙박물관,서울 용산구 서빙고로 137-0,"""가격이 합리적이에요""",195,"1,296명"
31,국립중앙박물관,서울 용산구 서빙고로 137-0,"""아이와 가기 좋아요""",135,"1,296명"
32,국립중앙박물관,서울 용산구 서빙고로 137-0,"""체험 프로그램이 다양해요""",109,"1,296명"
33,국립중앙박물관,서울 용산구 서빙고로 137-0,"""사진이 잘 나와요""",108,"1,296명"
34,국립중앙박물관,서울 용산구 서빙고로 137-0,"""뷰가 좋아요""",8,"1,296명"
35,국립중앙박물관,서울 용산구 서빙고로 137-0,"""화장실이 깨끗해요""",4,"1,296명"
36,국립중앙박물관,서울 용산구 서빙고로 137-0,"""컨셉이 독특해요""",2,"1,296명"
37,서울숲,서울 성동구 뚝섬로 273-0,"""뷰가 좋아요""",255,257명
38,서울숲,서울 성동구 뚝섬로 273-0,"""사진이 잘 나와요""",183,257명
39,서울숲,서울 성동구 뚝섬로 273-0,"""볼거리가 많아요""",98,257명
40,서울숲,서울 성동구 뚝섬로 273-0,"""대중교통이 편해요""",63,257명
41,서울숲,서울 성동구 뚝섬로 273-0,"""피크닉하기 좋아요""",57,257명
42,서울숲,서울 성동구 뚝섬로 273-0,"""근처에 갈 곳이 많아요""",56,257명
43,서울숲,서울 성동구 뚝섬로 273-0,"""산책로가 잘 되어있어요""",56,257명
44,서울숲,서울 성동구 뚝섬로 273-0,"""경관이 독특해요""",50,257명
45,서울숲,서울 성동구 뚝섬로 273-0,"""주차하기 편해요""",35,257명
46,서울숲,서울 성동구 뚝섬로 273-0,"""방문객이 많아요""",34,257명
47,서울숲,서울 성동구 뚝섬로 273-0,"""붐비지 않아요""",26,257명
48,서울숲,서울 성동구 뚝섬로 273-0,"""조용히 쉬기 좋아요""",24,257명
49,서울숲,서울 성동구 뚝섬로 273-0,"""화장실이 깨끗해요""",20,257명
50,서울숲,서울 성동구 뚝섬로 273-0,"""규모가 커요""",19,257명
51,서울숲,서울 성동구 뚝섬로 273-0,"""반려동물과 가기 좋아요""",18,257명
52,서울숲,서울 성동구 뚝섬로 273-0,"""편의시설이 잘 되어있어요""",17,257명
53,서울숲,서울 성동구 뚝섬로 273-0,"""아이와 가기 좋아요""",17,257명
54,서울숲,서울 성동구 뚝섬로 273-0,"""관리가 잘 되어있어요""",12,257명
55,서울숲,서울 성동구 뚝섬로 273-0,"""가격이 합리적이에요""",11,257명
56,서울숲,서울 성동구 뚝섬로 273-0,"""체험 프로그램이 다양해요""",8,257명
57,서울숲,서울 성동구 뚝섬로 273-0,"""관리가 잘 되어있어요""",6,257명
58,서울숲,서울 성동구 뚝섬로 273-0,"""코스가 길어요""",5,257명
59,서울숲,서울 성동구 뚝섬로 273-0,"""신기한 식물이 많아요""",4,257명
60,서울숲,서울 성동구 뚝섬로 273-0,"""먹거리가 풍부해요""",2,257명
61,N서울타워,서울 용산구 남산공원길 105-0,"""뷰가 좋아요""",4021,"5,095명"
62,N서울타워,서울 용산구 남산공원길 105-0,"""야경이 멋져요""",1984,"5,095명"
63,N서울타워,서울 용산구 남산공원길 105-0,"""사진이 잘 나와요""",1864,"5,095명"
64,N서울타워,서울 용산구 남산공원길 105-0,"""산책로가 잘 되어있어요""",1388,"5,095명"
65,N서울타워,서울 용산구 남산공원길 105-0,"""볼거리가 많아요""",1188,"5,095명"
66,N서울타워,서울 용산구 남산공원길 105-0,"""대중교통이 편해요""",565,"5,095명"
67,N서울타워,서울 용산구 남산공원길 105-0,"""근처에 갈 곳이 많아요""",441,"5,095명"
68,N서울타워,서울 용산구 남산공원길 105-0,"""가격이 합리적이에요""",272,"5,095명"
69,N서울타워,서울 용산구 남산공원길 105-0,"""주차하기 편해요""",167,"5,095명"
70,N서울타워,서울 용산구 남산공원길 105-0,"""화장실이 깨끗해요""",84,"5,095명"
71,N서울타워,서울 용산구 남산공원길 105-0,"""시설이 깔끔해요""",72,"5,095명"
72,N서울타워,서울 용산구 남산공원길 105-0,"""아이와 가기 좋아요""",69,"5,095명"
73,N서울타워,서울 용산구 남산공원길 105-0,"""편의시설이 잘 되어있어요""",35,"5,095명"
74,N서울타워,서울 용산구 남산공원길 105-0,"""인테리어가 멋져요""",19,"5,095명"
75,N서울타워,서울 용산구 남산공원길 105-0,"""먹거리가 풍부해요""",13,"5,095명"
76,N서울타워,서울 용산구 남산공원길 105-0,"""컨셉이 독특해요""",6,"5,095명"
77,N서울타워,서울 용산구 남산공원길 105-0,"""체험 프로그램이 다양해요""",5,"5,095명"
78,N서울타워,서울 용산구 남산공원길 105-0,"""반려동물과 가기 좋아요""",3,"5,095명"
79,경복궁,서울 종로구 사직로 161-0,"""사진이 잘 나와요""",778,"1,202명"
80,경복궁,서울 종로구 사직로 161-0,"""볼거리가 많아요""",718,"1,202명"
81,경복궁,서울 종로구 사직로 161-0,"""관리가 잘 되어있어요""",318,"1,202명"
82,경복궁,서울 종로구 사직로 161-0,"""산책로가 잘 되어있어요""",281,"1,202명"
83,경복궁,서울 종로구 사직로 161-0,"""아이와 가기 좋아요""",211,"1,202명"
84,경복궁,서울 종로구 사직로 161-0,"""가격이 합리적이에요""",196,"1,202명"
85,경복궁,서울 종로구 사직로 161-0,"""체험 프로그램이 다양해요""",119,"1,202명"
86,경복궁,서울 종로구 사직로 161-0,"""주차하기 편해요""",117,"1,202명"
87,경복궁,서울 종로구 사직로 161-0,"""뷰가 좋아요""",117,"1,202명"
88,경복궁,서울 종로구 사직로 161-0,"""방문객이 많아요""",113,"1,202명"
89,경복궁,서울 종로구 사직로 161-0,"""설명이 잘 되어있어요""",84,"1,202명"
90,경복궁,서울 종로구 사직로 161-0,"""붐비지 않아요""",81,"1,202명"
91,경복궁,서울 종로구 사직로 161-0,"""규모가 커요""",68,"1,202명"
92,경복궁,서울 종로구 사직로 161-0,"""근처에 갈 곳이 많아요""",21,"1,202명"
93,경복궁,서울 종로구 사직로 161-0,"""야경이 멋져요""",20,"1,202명"
94,경복궁,서울 종로구 사직로 161-0,"""경관이 독특해요""",18,"1,202명"
95,경복궁,서울 종로구 사직로 161-0,"""대중교통이 편해요""",8,"1,202명"
96,경복궁,서울 종로구 사직로 161-0,"""화장실이 깨끗해요""",6,"1,202명"
97,경복궁,서울 종로구 사직로 161-0,"""편의시설이 잘 되어있어요""",4,"1,202명"
98,서울식물원,서울 강서구 마곡동로 161-0,"""신기한 식물이 많아요""",2869,"5,187명"
99,서울식물원,서울 강서구 마곡동로 161-0,"""산책로가 잘 되어있어요""",2752,"5,187명"
100,서울식물원,서울 강서구 마곡동로 161-0,"""볼거리가 많아요""",2661,"5,187명"
101,서울식물원,서울 강서구 마곡동로 161-0,"""사진이 잘 나와요""",1101,"5,187명"
102,서울식물원,서울 강서구 마곡동로 161-0,"""뷰가 좋아요""",862,"5,187명"
103,서울식물원,서울 강서구 마곡동로 161-0,"""화장실이 깨끗해요""",841,"5,187명"
104,서울식물원,서울 강서구 마곡동로 161-0,"""편의시설이 잘 되어있어요""",715,"5,187명"
105,서울식물원,서울 강서구 마곡동로 161-0,"""주차하기 편해요""",680,"5,187명"
106,서울식물원,서울 강서구 마곡동로 161-0,"""가격이 합리적이에요""",641,"5,187명"
107,서울식물원,서울 강서구 마곡동로 161-0,"""대중교통이 편해요""",280,"5,187명"
108,서울식물원,서울 강서구 마곡동로 161-0,"""규모가 커요""",74,"5,187명"
109,서울식물원,서울 강서구 마곡동로 161-0,"""아이와 가기 좋아요""",62,"5,187명"
110,서울식물원,서울 강서구 마곡동로 161-0,"""피크닉하기 좋아요""",28,"5,187명"
111,서울식물원,서울 강서구 마곡동로 161-0,"""컨셉이 독특해요""",6,"5,187명"
112,서울식물원,서울 강서구 마곡동로 161-0,"""인테리어가 멋져요""",5,"5,187명"
113,서울식물원,서울 강서구 마곡동로 161-0,"""체험 프로그램이 다양해요""",5,"5,187명"
114,서울식물원,서울 강서구 마곡동로 161-0,"""반려동물과 가기 좋아요""",3,"5,187명"
115,광장시장,서울 종로구 창경궁로 88-0,"""친절해요""",8,18명
116,광장시장,서울 종로구 창경궁로 88-0,"""볼거리가 많아요""",6,18명
117,광장시장,서울 종로구 창경궁로 88-0,"""방문객이 많아요""",3,18명
118,광장시장,서울 종로구 창경궁로 88-0,"""먹거리가 풍부해요""",3,18명
119,광장시장,서울 종로구 창경궁로 88-0,"""품질이 좋아요""",3,18명
120,광장시장,서울 종로구 창경궁로 88-0,"""종류가 다양해요""",3,18명
121,광장시장,서울 종로구 창경궁로 88-0,"""컨셉이 독특해요""",2,18명
122,광장시장,서울 종로구 창경궁로 88-0,"""가성비가 좋아요""",2,18명
123,광장시장,서울 종로구 창경궁로 88-0,"""분위기가 편안해요""",1,18명
124,광장시장,서울 종로구 창경궁로 88-0,"""야시장이 잘 되어있어요""",1,18명
125,광장시장,서울 종로구 창경궁로 88-0,"""비싼 만큼 가치있어요""",1,18명
126,광장시장,서울 종로구 창경궁로 88-0,"""규모가 커요""",1,18명
127,광장시장,서울 종로구 창경궁로 88-0,"""트렌디해요""",1,18명
128,광화문,서울 종로구 효자로 12 국립고궁박물관,"""사진이 잘 나와요""",126,141명
129,광화문,서울 종로구 효자로 12 국립고궁박물관,"""볼거리가 많아요""",90,141명
130,광화문,서울 종로구 효자로 12 국립고궁박물관,"""방문객이 많아요""",33,141명
131,광화문,서울 종로구 효자로 12 국립고궁박물관,"""야경이 멋져요""",32,141명
132,광화문,서울 종로구 효자로 12 국립고궁박물관,"""관리가 잘 되어있어요""",29,141명
133,광화문,서울 종로구 효자로 12 국립고궁박물관,"""뷰가 좋아요""",25,141명
134,광화문,서울 종로구 효자로 12 국립고궁박물관,"""근처에 갈 곳이 많아요""",24,141명
135,광화문,서울 종로구 효자로 12 국립고궁박물관,"""아이와 가기 좋아요""",22,141명
136,광화문,서울 종로구 효자로 12 국립고궁박물관,"""체험 프로그램이 다양해요""",17,141명
137,광화문,서울 종로구 효자로 12 국립고궁박물관,"""규모가 커요""",16,141명
138,광화문,서울 종로구 효자로 12 국립고궁박물관,"""산책로가 잘 되어있어요""",16,141명
139,광화문,서울 종로구 효자로 12 국립고궁박물관,"""대중교통이 편해요""",14,141명
140,광화문,서울 종로구 효자로 12 국립고궁박물관,"""붐비지 않아요""",13,141명
141,광화문,서울 종로구 효자로 12 국립고궁박물관,"""경관이 독특해요""",12,141명
142,광화문,서울 종로구 효자로 12 국립고궁박물관,"""설명이 잘 되어있어요""",3,141명
143,광화문,서울 종로구 효자로 12 국립고궁박물관,"""가격이 합리적이에요""",3,141명
144,광화문,서울 종로구 효자로 12 국립고궁박물관,"""편의시설이 잘 되어있어요""",1,141명
145,광화문,서울 종로구 효자로 12 국립고궁박물관,"""주차하기 편해요""",1,141명
146,서대문자연사박물관,서울 서대문구 연희로32길 51-0,"""유익해요""",1422,"1,912명"
147,서대문자연사박물관,서울 서대문구 연희로32길 51-0,"""전시 구성이 알차요""",831,"1,912명"
148,서대문자연사박물관,서울 서대문구 연희로32길 51-0,"""아이와 가기 좋아요""",583,"1,912명"
149,서대문자연사박물관,서울 서대문구 연희로32길 51-0,"""전시 테마가 재밌어요""",525,"1,912명"
150,서대문자연사박물관,서울 서대문구 연희로32길 51-0,"""설명이 잘 되어있어요""",392,"1,912명"
151,서대문자연사박물관,서울 서대문구 연희로32길 51-0,"""체험 프로그램이 다양해요""",303,"1,912명"
152,서대문자연사박물관,서울 서대문구 연희로32길 51-0,"""주차하기 편해요""",301,"1,912명"
153,서대문자연사박물관,서울 서대문구 연희로32길 51-0,"""가격이 합리적이에요""",260,"1,912명"
154,서대문자연사박물관,서울 서대문구 연희로32길 51-0,"""공간이 넓어요""",225,"1,912명"
155,서대문자연사박물관,서울 서대문구 연희로32길 51-0,"""사진이 잘 나와요""",91,"1,912명"
156,서대문자연사박물관,서울 서대문구 연희로32길 51-0,"""화장실이 깨끗해요""",4,"1,912명"
157,서대문자연사박물관,서울 서대문구 연희로32길 51-0,"""컨셉이 독특해요""",2,"1,912명"
158,서대문자연사박물관,서울 서대문구 연희로32길 51-0,"""뷰가 좋아요""",2,"1,912명"
159,국립항공박물관,서울 강서구 하늘길 177-0,"""유익해요""",496,790명
160,국립항공박물관,서울 강서구 하늘길 177-0,"""체험 프로그램이 다양해요""",333,790명
161,국립항공박물관,서울 강서구 하늘길 177-0,"""전시 구성이 알차요""",324,790명
162,국립항공박물관,서울 강서구 하늘길 177-0,"""아이와 가기 좋아요""",227,790명
163,국립항공박물관,서울 강서구 하늘길 177-0,"""주차하기 편해요""",166,790명
164,국립항공박물관,서울 강서구 하늘길 177-0,"""설명이 잘 되어있어요""",152,790명
165,국립항공박물관,서울 강서구 하늘길 177-0,"""전시 테마가 재밌어요""",148,790명
166,국립항공박물관,서울 강서구 하늘길 177-0,"""가격이 합리적이에요""",122,790명
167,국립항공박물관,서울 강서구 하늘길 177-0,"""공간이 넓어요""",122,790명
168,국립항공박물관,서울 강서구 하늘길 177-0,"""사진이 잘 나와요""",26,790명
169,국립항공박물관,서울 강서구 하늘길 177-0,"""화장실이 깨끗해요""",3,790명
170,국립항공박물관,서울 강서구 하늘길 177-0,"""컨셉이 독특해요""",2,790명
171,국립항공박물관,서울 강서구 하늘길 177-0,"""뷰가 좋아요""",1,790명
172,송파책박물관,서울 송파구 송파대로37길 77-0,"""주차하기 편해요""",230,299명
173,송파책박물관,서울 송파구 송파대로37길 77-0,"""유익해요""",178,299명
174,송파책박물관,서울 송파구 송파대로37길 77-0,"""공간이 넓어요""",122,299명
175,송파책박물관,서울 송파구 송파대로37길 77-0,"""전시 구성이 알차요""",90,299명
176,송파책박물관,서울 송파구 송파대로37길 77-0,"""아이와 가기 좋아요""",71,299명
177,송파책박물관,서울 송파구 송파대로37길 77-0,"""체험 프로그램이 다양해요""",61,299명
178,송파책박물관,서울 송파구 송파대로37길 77-0,"""전시 테마가 재밌어요""",56,299명
179,송파책박물관,서울 송파구 송파대로37길 77-0,"""가격이 합리적이에요""",52,299명
180,송파책박물관,서울 송파구 송파대로37길 77-0,"""설명이 잘 되어있어요""",39,299명
181,송파책박물관,서울 송파구 송파대로37길 77-0,"""사진이 잘 나와요""",18,299명
182,송파책박물관,서울 송파구 송파대로37길 77-0,"""화장실이 깨끗해요""",1,299명
183,낙산공원,서울 종로구 낙산길 41-0,"""뷰가 좋아요""",96,92명
184,낙산공원,서울 종로구 낙산길 41-0,"""산책로가 잘 되어있어요""",71,92명
185,낙산공원,서울 종로구 낙산길 41-0,"""사진이 잘 나와요""",52,92명
186,낙산공원,서울 종로구 낙산길 41-0,"""관리가 잘 되어있어요""",21,92명
187,낙산공원,서울 종로구 낙산길 41-0,"""볼거리가 많아요""",20,92명
188,낙산공원,서울 종로구 낙산길 41-0,"""붐비지 않아요""",15,92명
189,낙산공원,서울 종로구 낙산길 41-0,"""방문객이 많아요""",13,92명
190,낙산공원,서울 종로구 낙산길 41-0,"""자연 경관이 좋아요""",13,92명
191,낙산공원,서울 종로구 낙산길 41-0,"""편의시설이 잘 되어있어요""",6,92명
192,낙산공원,서울 종로구 낙산길 41-0,"""조용히 쉬기 좋아요""",4,92명
193,낙산공원,서울 종로구 낙산길 41-0,"""화장실이 깨끗해요""",4,92명
194,낙산공원,서울 종로구 낙산길 41-0,"""근처에 갈 곳이 많아요""",2,92명
195,낙산공원,서울 종로구 낙산길 41-0,"""주차하기 편해요""",2,92명
196,낙산공원,서울 종로구 낙산길 41-0,"""반려동물과 가기 좋아요""",2,92명
197,낙산공원,서울 종로구 낙산길 41-0,"""대중교통이 편해요""",2,92명
198,낙산공원,서울 종로구 낙산길 41-0,"""아이와 가기 좋아요""",1,92명
199,낙산공원,서울 종로구 낙산길 41-0,"""가격이 합리적이에요""",1,92명
200,창경궁,서울 종로구 창경궁로 185-0,"""사진이 잘 나와요""",95,130명
201,창경궁,서울 종로구 창경궁로 185-0,"""산책로가 잘 되어있어요""",65,130명
202,창경궁,서울 종로구 창경궁로 185-0,"""볼거리가 많아요""",57,130명
203,창경궁,서울 종로구 창경궁로 185-0,"""관리가 잘 되어있어요""",39,130명
204,창경궁,서울 종로구 창경궁로 185-0,"""붐비지 않아요""",38,130명
205,창경궁,서울 종로구 창경궁로 185-0,"""뷰가 좋아요""",28,130명
206,창경궁,서울 종로구 창경궁로 185-0,"""가격이 합리적이에요""",26,130명
207,창경궁,서울 종로구 창경궁로 185-0,"""아이와 가기 좋아요""",22,130명
208,창경궁,서울 종로구 창경궁로 185-0,"""설명이 잘 되어있어요""",18,130명
209,창경궁,서울 종로구 창경궁로 185-0,"""방문객이 많아요""",9,130명
210,창경궁,서울 종로구 창경궁로 185-0,"""야경이 멋져요""",9,130명
211,창경궁,서울 종로구 창경궁로 185-0,"""근처에 갈 곳이 많아요""",8,130명
212,창경궁,서울 종로구 창경궁로 185-0,"""체험 프로그램이 다양해요""",8,130명
213,창경궁,서울 종로구 창경궁로 185-0,"""규모가 커요""",8,130명
214,창경궁,서울 종로구 창경궁로 185-0,"""경관이 독특해요""",8,130명
215,창경궁,서울 종로구 창경궁로 185-0,"""대중교통이 편해요""",7,130명
216,창경궁,서울 종로구 창경궁로 185-0,"""주차하기 편해요""",3,130명
217,창경궁,서울 종로구 창경궁로 185-0,"""화장실이 깨끗해요""",3,130명
218,창경궁,서울 종로구 창경궁로 185-0,"""반려동물과 가기 좋아요""",1,130명
219,덕수궁,서울 중구 세종대로 99-0,"""사진이 잘 나와요""",310,433명
220,덕수궁,서울 중구 세종대로 99-0,"""볼거리가 많아요""",240,433명
221,덕수궁,서울 중구 세종대로 99-0,"""산책로가 잘 되어있어요""",155,433명
222,덕수궁,서울 중구 세종대로 99-0,"""관리가 잘 되어있어요""",134,433명
223,덕수궁,서울 중구 세종대로 99-0,"""붐비지 않아요""",117,433명
224,덕수궁,서울 중구 세종대로 99-0,"""가격이 합리적이에요""",92,433명
225,덕수궁,서울 중구 세종대로 99-0,"""아이와 가기 좋아요""",68,433명
226,덕수궁,서울 중구 세종대로 99-0,"""뷰가 좋아요""",68,433명
227,덕수궁,서울 중구 세종대로 99-0,"""체험 프로그램이 다양해요""",27,433명
228,덕수궁,서울 중구 세종대로 99-0,"""야경이 멋져요""",25,433명
229,덕수궁,서울 중구 세종대로 99-0,"""방문객이 많아요""",23,433명
230,덕수궁,서울 중구 세종대로 99-0,"""설명이 잘 되어있어요""",22,433명
231,덕수궁,서울 중구 세종대로 99-0,"""대중교통이 편해요""",22,433명
232,덕수궁,서울 중구 세종대로 99-0,"""근처에 갈 곳이 많아요""",16,433명
233,덕수궁,서울 중구 세종대로 99-0,"""경관이 독특해요""",11,433명
234,덕수궁,서울 중구 세종대로 99-0,"""주차하기 편해요""",9,433명
235,덕수궁,서울 중구 세종대로 99-0,"""규모가 커요""",8,433명
236,덕수궁,서울 중구 세종대로 99-0,"""화장실이 깨끗해요""",5,433명
237,덕수궁,서울 중구 세종대로 99-0,"""반려동물과 가기 좋아요""",3,433명
238,덕수궁,서울 중구 세종대로 99-0,"""편의시설이 잘 되어있어요""",2,433명
239,서울생활사박물관,서울 노원구 동일로174길 27-0,"""유익해요""",19,37명
240,서울생활사박물관,서울 노원구 동일로174길 27-0,"""아이와 가기 좋아요""",13,37명
241,서울생활사박물관,서울 노원구 동일로174길 27-0,"""주차하기 편해요""",12,37명
242,서울생활사박물관,서울 노원구 동일로174길 27-0,"""전시 구성이 알차요""",11,37명
243,서울생활사박물관,서울 노원구 동일로174길 27-0,"""설명이 잘 되어있어요""",7,37명
244,서울생활사박물관,서울 노원구 동일로174길 27-0,"""가격이 합리적이에요""",7,37명
245,서울생활사박물관,서울 노원구 동일로174길 27-0,"""체험 프로그램이 다양해요""",7,37명
246,서울생활사박물관,서울 노원구 동일로174길 27-0,"""전시 테마가 재밌어요""",4,37명
247,서울생활사박물관,서울 노원구 동일로174길 27-0,"""공간이 넓어요""",4,37명
248,서울생활사박물관,서울 노원구 동일로174길 27-0,"""사진이 잘 나와요""",3,37명
249,서래마을,서울 서초구 반포4동,"""친절해요""",56,104명
250,서래마을,서울 서초구 반포4동,"""자연 경관이 좋아요""",19,104명
251,서래마을,서울 서초구 반포4동,"""가격이 합리적이에요""",15,104명
252,서래마을,서울 서초구 반포4동,"""먹거리가 풍부해요""",14,104명
253,서래마을,서울 서초구 반포4동,"""관리가 잘 되어있어요""",14,104명
254,서래마을,서울 서초구 반포4동,"""볼거리가 많아요""",12,104명
255,서래마을,서울 서초구 반포4동,"""주차하기 편해요""",9,104명
256,서래마을,서울 서초구 반포4동,"""유익해요""",8,104명
257,서래마을,서울 서초구 반포4동,"""화장실이 깨끗해요""",6,104명
258,서래마을,서울 서초구 반포4동,"""체험 프로그램이 다양해요""",3,104명
259,서래마을,서울 서초구 반포4동,"""붐비지 않아요""",2,104명
260,서래마을,서울 서초구 반포4동,"""아이와 가기 좋아요""",1,104명
261,북촌한옥마을,서울 종로구 계동길 37,"""뷰가 좋아요""",52,55명
262,북촌한옥마을,서울 종로구 계동길 37,"""사진이 잘 나와요""",43,55명
263,북촌한옥마을,서울 종로구 계동길 37,"""볼거리가 많아요""",33,55명
264,북촌한옥마을,서울 종로구 계동길 37,"""방문객이 많아요""",33,55명
265,북촌한옥마을,서울 종로구 계동길 37,"""산책로가 잘 되어있어요""",15,55명
266,북촌한옥마을,서울 종로구 계동길 37,"""먹거리가 풍부해요""",12,55명
267,북촌한옥마을,서울 종로구 계동길 37,"""관리가 잘 되어있어요""",8,55명
268,북촌한옥마을,서울 종로구 계동길 37,"""붐비지 않아요""",6,55명
269,북촌한옥마을,서울 종로구 계동길 37,"""근처에 갈 곳이 많아요""",5,55명
270,북촌한옥마을,서울 종로구 계동길 37,"""규모가 커요""",4,55명
271,북촌한옥마을,서울 종로구 계동길 37,"""피크닉하기 좋아요""",2,55명
272,북촌한옥마을,서울 종로구 계동길 37,"""트렌디해요""",2,55명
273,북촌한옥마을,서울 종로구 계동길 37,"""편의시설이 잘 되어있어요""",1,55명
274,북촌한옥마을,서울 종로구 계동길 37,"""조용히 쉬기 좋아요""",1,55명
275,북촌한옥마을,서울 종로구 계동길 37,"""아이와 가기 좋아요""",1,55명
276,북촌한옥마을,서울 종로구 계동길 37,"""가격이 합리적이에요""",1,55명
277,북촌한옥마을,서울 종로구 계동길 37,"""체험 프로그램이 다양해요""",1,55명
278,북촌한옥마을,서울 종로구 계동길 37,"""대중교통이 편해요""",1,55명
279,북촌한옥마을,서울 종로구 계동길 37,"""자연 경관이 좋아요""",1,55명
280,북촌한옥마을,서울 종로구 계동길 37,"""유익해요""",1,55명
281,숭례문,서울 중구 세종대로 40-0,"""사진이 잘 나와요""",91,113명
282,숭례문,서울 중구 세종대로 40-0,"""붐비지 않아요""",49,113명
283,숭례문,서울 중구 세종대로 40-0,"""관리가 잘 되어있어요""",38,113명
284,숭례문,서울 중구 세종대로 40-0,"""볼거리가 많아요""",30,113명
285,숭례문,서울 중구 세종대로 40-0,"""뷰가 좋아요""",15,113명
286,숭례문,서울 중구 세종대로 40-0,"""산책로가 잘 되어있어요""",11,113명
287,숭례문,서울 중구 세종대로 40-0,"""아이와 가기 좋아요""",10,113명
288,숭례문,서울 중구 세종대로 40-0,"""가격이 합리적이에요""",10,113명
289,숭례문,서울 중구 세종대로 40-0,"""대중교통이 편해요""",10,113명
290,숭례문,서울 중구 세종대로 40-0,"""근처에 갈 곳이 많아요""",9,113명
291,숭례문,서울 중구 세종대로 40-0,"""야경이 멋져요""",9,113명
292,숭례문,서울 중구 세종대로 40-0,"""설명이 잘 되어있어요""",8,113명
293,숭례문,서울 중구 세종대로 40-0,"""주차하기 편해요""",8,113명
294,숭례문,서울 중구 세종대로 40-0,"""체험 프로그램이 다양해요""",7,113명
295,숭례문,서울 중구 세종대로 40-0,"""경관이 독특해요""",5,113명
296,숭례문,서울 중구 세종대로 40-0,"""방문객이 많아요""",3,113명
297,숭례문,서울 중구 세종대로 40-0,"""화장실이 깨끗해요""",3,113명
298,숭례문,서울 중구 세종대로 40-0,"""편의시설이 잘 되어있어요""",1,113명
299,숭례문,서울 중구 세종대로 40-0,"""규모가 커요""",1,113명
300,탑골공원,서울 종로구 종로 99-0,"""뷰가 좋아요""",9,18명
301,탑골공원,서울 종로구 종로 99-0,"""산책로가 잘 되어있어요""",6,18명
302,탑골공원,서울 종로구 종로 99-0,"""붐비지 않아요""",5,18명
303,탑골공원,서울 종로구 종로 99-0,"""사진이 잘 나와요""",4,18명
304,탑골공원,서울 종로구 종로 99-0,"""볼거리가 많아요""",3,18명
305,탑골공원,서울 종로구 종로 99-0,"""관리가 잘 되어있어요""",3,18명
306,탑골공원,서울 종로구 종로 99-0,"""방문객이 많아요""",2,18명
307,탑골공원,서울 종로구 종로 99-0,"""유익해요""",2,18명
308,탑골공원,서울 종로구 종로 99-0,"""조용히 쉬기 좋아요""",1,18명
309,탑골공원,서울 종로구 종로 99-0,"""가격이 합리적이에요""",1,18명
310,탑골공원,서울 종로구 종로 99-0,"""자연 경관이 좋아요""",1,18명
311,탑골공원,서울 종로구 종로 99-0,"""화장실이 깨끗해요""",1,18명
312,남산골한옥마을,서울 중구 퇴계로34길 28-0,"""체험 프로그램이 다양해요""",236,329명
313,남산골한옥마을,서울 중구 퇴계로34길 28-0,"""아이와 가기 좋아요""",176,329명
314,남산골한옥마을,서울 중구 퇴계로34길 28-0,"""사진이 잘 나와요""",175,329명
315,남산골한옥마을,서울 중구 퇴계로34길 28-0,"""볼거리가 많아요""",142,329명
316,남산골한옥마을,서울 중구 퇴계로34길 28-0,"""산책로가 잘 되어있어요""",101,329명
317,남산골한옥마을,서울 중구 퇴계로34길 28-0,"""설명이 잘 되어있어요""",94,329명
318,남산골한옥마을,서울 중구 퇴계로34길 28-0,"""가격이 합리적이에요""",85,329명
319,남산골한옥마을,서울 중구 퇴계로34길 28-0,"""관리가 잘 되어있어요""",76,329명
320,남산골한옥마을,서울 중구 퇴계로34길 28-0,"""붐비지 않아요""",61,329명
321,남산골한옥마을,서울 중구 퇴계로34길 28-0,"""뷰가 좋아요""",51,329명
322,남산골한옥마을,서울 중구 퇴계로34길 28-0,"""대중교통이 편해요""",18,329명
323,남산골한옥마을,서울 중구 퇴계로34길 28-0,"""근처에 갈 곳이 많아요""",16,329명
324,남산골한옥마을,서울 중구 퇴계로34길 28-0,"""방문객이 많아요""",11,329명
325,남산골한옥마을,서울 중구 퇴계로34길 28-0,"""경관이 독특해요""",11,329명
326,남산골한옥마을,서울 중구 퇴계로34길 28-0,"""화장실이 깨끗해요""",9,329명
327,남산골한옥마을,서울 중구 퇴계로34길 28-0,"""주차하기 편해요""",3,329명
328,남산골한옥마을,서울 중구 퇴계로34길 28-0,"""규모가 커요""",3,329명
329,남산골한옥마을,서울 중구 퇴계로34길 28-0,"""편의시설이 잘 되어있어요""",2,329명
330,남산골한옥마을,서울 중구 퇴계로34길 28-0,"""야경이 멋져요""",2,329명
331,남산골한옥마을,서울 중구 퇴계로34길 28-0,"""반려동물과 가기 좋아요""",1,329명
332,하늘공원,서울 마포구 하늘공원로 95-0,"""산책로가 잘 되어있어요""",394,681명
333,하늘공원,서울 마포구 하늘공원로 95-0,"""뷰가 좋아요""",323,681명
334,하늘공원,서울 마포구 하늘공원로 95-0,"""사진이 잘 나와요""",232,681명
335,하늘공원,서울 마포구 하늘공원로 95-0,"""볼거리가 많아요""",199,681명
336,하늘공원,서울 마포구 하늘공원로 95-0,"""피크닉하기 좋아요""",190,681명
337,하늘공원,서울 마포구 하늘공원로 95-0,"""편의시설이 잘 되어있어요""",59,681명
338,하늘공원,서울 마포구 하늘공원로 95-0,"""주차하기 편해요""",54,681명
339,하늘공원,서울 마포구 하늘공원로 95-0,"""대중교통이 편해요""",41,681명
340,하늘공원,서울 마포구 하늘공원로 95-0,"""가격이 합리적이에요""",40,681명
341,하늘공원,서울 마포구 하늘공원로 95-0,"""화장실이 깨끗해요""",40,681명
342,하늘공원,서울 마포구 하늘공원로 95-0,"""아이와 가기 좋아요""",7,681명
343,하늘공원,서울 마포구 하늘공원로 95-0,"""반려동물과 가기 좋아요""",7,681명
344,하늘공원,서울 마포구 하늘공원로 95-0,"""규모가 커요""",7,681명
345,하늘공원,서울 마포구 하늘공원로 95-0,"""방문객이 많아요""",3,681명
346,하늘공원,서울 마포구 하늘공원로 95-0,"""관리가 잘 되어있어요""",3,681명
347,하늘공원,서울 마포구 하늘공원로 95-0,"""조용히 쉬기 좋아요""",3,681명
348,하늘공원,서울 마포구 하늘공원로 95-0,"""붐비지 않아요""",2,681명
349,하늘공원,서울 마포구 하늘공원로 95-0,"""근처에 갈 곳이 많아요""",1,681명
350,하늘공원,서울 마포구 하늘공원로 95-0,"""신기한 식물이 많아요""",1,681명
351,하늘공원,서울 마포구 하늘공원로 95-0,"""경관이 독특해요""",1,681명
352,청와대,서울 종로구 청와대로 1-0,,,
353,동대문디자인플라자,서울 중구 을지로 281-0,,,
