,Attraction,tag_word_N,nature,history,experience,theme,culture,shop_etc,max,type
0,동대문역사문화공원,"['산책', '발도장', '플라자', '여행가', '가족', '코스', '동대문역', '화공', '패션', '데이트', '공간', '곳', '는달', '관광지', '길', '동대문운동장', '연인', '디자인', '친구', '여행', '동대문', '걷기', '신당동', '휴식', '산책길', '거리', '사계절', '여행지']",0,0,3,2,1,2,3,experience
1,서울식물원,"['산책', '발도장', '여행가', '피하', '가족', '교육', '공간', '힐링', '는달', '관광지', '연인', '실내', '식물원', '미세먼지', '여행', '자연환경', '자연', '휴식', '곳', '아이', '여행지']",4,1,1,0,0,0,4,nature
2,N서울타워,"['남산타워', '발도장', '여행가', '관광', '한국', '가족', '명소', '코스', '홀로', '데이트', '전망', '사계절', '곳', '전망대', '는달', '관광지', '근교', '연인', '선', '친구', '여행', '남산', '타워', '수도권', '당일치기', '도심', '서울', '나', '아이', '여행지', '야간']",0,0,0,6,0,0,6,theme
3,서울숲,"['발도장', '여행가', '관광', '한국', '가족', '코스', '연중', '데이트', '무', '공간', '는달', '생태관광', '관광지', '반려동물', '연인', '선', '여행', '피크닉', '수도권', '서울숲', '휴식', '곳', '아이', '여행지']",3,0,1,0,0,0,3,nature
4,경복궁,"['발도장', '여행가', '관광', '한국', '유적지', '가족', '경복궁', '코스', '인생', '문화', '체험', '교과서', '통역사', '샷', '는달', '관광지', '근교', '연인', '선', '친구', '여행', '종로', '역사', '수도권', '당일치기', '투어', '고궁', '서울', '곳', '아이', '여행지']",0,5,1,0,1,0,5,history
5,롯데월드 어드벤처,"['발도장', '여행가', '관광', '한국', '테마', '공원', '가족', '코스', '핫', '레이스', '데이트', '월드', '놀이', '는달', '어드벤처', '관광지', '근교', '연인', '선', '친구', '여행', '크리스마스', '수도권', '롯데', '당일치기', '놀이동산', '파크', '서울', '곳', '아이', '여행지']",0,0,0,3,0,0,3,theme
6,창덕궁,"['발도장', '유네스코', '여행가', '관광', '한국', '유적지', '코스', '역사탐방', '데이트', '문화재', '는달', '세계', '창덕궁', '공부', '관광지', '연인', '선', '여행', '이야기', '역사', '수도권', '후원', '속', '탐험', '문화유산', '유적', '곳', '여행지']",0,7,1,0,2,0,7,history
7,덕수궁,"['발도장', '여행가', '관광', '한국', '유적지', '가족', '문화', '체험', '교과서', '한복', '는달', '덕수궁', '관광지', '근교', '연인', '선', '친구', '여행', '역사', '수도권', '전통', '과거', '당일치기', '궁궐', '고궁', '서울', '아이', '여행지']",0,7,2,0,1,0,7,history
8,선정릉,"['발도장', '유네스코', '여행가', '유적지', '선릉', '가족', '정현왕후', '문화', '체험', '정릉', '교과서', '역사탐방', '통역사', '중종', '문화재', '왕릉', '는달', '세계', '공부', '관광지', '조선왕릉', '여행', '친구', '선정릉', '역사', '속', '문화유산', '서울', '곳', '아이', '여행지', '성종']",0,14,1,0,3,0,14,history
9,롯데월드타워 서울스카이,"['발도장', '여행가', '관광', '한국', '가족', '인생', '커플', '데이트', '월드', '전망', '곳', '샷', '전망대', '스카이', '는달', '관광지', '장소', '선', '실내', '연인', '여행', '타워', '수도권', '롯데', '투어', '경치', '서울', '사계절', '아이', '여행지', '야간', '야경']",1,0,0,5,0,0,5,theme
10,마포구하늘공원,"['산책', '발도장', '여행가', '하늘', '노소', '공원', '남녀', '명소', '군락', '풍경', '억새', '자', '는달', '연속', '관광지', '여행', '자연환경', '월드컵', '자연', '휴식', '곳', '아이', '여행지', '야경']",5,0,1,2,0,0,5,nature
11,동대문종합시장,"['쇼핑', '발도장', '종합', '여행가', '친구', '여행', '시장', '타운', '는달', '동대문', '여행지', '야간']",0,0,0,1,0,2,2,shop_etc
12,북촌한옥마을,"['마을', '발도장', '여행가', '나', '가족', '코스', '북촌', '홀로', '데이트', '는달', '옥', '관광지', '근교', '연인', '친구', '여행', '역사', '가옥', '전통', '당일치기', '도심', '서울', '사계절', '아이', '여행지']",0,2,0,2,0,0,2,history / theme
13,낙산공원,"['발도장', '여행가', '관광', '공원', '가족', '코스', '나들이', '체험학습', '데이트', '성곽', '힐링', '는달', '관광지', '연인', '선', '친구', '여행', '종로', '수도권', '걷기', '낙산', '드라이브', '서울', '아이', '여행지', '야간', '야경']",1,1,2,2,0,0,2,experience / theme
14,국립중앙박물관,"['시설', '발도장', '여행가', '피하', '가족', '나들이', '박물관', '중앙', '문화', '체험', '체험학습', '국립', '는달', '관광지', '실내', '미세먼지', '여행', '친구', '역사', '수도권', '전통', '어린이날', '투어', '전시관', '곳', '아이', '여행지']",1,2,2,0,3,0,3,culture
15,광화문,"['발도장', '여행가', '관광', '한국', '유적지', '가족', '경복궁', '문화', '체험', '교과서', '커플', '광장', '데이트', '통역사', '문화재', '는달', '관광지', '근교', '연인', '선', '친구', '여행', '종로', '역사', '장교', '속', '당일치기', '탐험', '광화문', '서울', '곳', '아이', '여행지']",0,6,2,0,2,0,6,history
16,창경궁,"['발도장', '여행가', '관광', '한국', '유적지', '가족', '인생', '문화', '체험', '교과서', '샷', '는달', '관광지', '근교', '연인', '선', '친구', '여행', '역사', '수도권', '전통', '당일치기', '궁궐', '고궁', '창경궁', '서울', '아이', '여행지']",0,7,1,0,1,0,7,history
17,스타필드 코엑스몰,"['쇼핑', '발도장', '무', '여행가', '관광', '한국', '선', '코엑스몰', '코엑스', '강남', '수도권', '는달', '서울', '필드', '연중', '크리스마스', '여행지', '스타']",0,0,1,0,0,2,2,shop_etc
18,석촌호수,"['산책', '발도장', '여행가', '관광', '공원', '코스', '나루', '숲', '월드', '공간', '잠실', '힐링', '는달', '벚꽃', '석촌호수', '관광지', '길', '연인', '선', '여행', '조깅', '롯데', '투어', '자연', '휴식', '송파', '산책길', '곳', '아이', '여행지', '야간', '야경']",4,0,2,2,0,0,4,nature
19,화랑대 철도공원,"['산책', '불빛', '발도장', '여행가', '공원', '화랑대역', '명소', '코스', '이색', '철도', '경춘선', '체험', '커플', '데이트', '공간', '정원', '는달', '화랑대', '관광지', '연인', '여행', '숲길', '휴식', '산책길', '곳', '여행지', '야경']",2,1,4,2,0,0,4,experience
20,청계천,"['산책', '관광', '가족', '코스', '나들이', '청계천', '체험학습', '데이트', '힐링', '관광지', '연인', '선', '친구', '여행', '수도권', '드라이브', '산책길', '곳', '아이', '야간']",1,0,3,1,0,0,3,experience
21,서래마을,"['마을', '산책', '서울', '노소', '남녀', '이색', '문화', '풍식', '체험', '커플', '데이트', '식당', '관광지', '프랑스', '연인', '친구', '여행', '유럽', '학교', '도심', '마포', '거리', '곳']",0,0,3,2,1,0,3,experience
22,경희궁,"['발도장', '여행가', '관광', '한국', '유적지', '경희궁', '가족', '박물관', '문화', '체험', '교과서', '는달', '경희궁지', '관광지', '근교', '연인', '선', '서울역', '친구', '여행', '역사', '수도권', '전통', '당일치기', '궁궐', '투어', '고궁', '서울', '아이', '여행지']",0,8,1,0,2,0,8,history
23,서울로 7017,"['산책', '발도장', '여행가', '관광', '한국', '나', '코스', '인생', '핫', '레이스', '홀로', '데이트', '전망', '샷', '는달', '관광지', '연인', '선', '친구', '여행', '전시', '행사', '도심', '서울', '곳', '여행지', '야간']",0,0,1,2,2,0,2,theme / culture
24,돈의문박물관마을,"['마을', '시설', '발도장', '사진촬영', '여행가', '노소', '부모님', '찍기', '마켓', '남녀', '명소', '이색', '교육', '박물관', '문화', '체험', '돈의문', '서대문역', '추억', '는달', '사진', '시간여행', '반려동물', '여행', '수도권', '전시', '감성', '서울', '곳', '아이', '여행지']",0,2,6,3,3,1,6,experience
25,덕수궁 돌담길,"['산책', '발도장', '여행가', '관광', '가족', '체험', '연중', '커플', '데이트', '무', '는달', '덕수궁', '추천', '길', '관광지', '돌담', '장소', '선', '친구', '여행', '수도권', '걷기', '고궁', '서울', '곳', '여행지', '야간']",0,2,3,1,0,0,3,experience
26,망원시장,"['발도장', '여행가', '가족', '코스', '나들이', '체험학습', '홀로', '시장', '망원', '데이트', '힐링', '는달', '연인', '친구', '여행', '수도권', '전통', '먹거리', '쇼핑', '투어', '맛집', '나', '아이', '여행지']",0,1,1,0,0,2,2,shop_etc
27,여의도한강공원,"['산책', '자전거여행', '발도장', '여행가', '여의도', '공원', '코스', '나들이', '데이트', '한강', '는달', '추천', '관광지', '지구', '예보', '연인', '시민', '친구', '여행', '피크닉', '조깅', '투어', '도심', '여행지', '야경']",3,0,1,2,0,0,3,nature
28,남산골한옥마을,"['마을', '발도장', '여행가', '노소', '남녀', '가족', '이색', '체험', '프로그램', '체험학습', '한복', '는달', '옥', '관광지', '연인', '친구', '여행', '남산', '수도권', '전통', '도심', '아이', '여행지', '골']",0,1,4,1,0,0,4,experience
29,경의선숲길,"['산책', '숲길', '데이트', '트럴', '포츠', '곳', '경의선', '마포구', '연남동', '여행', '코스', '명소', '도심', '홍대', '파크', '주말', '레']",1,0,1,2,0,0,2,theme
30,서울공예박물관,"['시설', '발도장', '여행가', '노소', '남녀', '구독', '공예품', '체험', '문화', '공간', '자료', '는달', '공예', '여행', '전통', '민속', '터', '아이', '여행지']",0,2,2,0,3,0,3,culture
31,AK PLAZA 홍대,"['쇼핑', '발도장', '여행가', '쇼핑몰', '홍대', '는달', '여행지']",0,0,0,0,0,2,2,shop_etc
32,서대문형무소역사관,"['시설', '발도장', '여행가', '관광', '한국', '민족', '피하', '가족', '서대문형무소', '주년', '문화', '박물관', '체험', '교과서', '운동', '역사관', '체험학습', '독립운동', '는달', '추천', '관광지', '항일', '연인', '선', '실내', '미세먼지', '여행', '친구', '역사', '수도권', '전통', '전시관', '아이', '여행지']",1,8,2,0,3,0,8,history
33,광장시장,"['관광', '가족', '광장시장', '나들이', '코스', '시장', '홀로', '데이트', '연인', '선', '친구', '여행', '수도권', '전통', '먹거리', '쇼핑', '투어', '도심', '맛집', '나', '아이', '야간']",0,1,0,1,0,3,3,shop_etc
34,반포대교 달빛무지개분수,"['발도장', '여행가', '찍기', '코스', '맛', '데이트', '무지개분수', '는달', '관광지', '사진', '연인', '친구', '감성', '반포대교', '투어', '달빛', '경치', '서울', '곳', '여행지', '야경']",2,0,1,2,0,0,2,nature / theme
35,세빛섬,"['발도장', '여행가', '관광', '가족', '코스', '나들이', '영화', '데이트', '공간', '한강', '는달', '세빛둥둥섬', '관광지', '세빛', '선', '연인', '친구', '여행', '피크닉', '수도권', '드라마', '촬영', '투어', '섬', '휴식', '도심', '경치', '서울', '곳', '여행지', '야간', '야경']",6,0,3,2,0,0,6,nature
36,북악팔각정,"['전경', '발도장', '여행가', '팔각정', '관광', '선', '여행', '전망대', '도심', '야간', '북악', '스카이', '는달', '서울', '수도권', '여행지', '관광지', '야경']",0,1,0,3,0,0,3,theme
37,월드컵공원,"['산책', '발도장', '월드컵', '여행가', '공간', '연인', '공원', '가족', '여행', '피크닉', '휴식', '수도권', '는달', '곳', '아이', '여행지', '관광지']",1,0,1,0,0,0,1,nature / experience
38,올림픽공원,"['발도장', '여행가', '공원', '가족', '코스', '나들이', '경기장', '핸드볼', '홀로', '데이트', '사계절', '잠실', '는달', '관광지', '송파구', '올림픽', '근교', '연인', '친구', '여행', '피크닉', '조깅', '몽촌토성', '걷기', '당일치기', '도심', '서울', '나', '아이', '여행지']",2,1,2,0,0,0,2,nature / experience
39,몽촌토성,"['관광', '유적지', '몽촌역사관', '공원', '가족', '박물관', '문화', '교과서', '문화재', '공부', '백제', '관광지', '토성', '올림픽', '여행', '이야기', '역사', '몽촌토성', '수도권', '속', '몽촌', '탐험', '유적', '곳', '아이']",0,10,1,0,2,0,10,history
40,서대문자연사박물관,"['체험학습', '관람', '시설', '자연사', '친구', '여행', '가족', '나들이', '서대문', '문화', '단체', '박물관', '아이']",0,1,1,0,3,0,3,culture
41,푸른수목원,"['서울시', '항동', '서울', '푸른', '호', '식물원', '수목원', '공립', '자연', '나들이', '최초', '시립', '산책로', '가을', '자연환경', '관광지', '철길']",4,0,1,1,0,0,4,nature
42,송파책박물관,"['체험학습', '시설', '관람', '책', '어린이', '실', '교육', '문화', '체험', '독서', '송파', '박물관', '전시', '곳', '아이']",0,1,3,0,4,0,4,culture
43,숭례문,"['발도장', '여행가', '유적지', '체험', '교과서', '문화재', '남대문', '숭례문', '는달', '관광지', '호', '여행', '역사', '수도권', '국보', '서울', '곳', '아이', '여행지']",0,7,1,0,0,0,7,history
44,와룡공원,"['산책', '도시', '공원', '가족', '코스', '나들이', '린', '자연', '와룡', '서울', '곳', '종로구', '관광지']",1,0,1,0,0,0,1,nature / experience
45,방학동도깨비시장,"['도깨비', '코스', '나들이', '이색', '체험', '문화', '체험학습', '시장', '홀로', '데이트', '통역사', '힐링', '황학동', '만물', '연인', '친구', '여행', '수도권', '전통', '쇼핑', '투어', '나', '아이', '벼룩시장']",0,1,3,0,1,3,3,experience / shop_etc
46,몽마르뜨공원,"['산책', '마을', '몽마', '르뜨', '공간', '공원', '가족', '휴식', '여행', '힐링', '마포', '산책길', '곳', '관광지']",0,0,2,1,0,0,2,experience
47,이순신장군동상,"['산책', '광장', '체험학습', '이순신', '노소', '동상', '광화문', '여행', '남녀', '도심', '이야기', '역사', '수도권', '교과서', '곳', '충무공', '아이', '관광지']",0,6,2,0,1,0,6,history
48,롯데월드몰,"['한류', '피하', '코스', '문화', '데이트', '월드', '공간', '잠실', '전망대', '관광지', '복합', '실내', '미세먼지', '여행', '타워', '수도권', '롯데', '쇼핑', '행사', '도심', '여행지']",1,0,0,2,3,1,3,culture
49,인왕산,"['울산', '산', '자하문', '인왕산', '공원', '등산', '자연', '트레킹', '수도권', '인왕제색도', '사직', '관광지']",6,1,0,0,0,0,6,nature
50,한강시민공원 뚝섬지구,"['자전거여행', '공원', '나들이', '공간', '한강', '뚝섬', '관광지', '지구', '연인', '시민', '친구', '여행', '피크닉', '조깅', '투어', '휴식', '도심', '곳', '야경']",4,0,0,2,0,0,4,nature
51,종묘,"['유네스코', '유적지', '가족', '문화', '체험', '교과서', '통역사', '세계', '관광지', '근교', '친구', '여행', '종로', '역사', '당일치기', '문화유산', '종묘', '서울', '곳', '아이']",0,4,1,0,3,0,4,history
52,불암산,"['휴양', '불암산', '당일치기', '등산로', '근교', '연인', '곳', '등산', '친구', '여행', '가족', '자연', '힐링', '서울', '사계절', '아이', '관광지']",4,0,0,0,0,1,4,nature
53,통인시장,"['가족', '코스', '나들이', '체험학습', '시장', '홀로', '통인시장', '데이트', '유료', '주차', '카페', '근교', '연인', '친구', '여행', '수도권', '전통', '통인', '먹거리', '쇼핑', '투어', '도시락', '서울', '맛집', '나', '아이']",0,1,1,0,0,3,3,shop_etc
54,청와대사랑채,"['시설', '기념관', '가족', '이색', '문화', '체험', '교과서', '체험학습', '채', '사랑', '청와대', '실내', '친구', '여행', '역사', '도심', '전시관', '사계절', '아이', '여행지']",0,3,3,0,2,0,3,history / experience
55,반포한강공원,"['자전거여행', '관광', '공원', '나들이', '인생', '공간', '샷', '한강', '관광지', '반포', '연인', '선', '친구', '여행', '피크닉', '조깅', '수도권', '투어', '휴식', '도심', '곳', '야간', '야경']",3,0,0,3,0,0,3,nature / theme
56,탑골공원,"['공원', '탑골', '드라이브', '여행', '가족', '나들이', '친구', '수도권', '주말', '추천', '아이', '여행지', '관광지']",0,0,0,0,0,0,0,theme
57,남대문 문구상가,"['학용품', '사무', '시장', '남대문시장', '용품', '추억', '외국인', '남대문', '포장', '추천', '친구', '여행', '문구', '문구점', '쇼핑', '카메라', '할인점', '거리', '상가']",0,1,1,1,0,6,6,shop_etc
58,서울어린이대공원,"['테마', '공원', '가족', '나들이', '휴양', '동물원', '힐링', '관광지', '근교', '연인', '친구', '여행', '어린이', '피크닉', '걷기', '당일치기', '놀이동산', '파크', '서울', '사계절', '아이']",1,0,1,4,0,1,4,theme
59,섬세이 테라리움,"['시설', '데이트', '성수', '서울숲', '테라', '섬세', '이색', '문화', '체험', '서울', '전시', '리움']",1,0,2,0,2,0,2,experience / culture
60,목인박물관 목석원,"['시설', '공간', '복합', '창작', '창작물', '여행', '문화', '활동', '창작품', '예술', '화공', '종합예술']",0,0,0,0,7,0,7,culture
61,용마폭포공원,"['산책', '무', '공간', '폭포', '공원', '중랑구', '면목동', '자연', '나들이', '용마산', '여행', '휴식', '산책길', '수도권', '연중', '곳', '자연환경', '관광지']",4,0,2,0,0,0,4,nature
62,국립민속박물관&국립민속박물관 어린이박물관,"['관광', '한국', '가족', '이색', '교육', '박물관', '체험', '프로그램', '추석', '국립', '산업', '관광지', '여행', '어린이', '이야기', '역사', '전통', '속', '당일치기', '민속', '광화문', '서울', '아이']",0,4,3,0,1,0,4,history
63,서울 운현궁,"['속', '탐험', '운현궁', '통역사', '유적지', '공부', '여행', '이야기', '문화재', '역사', '수도권', '서울', '곳', '역사탐방', '아이', '관광지']",0,6,1,0,0,0,6,history
64,여의도샛강생태공원,"['여의도', '샛강', '공원', '생태', '친구', '여행', '가족', '도심', '나들이', '자연', '강변', '생태관광', '여의', '관광지']",5,0,0,0,0,0,5,nature
65,난지한강공원,"['캠핑', '공원', '코스', '나들이', '수영장', '물놀이', '문화', '연중', '민공', '화공', '데이트', '무', '공간', '한강', '관광지', '난', '지구', '복합', '캠핑장', '연인', '여행', '피크닉', '휴식', '도심', '마포', '곳']",2,0,2,2,2,0,2,nature / experience / theme / culture
66,국립항공박물관,"['시설', '속', '프로그램', '국립', '여행', '이야기', '이색', '교육', '박물관', '문화', '항공', '역사', '체험', '아이']",0,2,2,0,2,0,2,history / experience / culture
67,경동시장,"['가족', '코스', '나들이', '체험학습', '시장', '홀로', '데이트', '힐링', '연인', '친구', '여행', '동시', '수도권', '전통', '로컬', '먹거리', '쇼핑', '터', '투어', '맛집', '나', '아이']",0,2,1,0,0,2,2,history / shop_etc
68,용산가족공원,"['서울', '공원', '용산', '가족', '나들이', '미군기지', '휴양', '힐링', '관광지', '반려동물', '근교', '연인', '친구', '여행', '피크닉', '수도권', '걷기', '당일치기', '태극기', '사계절', '아이', '여행지']",1,0,2,1,0,1,2,experience
69,서서울호수공원,"['휴양', '미술관', '당일치기', '호수', '사계절', '공원', '연인', '친구', '여행', '가족', '나들이', '피크닉', '자연', '힐링', '서울', '걷기', '아이', '관광지']",3,0,1,0,1,1,3,nature
70,무수아취,"['캠핑', '도봉구', '가족', '구독', '전문점', '바비큐', '음식', '식당', '글램핑', '셀프', '친구', '여행', '감성', '도봉', '터', '서울', '맛집', '곳', '바베큐']",0,1,4,0,0,0,4,experience
71,서울함공원,"['수호', '테마', '공원', '가족', '이색', '교육', '체험', '해양', '공간', '힐링', '한강', '군함', '관광지', '여행', '이야기', '역사', '퇴역', '속', '버스킹', '함', '휴식', '마포', '파크', '서울', '곳', '아이']",1,2,2,4,0,0,4,theme
72,헬로우 에이피엠 (Hello apm),"['쇼핑', '쇼핑몰', '친구', '외국인', '멀티', '추천', '패션']",0,0,0,0,0,3,3,shop_etc
73,키자니아 서울,"['키자니아', '관광', '테마', '피하', '실내', '미세먼지', '여행', '도심', '이색', '체험', '파크', '아이', '여행지', '관광지', '직업']",1,0,2,2,0,1,2,experience / theme
74,배봉산,"['산책', '노소', '등산', '남녀', '코스', '풍경', '산', '자', '힐링', '구산', '연속', '관광지', '여행', '근처', '시립대', '동대문', '자연환경', '배봉산', '보행', '자연', '휴식', '둘레길', '산책길', '데크', '서울', '곳', '아이', '동대문구']",7,0,3,0,0,0,7,nature
75,만해한용운심우장,"['속', '탐험', '유적지', '가족', '이야기', '문화재', '역사', '아이', '곳', '역사탐방', '공부', '관광지']",0,5,1,0,0,0,5,history
76,독립문,"['유적지', '공원', '서대문', '건물', '연중', '교과서', '역사탐방', '무', '독립', '협회', '개선문', '독립문', '문화재', '최초', '공부', '관광지', '프랑스', '여행', '역사', '수도권', '속', '탐험', '양식', '유적', '곳']",0,11,1,0,0,0,11,history
77,전쟁기념관,"['시설', '전쟁사', '피하', '용산', '가족', '문화', '박물관', '체험', '교과서', '체험학습', '관광지', '실내', '미세먼지', '여행', '전쟁기념관', '역사', '전통', '도심', '아이', '여행지']",1,5,2,0,2,0,5,history
78,서울 중부시장,"['가족', '코스', '나들이', '시장', '홀로', '데이트', '부시장', '연인', '친구', '여행', '수도권', '전통', '먹거리', '쇼핑', '투어', '도심', '서울', '맛집', '나', '아이']",0,1,0,0,0,2,2,shop_etc
79,삼익패션타운,"['할인', '쇼핑', '의류', '관광', '남대문시장', '유명', '매장', '남대문', '골목', '특구', '백화점', '도매시장', '시장', '패션', '아동복']",0,1,0,1,0,9,9,shop_etc
80,흥인지문,"['유적지', '가족', '흥인지문', '문화', '체험', '교과서', '역사탐방', '성곽', '문화재', '한양도성', '공부', '관광지', '근교', '친구', '여행', '이야기', '역사', '전통', '속', '당일치기', '탐험', '유적', '서울', '곳', '아이']",0,11,2,0,1,0,11,history
81,롯데월드 아쿠아리움,"['롯데', '시설', '월드', '데이트', '무', '피하', '실내', '연인', '미세먼지', '가족', '여행', '아쿠아리움', '문화', '연중', '아이', '여행지', '커플', '관광지']",1,0,0,1,1,0,1,nature / theme / culture
82,남산 야외식물원,"['남산타워', '야외', '가족', '코스', '연중', '데이트', '무', '사계절', '힐링', '관광지', '연인', '식물원', '여행', '남산', '수도권', '터', '자연', '친환경', '도심', '곳']",2,1,0,1,0,0,2,nature
83,선유도공원,"['산책', '공간', '휴식', '여행', '도심', '힐링', '산책길', '산책로', '곳', '관광지']",0,0,3,0,0,0,3,experience
84,중명전,"['대한제국', '편전', '유명', '가족', '건물', '문화', '체험', '교과서', '체험학습', '클럽', '외국인', '관광지', '상설', '고종황제', '사교', '중명전', '장소', '친구', '여행', '도서관', '역사', '전통', '헤이그특사파견', '전시', '궁궐', '문화유산', '근대', '황실', '도심', '을사늑약', '아이']",0,12,2,0,3,0,12,history
85,양화한강공원,"['산책', '자전거여행', '공원', '나들이', '한강', '관광지', '지구', '연인', '시민', '친구', '여행', '피크닉', '조깅', '양화', '투어', '도심', '서울', '곳', '야경']",3,0,1,2,0,0,3,nature
86,수락산,"['휴양', '당일치기', '등산로', '근교', '연인', '곳', '등산', '친구', '여행', '가족', '수락산', '자연', '힐링', '서울', '사계절', '아이', '관광지']",4,0,0,0,0,1,4,nature
87,국립고궁박물관,"['체험학습', '시설', '실내', '친구', '국립', '여행', '나들이', '전시관', '역사', '고궁', '박물관', '문화', '전통', '교과서', '체험', '아이', '여행지']",0,4,2,0,3,0,4,history
88,IFC몰,"['대형', '쇼핑', '무', '영등포', '여의도', '복합', '쇼핑몰', '크리스마스', '수도권', '연중', '아이에프']",0,0,0,0,0,2,2,shop_etc
89,관악산 낙성대공원,"['유적지', '공원', '가족', '코스', '문화', '체험', '교과서', '관악산', '관광지', '장군', '근교', '연인', '친구', '여행', '낙성대', '역사', '전통', '당일치기', '둘레길', '강감찬', '서울', '아이']",2,6,1,0,1,0,6,history
90,다이나믹 메이즈 (서울 인사동점),"['이색', '체험', '문화', '연중', '다이나믹', '메이즈', '무', '공간', '레', '관광지', '복합', '연인', '실내', '친구', '여행', '수도권', '포츠', '놀이터', '도심', '여행지']",0,0,2,0,1,0,2,experience
91,서대문독립공원,"['무', '독립', '공원', '여행', '서대문', '역사', '수도권', '연중', '교과서', '아이', '관광지']",0,4,0,0,0,0,4,history
92,대림중앙시장,"['가족', '코스', '나들이', '이색', '체험', '체험학습', '시장', '홀로', '데이트', '힐링', '차이나타운', '대림', '근교', '연인', '친구', '여행', '중앙시장', '수도권', '전통', '먹거리', '쇼핑', '투어', '서울', '맛집', '나', '아이']",0,1,3,1,0,3,3,experience / shop_etc
93,서울역사박물관,"['체험학습', '관람', '시설', '서울역', '친구', '여행', '가족', '도심', '역사', '문화', '단체', '박물관', '전통', '교과서', '체험', '아이']",0,3,2,0,3,0,3,history / culture
94,더현대 서울,"['쇼핑', '더', '공간', '복합', '서울', '현대', '플래그', '문화', '백화점', '스토어']",0,0,0,0,1,3,3,shop_etc
95,서울 효창공원,"['효창', '무', '속', '탐험', '유적지', '연인', '공원', '여행', '이야기', '유적', '역사', '수도권', '연중', '서울', '곳', '역사탐방', '공부', '관광지']",0,5,1,0,0,0,5,history
96,파크하비오 워터킹덤&스파,"['피하', '가족', '나들이', '피해', '물놀이', '여름', '공간', '여름방학', '서지', '관광지', '피', '연인', '실내', '미세먼지', '여행', '가기', '휴식', '도심', '무더위', '파크', '곳', '아이']",1,0,0,2,0,0,2,theme
97,서울창포원,"['가족', '나들이', '이색', '체험', '체험학습', '풍경', '자', '힐링', '연속', '생태관광', '관광지', '붓꽃', '식물원', '여행', '자연환경', '창포', '자연', '휴식', '곳', '아이']",5,0,3,0,0,0,5,nature
98,전쟁과여성인권박물관,"['시설', '생존자', '피해', '문화', '박물관', '여성', '여성인권', '연인', '친구', '이야기', '역사', '수도권', '과거', '속', '탐험', '전쟁', '전시관', '마포', '아이', '위안부']",0,3,1,0,3,0,3,history / culture
99,아쿠아플라넷 63,"['여의도', '피하', '가족', '코스', '수족관', '데이트', '빌딩', '아쿠아리움', '관광지', '대형', '연인', '실내', '미세먼지', '여행', '수도권', '아쿠아플라넷', '도심', '아이', '여행지']",1,0,0,3,0,0,3,theme
100,영등포청과시장,"['과일', '쇼핑', '영등포', '물', '서울', '도매시장', '시장', '청과']",0,0,0,0,0,3,3,shop_etc
101,보라매공원,"['동작', '산책', '동작구', '공원', '쇼', '수영장', '체험', '연중', '무', '공간', '반려견', '노천', '분수', '관광지', '보라매', '여행', '수도권', '공군', '놀이터', '휴식', '산책길', '곳', '아이', '야간']",1,0,4,2,1,0,4,experience
102,한강시민공원 망원지구(망원한강공원),"['산책', '자전거여행', '공원', '나들이', '망원', '한강', '관광지', '지구', '연인', '시민', '친구', '여행', '피크닉', '조깅', '투어', '도심', '산책길', '곳', '야경']",3,0,2,2,0,0,3,nature
103,국립한글박물관,"['시설', '외국어', '피하', '해설', '가족', '체험', '박물관', '문화', '교과서', '자원', '체험학습', '국립', '봉사활동', '실내', '미세먼지', '여행', '역사', '수도권', '한글', '전통', '행사', '전시관', '아이']",1,3,2,0,4,0,4,culture
104,허준박물관,"['체험학습', '시설', '허준', '여행', '도심', '역사', '문화', '박물관', '아이', '전통', '교과서', '전시', '체험', '구암허준']",0,5,2,0,3,0,5,history
105,남산공원,"['산책', '남산타워', '케이블카', '공원', '가족', '코스', '나들이', '데이트', '공간', '사계절', '힐링', '관광지', '연인', '친구', '여행', '피크닉', '남산', '처', '당일치기', '순환버스', '자연', '휴식', '도심', '서울', '곳', '아이']",2,0,1,3,0,0,3,theme
106,마로니에공원,"['공원', '가족', '코스', '나들이', '연극', '휴양', '데이트', '힐링', '관광지', '숭로', '근교', '연인', '친구', '여행', '마로니에', '피크닉', '공연', '걷기', '당일치기', '대학로', '서울', '사계절', '아이']",1,0,1,0,2,2,2,culture / shop_etc
107,경춘선숲길,"['산책', '데이트', '숲길', '포츠', '곳', '장소', '연인', '친구', '길', '경춘선', '서울', '걷기', '레', '관광지']",1,0,2,0,0,0,2,experience
108,종이나라박물관,"['체험학습', '관람', '시설', '종이', '실내', '여행', '나들이', '도심', '이색', '문화', '단체', '박물관', '체험', '아이', '여행지']",0,0,3,0,3,0,3,experience / culture
109,코엑스 아쿠아리움,"['시설', '피하', '코스', '문화', '수족관', '체험학습', '영화', '데이트', '아쿠아리움', '코엑스', '관광지', '연인', '실내', '미세먼지', '여행', '친구', '드라마', '촬영', '아이', '여행지']",1,0,5,2,1,0,5,experience
110,피규어뮤지엄W,"['시설', '공간', '테마', '노소', '남녀', '가족', '여행', '이색', '휴식', '문화', '체험', '곳', '아이', '관광지']",0,0,2,1,1,0,2,experience
111,채석장 전망대,"['속', '낙타', '탐험', '채석장', '공부', '여행', '가족', '이야기', '유적', '역사', '카페', '경치', '서울', '곳', '역사탐방', '아이', '관광지', '야경']",1,5,1,1,0,0,5,history
112,서울광장 스케이트장,"['시청', '겨울스포츠', '커플', '스포츠', '겨울', '광장', '데이트', '생활', '레', '복합', '연인', '스케이트', '여행', '크리스마스', '포츠', '스케이트장', '레저', '서울', '아이']",0,0,2,2,1,0,2,experience / theme
113,용산초등학교 실내수영장,"['포츠', '용산', '수영', '수영장', '서울', '실내수영장', '레', '초', '초등학교']",0,0,0,3,0,0,3,theme
114,반포 서래섬,"['산책', '노소', '남녀', '자연', '코스', '도심', '휴식', '힐링', '산책로', '곳', '관광지']",1,0,2,0,0,0,2,experience
115,둘리뮤지엄,"['시설', '문화', '박물관', '체험학습', '콘텐츠', '지엄', '공간', '뮤', '산업', '둘리', '복합', '실내', '여행', '수도권', '어린이날', '놀이터', '전시관', '곳', '아이']",0,0,1,0,3,0,3,culture
116,응봉산(서울),"['자연', '등산', '관광지']",2,0,0,0,0,0,2,nature
117,서울책보고,"['쇼핑', '서점', '친구', '여행', '상상', '책', '송파', '아이', '책보', '서울', '헌책방', '관광지']",0,0,1,0,0,3,3,shop_etc
118,서소문성지역사박물관,"['서울시', '시설', '서소문', '순례', '박해', '성지', '건축물', '장소', '천주교', '서소문역', '순교', '역사', '문화', '박물관', '건축상']",0,5,0,0,2,1,5,history
119,승진완구,"['쇼핑', '장난감', '유아', '완구', '매장']",0,0,0,0,0,3,3,shop_etc
120,스파레이,"['관광지', '무', '찜질방', '공간', '스파', '친구', '휴식', '여행', '온천', '연중', '곳', '여성', '사우나', '뷰티', '전용', '레이']",0,0,1,4,0,0,4,theme
121,잠실한강공원,"['자전거여행', '공원', '나들이', '공간', '잠실', '한강', '관광지', '지구', '연인', '시민', '친구', '여행', '피크닉', '조깅', '수도권', '투어', '휴식', '도심', '곳', '야경']",3,0,0,2,0,0,3,nature
122,디타워 (replace 광화문),"['쇼핑', '점', '광화문', '종로', '디', '타워', '맛집', '상가']",0,1,0,1,0,2,2,shop_etc
123,가락농수산물종합도매시장,"['가족', '코스', '나들이', '수산물', '시장', '홀로', '특산', '데이트', '농', '도매시장', '가락', '연인', '물', '친구', '여행', '가락시장', '수도권', '전통', '먹거리', '쇼핑', '투어', '도심', '맛집', '나', '아이']",0,1,0,0,0,4,4,shop_etc
124,이촌한강공원,"['산책', '노소', '공원', '남녀', '코스', '나들이', '화공', '자전거', '공간', '한강', '관광지', '연인', '시민', '여행', '수도권', '휴식', '곳', '이촌', '봄']",1,0,1,0,1,0,1,nature / experience / culture
125,강동그린웨이 가족캠핑장,"['강동구', '캠핑장', '포츠', '여행', '가족', '힐링', '주말', '레', '자연환경']",1,0,1,0,0,0,1,nature / experience
126,사육신공원,"['산책', '동작', '동작구', '유적지', '공원', '가족', '코스', '문화', '체험', '교과서', '노량진', '통역사', '한강', '망', '사육신', '관광지', '근교', '친구', '여행', '역사', '당일치기', '사육신묘', '유적', '서울', '곳', '아이']",1,6,2,0,1,0,6,history
127,서소문역사공원,"['산책', '서소문', '공간', '성지', '공부', '휴식', '이야기', '도심', '여행', '역사', '힐링', '곳', '아이', '관광지']",0,2,1,0,0,0,2,history
128,태릉국제스케이트장,"['복합', '포츠', '스케이트장', '실내', '스케이트', '태릉국제스케이트장', '강습', '태릉', '레저', '육군사관학교', '운동', '겨울스포츠', '레', '스포츠']",0,0,3,3,0,0,3,experience / theme
129,삼청공원,"['공원', '가족', '나들이', '체험', '숲', '휴양', '곳', '힐링', '관광지', '근교', '연인', '친구', '여행', '피크닉', '린', '걷기', '삼청', '당일치기', '자연', '서울', '사계절', '아이']",3,0,2,0,0,1,3,nature
130,연서시장,"['재래시장', '쇼핑', '시장', '전통']",0,1,0,0,0,3,3,shop_etc
131,박물관은 살아있다(인사동점),"['시설', '사진촬영', '찍기', '코스', '이색', '인생', '문화', '박물관', '체험', '데이트', '사계절', '샷', '사진', '연인', '실내', '여행', '도심', '곳', '아이', '여행지']",0,0,4,0,2,0,4,experience
132,대학로,"['나', '가족', '코스', '핫', '문화', '체험', '레이스', '홀로', '데이트', '관광지', '상설', '근교', '연인', '친구', '여행', '공연', '당일치기', '행사', '대학로', '도심', '서울', '사계절', '아이']",0,0,1,0,3,1,3,culture
133,도산공원,"['공원', '가족', '나들이', '휴양', '도산', '안창호', '압구정', '힐링', '관광지', '근교', '연인', '친구', '여행', '피크닉', '걷기', '당일치기', '서울', '사계절', '아이']",1,1,1,0,0,1,1,nature / history / experience / shop_etc
134,플로팅아일랜드,"['시설', '문화', '컨벤션', '플로', '레스토랑', '아일랜드', '결혼식장', '예식장', '선상', '웨딩', '한강', '세빛', '결혼식', '모임', '빛섬', '섬', '빗', '프라이', '팅']",4,0,1,1,1,0,4,nature
135,서울상상나라,"['체험학습', '시설', '곳', '여름방학', '상상나라', '이색', '문화', '체험', '서울', '사계절', '아이']",0,0,3,0,1,0,3,experience
136,북촌박물관,"['서울시', '시설', '속', '한국', '미술품', '작품', '가족', '공예품', '이야기', '종로구', '역사', '문화', '박물관', '전통', '북촌', '아이']",0,2,0,1,5,0,5,culture
137,아차산 어울림정원,"['산책', '공간', '아차산', '공원', '생태', '휴식', '자연', '힐링', '광진구', '트레킹', '산책로', '생태관광', '곳', '숲', '관광지']",6,0,2,0,0,0,6,nature
138,롯데월드 민속박물관,"['시설', '테마', '피하', '코스', '나들이', '박물관', '문화', '체험', '체험학습', '데이트', '월드', '힐링', '연인', '실내', '미세먼지', '여행', '친구', '역사', '전통', '롯데', '민속', '놀이동산', '전시관', '파크', '아이']",1,2,3,3,3,0,3,experience / theme / culture
139,씨랄라 워터파크,"['피', '공간', '노소', '워터파크', '실내', '서지', '곳', '남녀', '여행', '휴식', '문래동', '물놀이', '아이', '여름', '사우나', '관광지']",0,0,0,3,0,0,3,theme
140,밀리오레,['쇼핑'],0,0,0,0,0,1,1,shop_etc
141,노량진수산물도매시장,"['나', '가족', '나들이', '수산물', '시장', '홀로', '특산', '노량진', '연인', '물', '친구', '여행', '수도권', '전통', '먹거리', '쇼핑', '투어', '도심', '맛집', '도매시장', '아이']",0,1,0,0,0,3,3,shop_etc
142,광나루한강공원 암사생태공원,"['공원', '생태', '자연', '한강', '체험', '서울', '곳', '광나루', '관광지']",3,0,1,0,0,0,3,nature
143,매헌 시민의 숲,"['산책', '추천', '연인', '주말', '친구', '여행', '자연', '나들이', '도심', '힐링', '산책길', '양재시민의숲', '곳', '자연환경', '여행지', '관광지']",3,0,2,0,0,0,3,nature
144,도봉산,"['휴양', '당일치기', '등산로', '근교', '도봉산', '연인', '곳', '등산', '친구', '여행', '가족', '자연', '힐링', '도봉산역', '서울', '사계절', '아이', '관광지']",4,0,0,0,0,1,4,nature
145,서울 암사동 유적,"['신석기시대', '암사동', '유적지', '가족', '박물관', '문화', '체험', '교과서', '역사탐방', '문화재', '공부', '관광지', '근교', '친구', '여행', '역사', '전통', '속', '당일치기', '유적', '서울', '곳', '아이']",0,9,1,0,2,0,9,history
146,리얼월드 성수,"['데이트', '설날', '터', '이색', '핫', '체험', '성수동', '레이스', '곳', '관광지']",0,1,2,0,0,0,2,experience
147,롯데월드 아이스링크(실내),"['롯데', '데이트', '월드', '포츠', '연인', '스케이트장', '실내', '친구', '체험', '송파', '겨울스포츠', '레', '동계스포츠']",0,0,1,1,0,0,1,experience / theme
148,광나루한강공원,"['자전거여행', '공원', '나들이', '공간', '한강', '관광지', '지구', '연인', '시민', '친구', '여행', '피크닉', '조깅', '투어', '휴식', '도심', '서울', '곳', '광나루', '야경']",3,0,0,2,0,0,3,nature
149,교보문고,"['교보', '시설', '체험학습', '문고', '행사', '연인', '친구', '여행', '도심', '도서관', '핫', '문화', '수도권', '레이스', '사계절', '아이']",0,0,1,0,2,0,2,culture
150,잠원한강공원,"['산책', '지구', '잠', '공간', '서울', '연인', '공원', '강시', '여행', '가족', '나들이', '한강', '휴식', '산책길', '산책로', '곳', '관광지', '민공']",1,0,3,0,0,0,3,experience
151,풋볼 팬타지움,"['시설', '팬', '테마', '이색', '문화', '체험', '박물관', '축구장', '체험학습', '스포츠', '타지', '풋볼', '주말', '추천', '복합', '실내', '친구', '움', '축구', '놀이터', '전시관', '레저', '파크', '아이', '여행지']",0,0,5,2,3,0,5,experience
152,달맞이봉공원,"['응봉산', '공원', '봉', '명소', '성동구', '달맞이', '해돋이', '서울', '달', '관광지', '야경']",2,0,0,2,0,0,2,nature / theme
153,아이파크몰 용산점,"['쇼핑', '복합', '서울', '노소', '쇼핑몰', '아이파크', '아이파크몰', '남녀', '가족', '백화점', '전시장', '용산구']",0,0,0,0,1,4,4,shop_etc
154,서울 중앙시장,"['쇼핑', '재래시장', '예술가', '중앙시장', '이색', '체험', '전통', '서울', '아이', '시장']",0,1,2,0,1,4,4,shop_etc
155,그랜드 워커힐 리버파크(야외수영장),"['피', '공간', '포츠', '연인', '곳', '서지', '가족', '실외', '수영장', '휴식', '여행', '파크', '힐링', '워커힐', '레', '여름', '리버']",0,0,0,2,0,0,2,theme
156,청계천박물관,"['시설', '실내', '여행', '도심', '문화', '박물관', '청계천', '걷기', '아이', '여행지']",1,0,1,0,2,0,2,culture
157,용마산,"['곳', '풍경', '등산', '친구', '여행', '자연', '용마산', '트레킹', '나', '자연환경', '홀로', '숲', '관광지']",7,0,0,0,0,0,7,nature
158,장충단공원,"['휴양', '당일치기', '장충단', '근교', '사계절', '연인', '공원', '친구', '여행', '가족', '나들이', '피크닉', '힐링', '서울', '걷기', '아이', '관광지']",1,1,1,0,0,1,1,nature / history / experience / shop_etc
159,하우스 도산,"['쇼핑', '공간', '사진', '색공간', '노소', '찍기', '곳', '연인', '남녀', '친구', '휴식', '안경', '문화', '예술', '선글라스']",0,0,1,0,2,1,2,culture
160,레치키치 스튜디오,"['이색', '체험', '스튜디오', '관광지']",0,0,3,0,0,0,3,experience
161,프레젠트모먼트,"['소품', '쇼핑', '터', '망원동', '여행', '구독', '크리스마스', '서울', '빈티', '인형']",0,1,0,0,0,1,1,history / shop_etc
162,헌인릉 생태경관보전지역(오리나무림),"['당일치기', '지역', '림', '헌인릉', '오리나무', '생태', '여행', '자연', '나들이', '관보', '힐링', '수도권', '생태관광', '곳', '숲', '관광지']",4,1,0,0,0,0,4,nature
163,은평한옥마을,"['마을', '체험', '옥', '서울', '은평구', '관광지']",0,0,1,1,0,0,1,experience / theme
164,우리유황온천,"['프라', '스파', '우리', '천연', '유황', '온천', '서울', '젠', '관광지']",0,0,0,3,0,0,3,theme
165,파리공원,"['연인', '주말', '공원', '친구', '여행', '자연', '나들이', '도심', '파리', '힐링', '서울', '추천', '아이', '여행지', '관광지']",1,0,0,0,0,0,1,nature
166,한성백제박물관,"['시설', '속', '당일치기', '유적지', '곳', '여행', '가족', '역사', '문화', '박물관', '교과서', '사계절', '역사탐방', '아이']",0,4,0,0,2,0,4,history
167,서울생활사박물관,"['실내', '이색', '역사', '박물관', '생활사', '체험', '전통', '서울', '전시', '아이', '관광지']",0,3,2,0,2,0,3,history
168,강변스파랜드,"['체험', '연중', '강변', '휴양', '무', '찜질방', '공간', '불', '힐링', '한증막', '추천', '사우나', '관광지', '연인', '스파', '랜드', '여행', '수도권', '휴식', '서울', '곳', '강변역']",1,0,1,5,0,1,5,theme
169,광화문광장,"['산책', '광장', '이순신', '세종대왕', '순환', '공원', '동상', '샷', '광화문', '여행', '도심', '시티투어', '인생', '서울', '곳', '충무공', '관광지']",0,5,1,1,1,0,5,history
170,서대문안산,"['산책', '노소', '무악산동봉수대터', '순환', '공원', '남녀', '서대문', '코스', '안산', '자락', '공간', '힐링', '구산', '길', '관광지', '여행', '역사', '산책로', '자연환경', '무장애', '숲길', '탐험', '자연', '휴식', '곳', '여행지', '봉수대']",5,3,3,0,0,0,5,nature
171,서울광장,"['산책', '가족', '시청', '문화', '화공', '광장', '공간', '덕수궁', '주말', '추천', '관광지', '복합', '친구', '여행', '피크닉', '도서관', '크리스마스', '수도권', '스케이트장', '휴식', '도심', '서울', '곳', '여행지']",1,1,1,1,3,0,3,culture
172,중랑장미공원,"['공원', '장미정원', '중랑천', '터널', '서울', '장미', '축제', '관광지']",1,0,0,1,1,0,1,nature / theme / culture
173,양재꽃시장,"['쇼핑', '사진', '명소', '꽃', '시장', '서울', '양재', '곳', '추천', '여행지']",0,0,1,1,0,2,2,shop_etc
174,여의도공원,"['산책', '여의도', '한국', '공원', '코스', '나들이', '꽃', '인생', '문화', '연중', '화공', '숲', '데이트', '광장', '무', '공간', '샷', '관광지', '마당', '복합', '근교', '연인', '여행', '전통', '영등포', '휴식', '전시관', '산책길', '서울', '곳', '비행기', '봄']",1,1,2,0,4,0,4,culture
175,마포농수산물시장,"['쇼핑', '회', '마포구', '농수산물시장', '마포', '전통', '시장', '센터']",0,1,0,0,0,3,3,shop_etc
176,이새,"['년층', '쇼핑', '주의', '의류', '천연', '자연', '친환경', '소재', '염색', '중장']",1,0,0,0,0,2,2,shop_etc
177,서울 평화시장,"['의류', '가족', '코스', '나들이', '청계천', '시장', '홀로', '데이트', '동대문시장', '도매', '평화시장', '연인', '친구', '여행', '수도권', '전통', '먹거리', '쇼핑', '투어', '도심', '서울', '맛집', '나', '아이', '상가']",1,1,0,0,0,7,7,shop_etc
178,광장시장 한복매장,"['쇼핑', '무', '한복', '광장시장', '수도권', '연중', '매장']",0,0,1,0,0,3,3,shop_etc
179,창의문,"['무', '속', '창의문', '인조반정', '여행', '가족', '문화재', '이야기', '역사', '연중', '서울', '곳', '역사탐방', '공부', '관광지']",0,6,0,0,0,0,6,history
180,세종대왕동상,"['체험학습', '광장', '속', '세종대왕', '동상', '광화문', '여행', '이야기', '도심', '역사', '훈민정음', '수도권', '교과서', '역사탐방', '아이', '관광지']",0,7,1,0,1,0,7,history
181,서대문문화체육회관실내수영장,"['해수', '풀', '체육관', '포츠', '서대문', '수영장', '실내수영장', '레']",0,1,1,2,0,0,2,theme
182,구로중앙유통단지,"['무역', '쇼핑', '도', '유통', '전자부품', '컴퓨터', '부품', '가격', '용품', '오프라인', '소매', '산업', '서울', '곳', '단지', '매장']",0,0,0,0,0,2,2,shop_etc
183,고속터미널 꽃도매상가,"['쇼핑', '터', '도매', '매상', '상가', '꽃', '전문점', '시장', '터꽃']",0,1,0,0,0,4,4,shop_etc
184,강서농산물도매시장,"['유통', '과일', '쇼핑', '농산물', '강서', '도매시장', '매장']",0,0,0,0,0,3,3,shop_etc
185,오금오름공원,"['산책', '데이트', '공간', '연인', '공원', '오금', '자연', '코스', '휴식', '여행', '힐링', '산책길', '곳', '아이', '숲', '관광지']",2,0,2,0,0,0,2,nature / experience
186,용산공원 반환부지,"['용산', '공원', '구독', '명소', '코스', '서빙고', '핫', '인생', '레이스', '존', '미군기지', '데이트', '공간', '샷', '힐링', '관광지', '여행', '색감', '감성', '속', '터', '포토']",0,2,0,2,0,0,2,history / theme
187,약령시장,"['약령시', '가족', '코스', '나들이', '시장', '홀로', '특산', '데이트', '연인', '물', '친구', '여행', '수도권', '전통', '먹거리', '쇼핑', '투어', '도심', '맛집', '나', '아이']",0,1,0,0,0,2,2,shop_etc
188,뚝섬 한강공원 수영장,"['노소', '공원', '남녀', '가족', '야외', '수영장', '물놀이', '여름', '여름방학', '한강', '뚝섬', '서지', '레', '피', '시민', '친구', '여행', '포츠', '곳', '아이', '실외수영장']",2,0,0,3,0,0,3,theme
189,정릉(신덕왕후),"['유네스코', '유적지', '비강', '정릉', '문화재', '세계', '공부', '릉', '관광지', '조선왕릉', '여행', '역사', '수도권', '이성계', '속', '탐험', '문화유산', '유적', '서울', '곳', '아이']",0,9,1,0,2,0,9,history
190,양천공원,"['산책', '공간', '공원', '여행', '휴식', '힐링', '곳', '아이', '관광지']",0,0,1,0,0,0,1,experience
191,봉화산,"['산책', '산', '노소', '풍경', '중랑구', '등산', '남녀', '여행', '자연', '힐링', '휴식', '경치', '곳', '자연환경', '봉화산', '봉수대', '관광지']",7,1,1,0,0,0,7,nature
192,오동근린공원,"['산책', '공간', '체육관', '공원', '실내', '휴식', '코스', '여행', '린', '산책길', '운동', '곳', '자연환경', '관광지']",1,0,3,0,0,0,3,experience
193,롯데아울렛 서울역점,"['인증', '쇼핑', '관광', '한국', '보기', '전체', '여행', '서울', '품질']",0,0,0,0,0,1,1,shop_etc
194,104고지전적비,"['한국', '해병대', '유적지', '추모', '역사탐방', '문화재', '비', '공부', '관광지', '탑', '여행', '이야기', '역사', '속', '탐험', '전쟁', '유적', '기념', '곳']",0,9,1,0,0,0,9,history
195,용마랜드,"['사진촬영', '애견', '찍기', '공원', '야외', '영화', '대관', '동반', '뮤직비디오', '관광지', '사진', '장소', '랜드', '웨딩촬영', '드라마', '촬영', '놀이동산', '폐', '곳']",0,0,7,2,0,0,7,experience
196,통인가게 미술,"['가족', '미술', '나들이', '코스', '문화', '체험', '홀로', '데이트', '미술품', '통역사', '힐링', '갤러리', '연인', '친구', '여행', '수도권', '전시', '통인', '쇼핑', '가게', '나', '아이']",0,0,1,0,5,1,5,culture
197,롯데월드,"['공연장', '시설', '테마', '피하', '공원', '코스', '나들이', '문화', '체험학습', '데이트', '월드', '놀이', '가든', '힐링', '스테이지', '예술', '음악회', '연인', '실내', '미세먼지', '여행', '친구', '롯데', '어린이날', '파크', '곳', '아이', '여행지']",1,0,1,2,5,0,5,culture
198,세운상가,"['가전제품', '전자부품', '컴퓨터', '쇼핑']",0,0,0,0,0,1,1,shop_etc
199,서초구민체육센터수영장,"['노소', '포츠', '실내', '생활', '남녀', '수영', '수영장', '서초구', '서초', '실내수영장', '레', '스포츠']",0,0,1,3,0,0,3,theme
200,황궁우,"['호텔', '대한제국', '유적지', '환구단', '황궁우', '조선', '제국', '문화재', '공부', '천단', '관광지', '여행', '이야기', '역사', '수도권', '속', '사적', '환단', '탐험', '황', '유적', '곳', '고종']",0,14,1,0,0,0,14,history
201,간송미술관,"['시설', '공간', '복합', '한국', '연인', '가족', '문화', '전통', '예술', '화공', '아이']",0,1,0,0,3,0,3,culture
202,금강제화 영등포본점,"['쇼핑', '핸드백', '정장', '신발', '멀티']",0,0,0,0,0,1,1,shop_etc
203,동림매듭공방,"['시설', '방', '연인', '가족', '종로', '문화', '체험', '박물관', '아이', '전통', '전시', '공예']",0,1,1,0,4,0,4,culture
204,SLP 어린이회관 눈썰매장,"['겨울스포츠', '스포츠', '겨울', '잡', '눈썰매', '어린이회관', '레', '복합', '여행', '눈썰매장', '썰매', '익스트림스포츠', '포츠', '빙어', '광진구', '레저', '서울', '곳', '아이']",0,0,3,3,0,0,3,experience / theme
205,용산역광장,"['광장', '용산', '관광지', '용산역']",0,0,0,0,1,0,1,culture
206,홍난파가옥,"['속', '탐험', '문화유산', '근대', '등록', '양식', '홍난파', '여행', '건축', '문화재', '이야기', '역사', '건축사', '작곡', '근대건축', '관광지']",0,6,1,0,1,0,6,history
207,에프마켓남부낚시,"['쇼핑', '에프', '한국', '낚시', '용품', '마켓', '고수', '초보', '서울', '전문점', '남부', '협동조합']",0,0,0,1,0,2,2,shop_etc
208,돌실나이 본사할인점,"['쇼핑', '노소', '한복', '생활', '남녀', '문화', '수도권', '인사동', '종로구', '매장']",0,0,1,1,1,2,2,shop_etc
209,백인제가옥,"['속', '탐험', '유적지', '곳', '여행', '이야기', '문화재', '유적', '가옥', '역사', '수도권', '백인제', '옥', '공부', '관광지']",0,6,1,0,0,0,6,history
210,롯데백화점 본점 에비뉴엘,"['롯데', '쇼핑', '명품', '공간', '노소', '남녀', '친구', '휴식', '문화', '중구', '백화점', '곳', '매장']",0,0,0,0,1,4,4,shop_etc
211,고려대학교서울캠퍼스아이스링크,"['포츠', '아이스링크', '스케이트장', '실내', '스케이트', '고려대학교', '서울', '레']",0,0,0,3,0,0,3,theme
212,국립중앙박물관 어린이박물관,"['체험학습', '시설', '추천', '용산', '여름방학', '어린이', '국립', '도심', '겨울방학', '여행', '박물관', '중앙', '문화', '주말', '곳', '아이', '여행지']",0,0,1,0,2,0,2,culture
213,수도박물관,"['체험학습', '속', '관광', '문화유산', '근대', '수도', '여행', '가족', '이야기', '전시관', '산업', '유산', '박물관', '수도권', '역사', '아이', '관광지']",0,3,1,0,3,0,3,history / culture
214,북악산,"['울산', '백아산', '전망', '공원', '자연', '북악스카이웨이', '곳', '삼청', '관광지']",2,0,1,1,0,0,2,nature
215,창경궁 홍화문,"['관광', '한국', '가족', '교과서', '역사탐방', '체험학습', '사계절', '문화재', '공부', '관광지', '창경궁홍화문', '선', '여행', '이야기', '역사', '수도권', '속', '탐험', '고궁', '곳', '아이']",0,7,2,0,0,0,7,history
216,금강제화 명동본점,"['제화', '쇼핑', '정장', '브랜드', '패션']",0,0,0,0,0,4,4,shop_etc
217,구로공단 노동자생활체험관,"['관광', '노동자', '명소', '이색', '이의', '체험', '문화', '역사탐방', '콘텐츠', '체험학습', '생활', '추억', '산업', '관광지', '구로', '금천', '여행', '관', '집', '역사', '수도권', '공단', '서울', '곳', '아이', '직업']",0,2,4,1,1,0,4,experience
218,한국은행 화폐박물관,"['체험학습', '경제', '시설', '한국은행', '화폐', '교육', '문화', '체험', '박물관', '곳', '아이']",0,1,2,0,2,0,2,experience / culture
219,관악산 호수공원,"['산책', '공원', '코스', '인생', '관악산', '숲', '데이트', '공간', '샷', '힐링', '관광지', '호수', '연인', '여행', '자연', '휴식', '도심', '산책길', '곳', '아이']",4,0,2,0,0,0,4,nature
220,스토리지북앤필름,"['노소', '남녀', '연중', '동네', '무', '스토리', '독립', '서점', '독서', '출판물', '관광지', '소설', '책방', '북앤', '전문', '책', '여행', '필름', '쇼핑', '휴식', '곳']",0,1,1,0,0,3,3,shop_etc
221,고투몰,"['쇼핑', '고속버스', '터미널', '서울']",0,0,0,0,0,1,1,shop_etc
222,광운대학교 아이스링크,"['포츠', '아이스링크', '스케이트장', '노소', '생활', '남녀', '스케이트', '실내', '교육', '아이', '광운대', '레', '프로그램', '스포츠', '겨울']",0,1,1,3,0,0,3,theme
223,배재학당역사박물관,"['체험학습', '시설', '배재학당', '여행', '역사교육', '교육', '박물관', '근처', '문화', '덕수궁', '역사', '아이']",0,5,1,0,2,0,5,history
224,마장 축산물시장,"['체험학습', '쇼핑', '투어', '재래시장', '연인', '친구', '여행', '가족', '마장', '축산물', '수도권', '전통', '맛집', '사계절', '아이', '시장']",0,1,1,0,0,3,3,shop_etc
225,서울 살곶이 다리,"['산책', '공간', '살곶', '유적지', '여행', '휴식', '역사', '산책길', '다리', '교과서', '곳', '아이', '조선시대', '관광지']",0,5,2,0,0,0,5,history
226,우표박물관,"['시설', '노소', '피하', '남녀', '가족', '이색', '문화', '박물관', '체험', '체험학습', '여름방학', '겨울방학', '우표', '실내', '미세먼지', '여행', '사업', '본부', '우정', '곳', '아이', '여행지']",1,0,3,0,2,0,3,experience
227,길음시장,"['마을', '쇼핑', '순대', '재래시장', '길음', '전통', '시장']",0,1,0,1,0,3,3,shop_etc
228,설화수 도산 플래그십 스토어,"['데이트', '공간', '노소', '부모님', '연인', '남녀', '여행', '친구', '이색', '휴식', '힐링', '건강', '체험', '곳', '행', '프로그램', '커플', '관광지']",0,0,2,0,0,0,2,experience
229,방신재래시장,"['쇼핑', '방', '재래시장', '전통', '방화동', '시장']",0,1,0,0,0,3,3,shop_etc
230,오목공원,"['산책', '공간', '서울', '노소', '연인', '공원', '남녀', '휴식', '코스', '도심', '여행', '산책길', '산책로', '곳', '아이', '관광지']",0,0,3,0,0,0,3,experience
231,다락원체육공원,"['대형', '인조잔디', '공원', '실내', '도봉구', '게이트볼', '배드민턴', '체육', '축구장', '다락원', '관광지', '테니스장']",1,0,2,0,0,0,2,experience
232,천호공원,"['산책', '공간', '호공', '음악분수', '곳', '공원', '해공', '휴식', '코스', '여행', '린', '도서관', '산책길', '서울', '걷기', '관광지']",0,1,3,1,0,0,3,experience
233,서울약령시 한의약박물관,"['시설', '방', '공간', '테마', '노소', '남녀', '여행', '가족', '의료', '휴식', '건강', '문화', '체험', '한방약', '곳', '초']",0,0,1,1,1,0,1,experience / theme / culture
234,서울마리나,"['요트', '노소', '포츠', '연인', '남녀', '가족', '친구', '이색', '한강', '체험', '레']",1,0,3,0,0,0,3,experience
235,아시아공원,"['산책', '공원', '문화', '운동장', '종합', '공간', '곳', '관광지', '아시아', '선수촌', '여행', '린', '회관', '자연환경', '휴식', '송파', '산책길', '서울', '예술']",1,0,2,0,2,0,2,experience / culture
236,목3동시장,"['쇼핑', '재래시장', '비시', '목동', '깨']",0,0,0,0,0,2,2,shop_etc
237,하모니마트 명동역점,"['인증', '쇼핑', '관광', '한국', '보기', '전체', '여행', '서울', '품질']",0,0,0,0,0,1,1,shop_etc
238,가락몰,"['쇼핑', '식', '수산시장', '가락', '재료', '식자', '재시', '쇼핑몰', '도서관', '송파']",0,0,0,0,0,3,3,shop_etc
239,63아트,"['시설', '여의도', '작품', '미술', '문화', '화공', '스퀘어', '미술관', '공간', '빌딩', '전망', '곳', '아트', '복합', '연인', '실내', '전시회', '전시관', '경치', '예술', '여행지']",1,0,0,1,9,0,9,culture
240,목동종합운동장실내아이스링크,"['사격장', '체육관', '노소', '포츠', '스케이트장', '실내', '남녀', '운동', '레']",0,0,2,1,0,0,2,experience
241,태릉골프장,"['포츠', '레']",0,0,0,0,0,0,0,experience
242,초안산캠핑장,"['서울시', '캠핑장', '놀이터', '포츠', '비', '아이', '지하철', '레', '가성', '갈수', '가기']",0,1,1,0,0,0,1,history / experience
243,절두산 순교성지,"['속', '탐험', '유적지', '여행', '이야기', '문화재', '유적', '역사', '곳', '역사탐방', '공부', '관광지']",0,6,1,0,0,0,6,history
244,한강공원 뚝섬 눈썰매장,"['포츠', '공원', '여행', '한강', '뚝섬', '서울', '레', '눈썰매장', '겨울']",2,0,0,1,0,0,2,nature
245,청량리수산시장,"['쇼핑', '청량리', '새벽', '수산시장', '수산물', '도매시장', '시장']",0,0,0,0,0,4,4,shop_etc
246,방이시장,"['쇼핑', '송파구', '노소', '남녀', '가족', '여행', '골목', '전통', '서울', '맛집', '아이', '시장']",0,1,0,1,0,2,2,shop_etc
247,아모레 성수,"['성수', '데이트', '립피', '매치', '라운지', '가든', '카페', '핫', '체험', '성수동', '스텀', '레이스', '곳', '뷰티', '관광지']",0,0,2,0,0,0,2,experience
248,개봉중앙시장,"['쇼핑', '개봉', '재래시장', '구로구', '중앙시장', '개봉시', '전통', '시장']",0,1,0,0,0,4,4,shop_etc
249,공릉동도깨비시장,"['숲길', '쇼핑', '도깨비', '재래시장', '공릉동', '경춘선', '전통', '시장']",1,1,0,0,0,3,3,shop_etc
250,서리풀공원,"['풀', '공원', '방배', '서리', '서초구', '린', '관광지']",0,0,0,0,0,0,0,theme
251,영등포전통시장,"['쇼핑', '영등포', '재래시장', '중앙시장', '전통', '야시장', '시장']",0,1,0,0,0,5,5,shop_etc
252,대신시장,"['쇼핑', '신길동', '재래시장', '대신', '전통', '시장']",0,1,0,0,0,3,3,shop_etc
253,신문박물관,"['체험학습', '시설', '신문', '여행', '가족', '도심', '역사', '문화', '박물관', '체험', '전통', '교과서', '아이']",0,3,2,0,2,0,3,history
254,신세계백화점 (본점),"['쇼핑', '종합', '명품', '서울', '메카', '명동', '신세계', '쇼핑몰', '관', '크리스마스', '중구', '백화점', '추천', '매장']",0,0,0,0,0,6,6,shop_etc
255,다비치안경 (명동점),"['쇼핑', '안경점', '친구', '외국인', '안경', '브랜드', '체인점', '추천']",0,0,0,0,0,2,2,shop_etc
256,한국전통관광명품점,"['쇼핑', '명품', '점', '관광', '한국', '연인', '친구', '여행', '가족', '나들이', '홀로', '도심', '수도권', '판매', '나', '아이', '기념품']",0,0,0,0,0,2,2,shop_etc
257,망우 역사 문화공원,"['산책', '속', '공간', '탐험', '여행', '휴식', '문화재', '힐링', '역사', '산책로', '곳', '역사탐방', '공부', '관광지']",0,4,3,0,0,0,4,history
258,아름다운 차박물관,"['갤러리', '시설', '공간', '통차', '도자기', '차', '문화', '박물관', '전시', '예술', '화공']",0,0,0,0,7,0,7,culture
259,수성동계곡,"['계곡', '수성', '곡', '관광지']",1,0,0,0,0,0,1,nature
260,남평화상가,"['쇼핑', '평화시장', '남평', '전문', '가방', '동대문', '남', '도매시장', '시장', '패션', '화상']",0,0,0,0,0,5,5,shop_etc
261,10꼬르소꼬모 청담점,"['쇼핑', '숍', '꼬르소꼬', '점', '편집', '꼬르소꼬모', '음식', '청담', '카페', '브런치', '강남', '청담동']",0,0,0,0,0,2,2,shop_etc
262,춘원당한의약박물관,"['시설', '가족', '이색', '건강', '문화', '박물관', '체험', '한방약', '프로그램', '약초', '충', '생활', '초', '한의학', '여행', '당한', '방', '의료', '도심']",0,0,2,0,2,0,2,experience / culture
263,종로 떡박물관,"['체험학습', '시설', '연인', '부엌', '친구', '만들기', '여행', '나들이', '도심', '체험', '박물관', '문화', '서울', '전시장', '아이', '떡']",0,0,3,0,3,0,3,experience / culture
264,북한산둘레캠핑장,"['산', '럭셔리', '포츠', '카라반', '분위기', '수영장', '글램핑', '레', '여성', '전용', '북한']",1,0,2,1,0,1,2,experience
265,한국천주교순교자박물관,"['시설', '기념관', '한국', '유적지', '천주교', '해설', '이색', '문화', '박물관', '체험', '홀로', '순교', '실내', '여행', '절두산', '수도권', '전시관', '순교자', '나', '여행지']",1,5,2,0,3,0,5,history
266,한강시민공원 잠원수영장,"['피', '잠', '포츠', '시민', '서지', '공원', '친구', '수영장', '한강', '레', '아이', '여름']",1,0,0,1,0,0,1,nature / theme
267,그랜드하얏트 서울 아이스링크,"['호텔', '공간', '복합', '포츠', '아이스링크', '스케이트장', '곳', '스케이트', '휴식', '레저', '크리스마스', '겨울스포츠', '레', '스포츠']",0,0,2,3,0,0,3,theme
268,종이잡지클럽,"['쇼핑', '터', '서점', '여행', '구독', '이색', '독서']",0,1,1,0,0,2,2,shop_etc
269,신라면세점(서울점),"['쇼핑', '호텔', '면세점', '신라', '브랜드', '면세']",0,0,0,0,0,4,4,shop_etc
270,신창시장,"['쇼핑', '재래시장', '창동', '창', '전통', '신창동', '시장']",0,1,0,0,0,3,3,shop_etc
271,고척근린시장,"['쇼핑', '재래시장', '고척', '린', '전통', '시장']",0,1,0,0,0,3,3,shop_etc
272,핫트랙스 (광화문점),"['교보', '쇼핑', '아이템', '공간', '복합', '문고', '핫트랙스', '광화문', '문구', '종로', '문화', '기프트']",0,1,0,0,1,2,2,shop_etc
274,평화의공원,"['산책', '공원', '평화', '유니세프', '박람회', '광장', '정원', '의정원', '관광지', '난', '장소', '이야기', '피크닉', '월드컵', '난지도', '마포구', '전시관', '서울', '연못']",3,1,1,0,3,0,3,nature / culture
275,양재근린공원,"['풋살', '농구장', '시민', '공원', '여소', '서초구', '린', '운동장', '리그', '서울', '서초', '양재', '자전거', '관광지']",0,0,0,0,0,0,0,experience
276,용양봉저정 공원,"['산책', '공간', '노소', '남녀', '가족', '휴식', '힐링', '경관', '서울', '곳', '아이', '관광지']",1,0,1,0,0,0,1,nature / experience
277,봉천중앙시장,"['쇼핑', '관악구', '재래시장', '봉천', '봉천동', '중앙시장', '전통', '시장']",0,1,0,0,0,4,4,shop_etc
278,서울시립대학교박물관,"['체험학습', '무료', '시설', '관람', '실내', '친구', '전시관', '역사', '문화', '박물관', '수도권', '시립대', '서울', '학교', '전통', '체험', '아이', '여행지']",0,2,2,0,4,0,4,culture
279,태릉시장,"['쇼핑', '길거리', '중화동', '셈', '전통', '시장', '태능']",0,2,0,0,0,2,2,history / shop_etc
280,세인트제임스 삼청점,"['인증', '관광', '한국', '보기', '전체', '여행', '서울', '품질']",0,0,0,0,0,0,0,shop_etc
281,신영시장,"['쇼핑', '호점', '문화센터', '공간', '서울', '하늘', '마켓', '취미', '동시', '시장', '뉴', '전통', '플래그', '신월', '스토어', '제로']",0,1,0,0,1,4,4,shop_etc
282,갤러리아백화점명품관EAST,"['쇼핑', '명품', '품관', '관', '강남', '갤러리아', '백화점', '션']",0,0,0,0,0,4,4,shop_etc
283,짚풀생활사박물관,"['시설', '공예', '짚풀', '짚', '가족', '공예품', '문화', '박물관', '체험', '전통', '아이']",0,1,1,0,4,0,4,culture
284,한강공원 난지캠핑장,"['서울시', '캠핑장', '포츠', '하늘', '마포구', '공원', '가족', '도심', '레']",0,0,1,0,0,0,1,experience
285,동국대학교 박물관,"['체험학습', '시설', '동국대학교', '실내', '여행', '이색', '전시관', '문화', '박물관', '수도권', '체험', '교과서', '아이', '여행지']",0,1,3,0,3,0,3,experience / culture
286,세인트제임스 서울,"['인증', '관광', '한국', '보기', '전체', '여행', '서울', '품질']",0,0,0,0,0,0,0,shop_etc
287,서울 서초 글램핑 청계산장,"['포츠', '레', '여유', '커플']",0,0,0,0,0,0,0,experience
288,두타몰,"['쇼핑', '친구', '외국인', '중구', '추천', '패션']",0,0,0,0,0,2,2,shop_etc
289,때때롯살롱,"['쇼핑', '한복', '생활', '살롱', '때때롯', '핫', '익선동', '서울', '레이스', '곳']",0,0,1,1,0,1,1,experience / theme / shop_etc
290,용산전자랜드,"['쇼핑', '쇼핑몰', '용산', '디지털', '전자제품', '상가', '전자']",0,0,0,0,0,3,3,shop_etc
291,봉일시장,"['쇼핑', '재래시장', '봉', '프라자', '전통', '서울', '시장', '먹거리']",0,1,0,0,0,4,4,shop_etc
292,노룬산골목시장,"['건대', '쇼핑', '재래시장', '산시', '시장', '산골', '목시', '자양동', '전통', '곳', '노룬', '입구']",0,1,0,0,0,3,3,shop_etc
293,엘크레,"['사진', '존', '투어', '찍기', '연인', '분위기', '친구', '메이크업', '카페', '이색', '체험', '화장품', '곳', '포토', '감성', '뷰티', '관광지']",0,0,5,0,0,1,5,experience
294,가회민화박물관,"['민화', '시설', '서울시', '공간', '노소', '남녀', '여행', '가족', '전통문화', '문화', '박물관', '종로구', '예술', '화공', '아이']",0,0,0,0,6,0,6,culture
295,신성종합시장,"['쇼핑', '종합', '중곡동', '재래시장', '중곡', '골목', '사거리', '전통', '신성', '시장']",0,1,0,1,0,3,3,shop_etc
296,현대백화점 (압구정본점),"['쇼핑', '현대', '백화점', '압구정']",0,0,0,0,0,2,2,shop_etc
297,길동복조리시장,"['쇼핑', '길동', '복조리', '전통', '강동', '시장']",0,1,0,0,0,2,2,shop_etc
298,관훈동 한국공예관,"['한국', '가족', '코스', '나들이', '문화', '체험', '체험학습', '홀로', '데이트', '통역사', '힐링', '기념품', '연인', '친구', '여행', '관', '수도권', '쇼핑', '판매', '나', '아이']",0,0,2,0,1,1,2,experience
299,네이처리퍼블릭 명동월드점,"['쇼핑', '주의', '자연', '메이크업', '화장품', '뷰티']",1,0,2,0,0,2,2,experience / shop_etc
300,서강대박물관,"['시설', '교육', '문화', '박물관', '서강대']",0,1,0,0,2,0,2,culture
301,고척근린공원,"['산책', '공간', '연인', '공원', '친구', '가족', '휴식', '산책길', '곳', '자연환경', '관광지']",1,0,2,0,0,0,2,experience
302,종로구콰니,"['쇼핑', '의류', '가방', '외국인', '플래그', '스토어']",0,0,0,0,0,3,3,shop_etc
303,테크노마트,"['쇼핑', '복합', '테크노마트', '쇼핑몰', '수도권', '강변']",1,0,0,0,0,3,3,shop_etc
304,소공동세란안경,"['인증', '관광', '한국', '보기', '전체', '여행', '서울', '품질']",0,0,0,0,0,0,0,shop_etc
305,화곡본동시장,"['쇼핑', '재래시장', '화곡동', '족발', '화곡', '동시', '전통', '맛집', '시장']",0,1,0,0,0,3,3,shop_etc
306,KCDF 갤러리숍 공예정원,"['갤러리', '쇼핑', '숍', '디자인', '공예품', '상품', '공예']",0,0,0,0,3,3,3,culture / shop_etc
307,서울청계광장,"['관광지', '산책', '광장', '걷기', '여행', '청계', '청계천', '서울', '곳', '길']",1,0,2,0,1,0,2,experience
308,우림시장,"['쇼핑', '관악구', '우림', '재래시장', '난곡동', '전통', '시장']",0,1,0,0,0,3,3,shop_etc
309,마천중앙시장,"['쇼핑', '재래시장', '마천', '중앙시장', '송파', '전통', '시장']",0,1,0,0,0,4,4,shop_etc
310,골든블루마리나,"['요트', '골든', '포츠', '세빛', '섬', '체험', '마리나', '레', '블루']",2,0,2,0,0,0,2,nature / experience
311,영풍문고 스타필드코엑스몰점,['쇼핑'],0,0,0,0,0,1,1,shop_etc
312,송화벽화시장,"['쇼핑', '재래시장', '우장산', '발산동', '송화', '벽화', '시장']",1,0,0,1,0,3,3,shop_etc
313,카카오프렌즈 홍대 플래그십 스토어,"['쇼핑', '라이프스타일', '프렌즈', '플래그', '카카오', '스토어']",0,0,0,0,0,2,2,shop_etc
314,아트박스 (영등포점),"['쇼핑', '영등포', '캐릭터', '팬', '점', '파티', '박스', '디자인', '용품', '문구', '사무', '상품', '타임스퀘어', '아트', '문구점']",0,0,0,1,1,3,3,shop_etc
315,구로시장,"['쇼핑', '구로', '재래시장', '복', '구로구', '고풍', '비단길', '전통', '시장', '청년']",0,2,0,1,0,3,3,shop_etc
316,난지천공원,"['유아', '공원', '도심', '체험', '서울', '곳', '추천', '여행지', '숲', '관광지']",1,0,1,0,0,0,1,nature / experience
317,파르나스몰,"['쇼핑', '호텔', '인터콘티넨탈', '쇼핑몰', '강남', '백화점', '그랜드']",0,0,0,0,0,3,3,shop_etc
318,중곡제일시장,"['쇼핑', '중곡동', '재래시장', '중곡', '전통', '시장']",0,1,0,0,0,3,3,shop_etc
319,더벨스파 동대문현대시티아울렛점,"['회복', '여행', '피로', '마사지', '서울', '동대문', '족욕', '관광지']",0,0,0,2,0,0,2,theme
320,비단길 현대시장,"['쇼핑', '재래시장', '현대', '독산동', '비단길', '전통', '금천구', '시장']",0,1,0,1,0,3,3,shop_etc
321,엔터식스 왕십리역점,"['쇼핑', '테마', '쇼핑몰', '성동구', '유럽', '파크']",0,0,0,2,0,2,2,theme / shop_etc
322,행복한백화점,"['쇼핑', '마트', '오목교역', '백화점', '양천구', '목동']",0,0,0,0,0,3,3,shop_etc
323,문래근린공원,"['영등포', '촌', '창작', '공원', '벙커', '동상', '린', '박정희', '문래', '대통령', '관광지']",0,1,0,0,1,0,1,history / culture
324,메세나폴리스 몰,"['대형', '쇼핑', '공간', '스트리트', '마트', '노소', '마포구', '남녀', '가족', '합정역', '문화', '화공', '패션']",0,0,0,0,2,3,3,shop_etc
325,수유시장,"['쇼핑', '비대', '서울', '재래시장', '장보기', '수유', '전통', '배달', '시장']",0,1,0,0,0,4,4,shop_etc
326,KT&G 상상마당 디자인스퀘어,"['쇼핑', '공간', '복합', '친구', '홍대', '외국인', '문화', '활동', '추천', '기념품']",0,0,0,0,1,1,1,culture / shop_etc
327,POOM아트박스 (신촌점),"['쇼핑', '숍', '팬', '점', '박스', '디자인', '용품', '학용품', '신촌', '시점', '상품', '아트', '문구점']",0,0,0,0,1,4,4,shop_etc
328,프리스비 (Frisbee) 건대점,"['프리스비', '쇼핑', '건대', '점', '애플', '체험', '서울', '스토어', '매장']",0,0,1,0,0,3,3,shop_etc
329,궁가는여우,"['쇼핑', '점', '한복', '체험', '대여']",0,0,3,0,0,1,3,experience
330,북한산 족두리봉,"['산', '등산', '서울', '곳', '추천', '여행지', '북한', '관광지']",2,0,0,0,0,0,2,nature
331,고궁마실,"['쇼핑', '점', '한복', '체험', '대여', '창경궁']",0,1,3,0,0,1,3,experience
332,테이크어스트릿 (Take a street),"['쇼핑', '잡화', '의류', '서비스', '노소', '마포구', '액세서리', '남녀', '주얼', '코디', '거리', '캐', '매장', '패션']",0,0,0,1,0,6,6,shop_etc
333,올가홀푸드 방이점,"['쇼핑', '식품', '생활용품', '친환경', '유기농']",0,0,0,0,0,2,2,shop_etc
334,암사선사유적박물관,"['시설', '선사', '교실', '암사동', '사유', '어린이', '전시관', '유적', '빗살무늬토기', '문화', '박물관', '체험', '사선', '견학']",0,2,2,0,4,0,4,culture
335,카카오프렌즈 강남 플래그십 스토어,"['쇼핑', '라이프스타일', '프렌즈', '플래그', '카카오']",0,0,0,0,0,1,1,shop_etc
336,헬로애니멀,"['애니멀', '동물원', '공간', '실내', '도봉구', '어린이', '학습', '이색', '체험', '아이', '헬로', '서울', '동물', '곳', '체험학습', '관광지']",0,0,3,2,0,0,3,experience
337,사당시장,"['쇼핑', '남성역', '재래시장', '전통', '사당', '시장']",0,1,0,0,0,3,3,shop_etc
338,현대카드 Vinyl & Plastic,"['쇼핑', '공간', '복합', '현대', '실내', '문화', '관광지']",0,0,0,0,1,1,1,culture / shop_etc
339,암사종합시장,"['데이트', '쇼핑', '종합', '강동구', '재래시장', '코스', '전통', '강동', '시장']",0,1,0,0,0,3,3,shop_etc
340,눈스퀘어,['쇼핑'],0,0,0,0,0,1,1,shop_etc
341,오르시아,"['전시장', '쇼핑', '쥬얼리', '브랜드']",0,0,0,0,1,3,3,shop_etc
342,우이시장,"['쇼핑', '우이', '수유동', '재래시장', '곰보', '냉면', '시장']",0,0,0,0,0,3,3,shop_etc
343,다이브라이프,"['프리다이빙', '풀', '다이빙', '포츠', '라이프', '스쿠버다이빙', '다이브', '서초구', '교육', '체험', '잠수', '강습', '레']",0,1,2,4,0,0,4,theme
344,롯데호텔서울 설화수 스파,"['한국', '홍삼', '스파', '여행', '스크럽', '서울', '족욕', '인삼', '관광지']",0,0,0,2,0,0,2,theme
346,현대시장,"['쇼핑', '관광', '창원', '재래시장', '현대', '장보기', '전통', '곳', '시장']",0,1,0,0,0,4,4,shop_etc
347,은평역사한옥박물관,"['체험학습', '시설', '유물', '실', '전시관', '은평', '역사', '문화', '박물관', '옥', '곳', '은평구', '아이']",0,2,1,0,3,0,3,culture
348,금강제화 (강남본점),['쇼핑'],0,0,0,0,0,1,1,shop_etc
349,열린송현녹지광장,"['광장', '광화문', '경복궁', '녹지', '청와대', '송현동', '서울', '곳', '아이', '관광지']",1,2,0,0,1,0,2,history
350,물빛광장,"['광장', '강조', '장소', '공원', '가족', '나들이', '한강', '망', '분수', '관광지', '물빛']",1,0,0,0,1,0,1,nature / culture
351,플랫폼 플레이스(한남점),"['인증', '관광', '한국', '보기', '전체', '여행', '서울', '품질']",0,0,0,0,0,0,0,shop_etc
352,브릿지안경,"['인증', '관광', '한국', '보기', '전체', '여행', '서울', '품질']",0,0,0,0,0,0,0,shop_etc
353,한국금융사박물관,"['시설', '문화']",0,0,0,0,1,0,1,culture
354,광야 서울,"['체험', '문화', '체험', '쇼핑']",0,0,2,0,1,1,2,experience
