Attraction,Category,Subclass,Address,Tag,Participants,etc,cafe,max,type
동대문역사문화공원,관광,"도시,테마공원",서울특별시 중구 신당동 853,#2024_여행가는달과함께하는_발도장여행지#DDP#가족여행#걷기좋은길#관광지#데이트코스#동대문#동대문디자인플라자#동대문역사문화공원#동대문운동장#사계절#산책길#산책하기#산책하기좋은곳#신당동패션거리#연인과함께#친구와함께#휴식공간#휴식여행#휴식하기#휴식하기좋은곳,56,0,1,1,cafe
서울식물원,관광,"식물원,수목원",서울특별시 강서구 마곡동로 161 서울식물원,#2024_여행가는달과함께하는_발도장여행지#가족과함께#관광지#교육여행#미세먼지_피하는_실내여행#식물원#아이와함께#연인과함께#자연좋은곳#자연환경#휴식공간#휴식여행#휴식하기좋은곳#힐링산책#힐링여행,"5,204",0,0,1,korean
N서울타워,관광,전망대,서울특별시 용산구 남산공원길 105,#19_20한국관광100선#2024_여행가는달과함께하는_발도장여행지#21_22한국관광100선#23_24한국관광100선#가족여행#관광지#나홀로여행#남산서울타워#남산타워#당일치기여행#데이트명소#데이트코스#도심여행#사계절#서울근교여행#서울타워#수도권#아이와함께#야간관광100선#연인과함께#전망대#전망좋은곳#친구와함께#한국관광100선,"5,100",0,0,1,korean
서울숲,관광,"숲,숲길",서울특별시 성동구 뚝섬로 273,#2024_여행가는달과함께하는_발도장여행지#23_24한국관광100선#가족여행#걷기길#관광지#데이트코스#반려동물동반여행지#생태관광지#서울숲#수도권#수도권반려동물여행지#아이와함께#연인과함께#연중무휴#피크닉#한국관광100선#휴식공간#휴식여행#휴식하기#휴식하기좋은곳,258,0,2,2,cafe
경복궁,관광,궁궐,서울특별시 종로구 사직로 161 경복궁,#15_16한국관광100선#17_18한국관광100선#19_20한국관광100선#2024_여행가는달과함께하는_발도장여행지#21_22한국관광100선#23_24한국관광100선#BTS#bts여행#bts투어#가족여행#경복궁#고궁#관광지#교과서속여행#당일치기여행#서울#서울근교여행#서울여행#서울여행코스#수도권#아이와함께#역사#역사유적지#연인과함께#인생샷#전통역사문화체험#종로#종로가볼만한곳#친구와함께#한국관광100선,"1,202",0,0,1,korean
롯데월드 어드벤처,관광,테마파크,서울특별시 송파구 올림픽로 240,#17_18한국관광100선#19_20한국관광100선#2024_여행가는달과함께하는_발도장여행지#21_22한국관광100선#23_24한국관광100선#가족여행#관광지#놀이공원#놀이동산#당일치기여행#데이트코스#롯데월드#롯데월드#롯데월드어드벤처#서울#서울가볼만한곳#서울근교여행#수도권#수도권#아이와함께#연인과함께#친구와함께#크리스마스#테마파크#테마파크#한국관광100선#핫플레이스,"15,214",0,0,10,korean
창덕궁,관광,세계문화유산,서울특별시 종로구 율곡로 99,#19_20한국관광100선#2024_여행가는달과함께하는_발도장여행지#21_22한국관광100선#23_24한국관광100선#관광지#데이트코스#수도권#역사#역사공부#역사관광지#역사를품은곳#역사문화재#역사속#역사속으로#역사여행#역사유적#역사유적지#역사유적지#역사이야기#역사탐방#역사탐험#연인과함께#유네스코세계문화유산#창덕궁과후원#한국관광100선,753,0,0,3,korean
덕수궁,관광,궁궐,서울특별시 중구 세종대로 99 덕수궁,#15_16한국관광100선#17_18한국관광100선#19_20한국관광100선#2024_여행가는달과함께하는_발도장여행지#21_22한국관광100선#23_24한국관광100선#가족여행#고궁#과거여행#관광지#교과서속여행#궁궐여행#당일치기여행#덕수궁#서울#서울근교여행#수도권#아이와함께#역사#역사유적지#연인과함께#전통&역사문화체험#친구와함께#한국관광100선#한복#한복체험,436,0,0,2,korean
선정릉,관광,세계문화유산,서울특별시 강남구 선릉로100길 1 선릉정릉,#2024_여행가는달과함께하는_발도장여행지#가족여행#관광지#교과서속여행#서울선릉과정릉#서울의왕릉#선릉#선릉과정릉#선정릉#성종#아이와함께#역사#역사공부#역사관광지#역사를품은곳#역사문화재#역사속#역사유적지#역사탐방#유네스코세계문화유산#전통역사문화체험#정릉#정현왕후#조선왕릉#중종#친구와함께,43,0,0,4,korean
롯데월드타워 서울스카이,관광,전망대,서울특별시 송파구 올림픽로 300 117~123층,#2024_여행가는달과함께하는_발도장여행지#23_24한국관광100선#가족여행#경치좋은곳#관광지#롯데월드#롯데월드타워#롯데월드타워서울스카이#사계절#서울#서울데이트장소#서울스카이#수도권#실내여행지#아이와함께#야간관광100선#야경투어#연인과함께#인생샷#전망대#전망좋은곳#커플데이트#한국관광100선,"11,594",0,0,6,korean
마포구하늘공원,관광,"자연,생태공원",서울특별시 마포구 하늘공원로 95,#2024_여행가는달과함께하는_발도장여행지#관광지#남녀노소#산책하기#아이와함께#야경명소#야경여행#야경좋은곳#억새#억새군락지#월드컵공원#자연속으로#자연여행#자연좋은곳#자연풍경#자연환경#하늘공원#휴식공원#휴식여행#휴식하기좋은곳,681,0,0,4,korean
동대문종합시장,관광,시장,서울특별시 종로구 종로 272 동대문종합시장 신관,#2024_여행가는달과함께하는_발도장여행지#동대문#동대문쇼핑#동대문쇼핑타운#동대문종합시장#쇼핑#쇼핑타운#야간여행#친구와함께,41,0,0,3,korean
북촌한옥마을,관광,지역명소,서울특별시 종로구 계동길 37,#2024_여행가는달과함께하는_발도장여행지#가족여행#관광지#나홀로여행#당일치기여행#데이트코스#도심여행#북촌한옥마을#사계절#서울근교여행#아이와함께#역사#연인과함께#전통가옥#친구와함께#한옥,56,0,1,1,cafe
낙산공원,관광,근린공원,서울특별시 종로구 낙산길 41,#2024_여행가는달과함께하는_발도장여행지#가족여행#관광지#나들이#낙산#낙산공원#데이트코스#드라이브여행#서울야경#성곽걷기#수도권#아이와함께#야간관광100선#연인과함께#종로공원#체험학습#친구와함께#힐링,93,0,0,1,korean
국립중앙박물관,관광,박물관,서울특별시 용산구 서빙고로 137 국립중앙박물관,#2024_여행가는달과함께하는_발도장여행지#BTS#bts여행#bts투어#RM#가족여행#국립중앙박물관#나들이#문화시설#미세먼지_피하는_실내여행#박물관#수도권#실내관광지#실내여행#실내여행지#아이와함께#어린이날가볼만한곳#전시관#전통&역사문화체험#체험학습#친구와함께,"1,296",0,1,1,cafe
광화문,관광,기념물,서울특별시 종로구 효자로 12 국립고궁박물관,#19_20한국관광100선#2024_여행가는달과함께하는_발도장여행지#가족여행#경복궁#관광지#광화문#광화문#광화문광장#교과서속여행#당일치기여행#서울근교여행#수문장교대#아이와함께#역사#역사관광지#역사를품은곳#역사문화재#역사속으로#역사여행#역사유적지#역사탐험#연인과함께#전통역사문화체험#종로여행#친구와함께#커플데이트,141,0,1,1,cafe
창경궁,관광,궁궐,서울특별시 종로구 창경궁로 185 창경궁,#15_16한국관광100선#17_18한국관광100선#19_20한국관광100선#2024_여행가는달과함께하는_발도장여행지#21_22한국관광100선#23_24한국관광100선#가족여행#고궁#관광지#교과서속여행#궁궐여행#당일치기여행#서울#서울근교여행#수도권#아이와함께#역사#역사유적지#연인과함께#인생샷#전통&역사문화체험#창경궁#친구와함께#한국관광100선,132,0,0,5,korean
스타필드 코엑스몰,관광,쇼핑복합시설,서울특별시 강남구 봉은사로 524,#19_20한국관광100선#2024_여행가는달과함께하는_발도장여행지#21_22한국관광100선#23_24한국관광100선#강남#서울#쇼핑#수도권#수도권#스타필드코엑스몰#연중무휴#코엑스#크리스마스#한국관광100선,"1,892",0,0,3,korean
석촌호수,관광,"호수,연못,저수지",서울특별시 송파구 잠실동,#2024_여행가는달과함께하는_발도장여행지#걷기길#관광지#벚꽃#산책길#산책코스#산책하기#산책하기좋은곳#석촌호수#석촌호수공원#송파공원#송파나루공원#숲#아이와함께#야간관광100선#야경여행지#야경투어#연인과함께#자연#잠실공원#잠실롯데월드#잠실벚꽃길#조깅#휴식공간#휴식여행#휴식하기#휴식하기좋은곳#힐링,279,0,1,1,cafe
화랑대 철도공원,관광,"도시,테마공원",서울특별시 노원구 공릉동 29-51,#2024_여행가는달과함께하는_발도장여행지#경춘선숲길#관광지#데이트명소#불빛정원#산책길#산책하기#산책하기좋은곳#야경명소#야경여행#야경좋은곳#야경코스#연인과함께#이색체험#커플데이트#화랑대역#화랑대철도공원#휴식공간#휴식공원#휴식여행#휴식하기좋은곳,51,0,0,2,korean
청계천,관광,"강,하천",서울특별시 종로구 창신동,#가족여행#관광지#나들이#데이트코스#드라이브여행#산책길#산책하기#산책하기좋은곳#수도권#아이와함께#야간관광100선#연인과함께#청계천#체험학습#친구와함께#힐링,161,0,0,5,korean
서래마을,관광,체험마을,서울특별시 서초구 반포4동,#관광지#남녀노소#도심여행#마포서래마을#문화#산책하기#산책하기좋은곳#서래마을#서울프랑스학교#연인과함께#유럽풍식당#이색거리#주한프랑스학교#체험#친구와함께#커플데이트#프랑스마을#프랑스식당,104,0,0,7,korean
경희궁,관광,궁궐,서울특별시 종로구 새문안로 45 경희궁.시립미술관,#15_16한국관광100선#17_18한국관광100선#19_20한국관광100선#2024_여행가는달과함께하는_발도장여행지#21_22한국관광100선#23_24한국관광100선#가족여행#경희궁#경희궁지#고궁#관광지#교과서속여행#궁궐투어#당일치기여행#서울#서울근교여행#서울역사박물관#수도권#아이와함께#역사#역사유적지#연인과함께#전통&역사문화체험#친구와함께#한국관광100선,39,0,2,2,cafe
서울로 7017,관광,도보코스,서울특별시 중구 청파로 432,#19_20한국관광100선#2024_여행가는달과함께하는_발도장여행지#걷기길#관광지#나홀로여행#데이트코스#도심여행#산책코스#산책하기좋은곳#서울로#서울로7017#야간관광100선#연인과함께#인생샷#전망좋은곳#전시행사#친구와함께#핫플레이스,23,0,0,4,korean
돈의문박물관마을,관광,체험마을,서울특별시 종로구 송월길 14-3,#2024_여행가는달과함께하는_발도장여행지#감성사진#교육#남녀노소#돈의문#돈의문마켓#돈의문박물관마을#돈의문시간여행#문화시설#반려동물동반여행지#부모님과함께#사진찍기좋은곳#사진촬영#사진촬영명소#서대문역#서울100년시간여행놀이터#수도권반려동물여행지#아이와함께#옛추억#이색체험#전시#추억여행#추억의박물관#행복한추억,45,0,0,4,korean
덕수궁 돌담길,관광,도보코스,서울특별시 중구 세종대로19길 24 영국대사관,#2024_여행가는달과함께하는_발도장여행지#가족과함께#걷기길#걷기여행#걷기좋은곳#고궁#관광지#덕수궁#덕수궁돌담길#데이트장소추천#산책하기좋은곳#서울데이트장소#수도권#야간관광100선#연중무휴#열린광광지#체험#친구와함께#커플데이트,22,0,0,2,chinese
망원시장,관광,시장,서울특별시 마포구 포은로6길 27 1층,#2024_여행가는달과함께하는_발도장여행지#가족여행#나들이#나홀로여행#데이트코스#망원시장#먹거리#쇼핑#수도권#시장맛집#아이와함께#연인과함께#전통시장#전통시장투어#체험학습#친구와함께#힐링,118,0,1,1,cafe
여의도한강공원,관광,시민공원,서울특별시 영등포구 여의동로 330 한강사업본부 여의도안내센터,#2019년4월_Tmap추천_여행예보#2024_여행가는달과함께하는_발도장여행지#걷기길#공원#관광지#나들이#데이트코스#도심여행#산책#야경투어#여의도한강공원#연인과함께#자전거여행#조깅#친구와함께#피크닉#한강공원#한강시민공원여의도지구,266,0,0,5,korean
남산골한옥마을,관광,"문화,유적",서울특별시 중구 퇴계로34길 28 남산골한옥마을,#2024_여행가는달과함께하는_발도장여행지#가족여행#관광지#남녀노소#남산골한옥마을#도심여행#수도권#아이와함께#연인과함께#이색체험#전통여행#전통한복#체험#체험프로그램#체험학습#친구와함께,331,0,4,4,cafe
경의선숲길,관광,"거리,골목",서울특별시 마포구 연남동,#경의선숲길#데이트명소#데이트코스#도심산책#레포츠#마포구#산책코스#연남동#연트럴파크#주말여행#홍대가볼만한곳,53,0,1,1,cafe
서울공예박물관,관광,박물관,서울특별시 종로구 율곡로3길 4,#2024_여행가는달과함께하는_발도장여행지#가볼래터#공예#공예자료#공예체험#공예품#남녀노소#문화공간#문화시설#민속공예품#아이와함께#여행구독#전통공예품,220,0,0,1,korean
AK PLAZA 홍대,관광,백화점,서울특별시 마포구 양화로 188,#2024_여행가는달과함께하는_발도장여행지#AK&홍대#쇼핑#홍대쇼핑몰,756,0,0,3,korean
서대문형무소역사관,관광,박물관,서울특별시 서대문구 통일로 251 서대문형무소역사관,#2024_여행가는달과함께하는_발도장여행지#21_22한국관광100선#3·1운동#3·1운동_100주년_여행지추천#가족과함께#교과서속여행#독립운동#문화시설#미세먼지_피하는_실내여행#박물관#서대문형무소역사관#수도권#실내관광지#실내여행지#아이와함께#연인과함께#전시관#전통&역사문화체험#체험학습#친구와함께#항일민족독립운동,"1,611",0,0,4,korean
광장시장,관광,시장,서울특별시 종로구 창경궁로 88,#가족여행#광장시장#나들이#나홀로여행#데이트코스#도심여행#먹거리#쇼핑#수도권#시장맛집#아이와함께#야간관광100선#연인과함께#전통시장#전통시장투어#친구와함께,18,0,0,1,korean
반포대교 달빛무지개분수,관광,지역명소,서울특별시 서초구 반포동 649-1,#2024_여행가는달과함께하는_발도장여행지#감성사진#경치좋은곳#관광지#데이트코스#반포대교#반포대교달빛무지개분수#사진찍기좋은곳#서울가볼맛한곳#서울투어#야경투어#연인과함께#친구와함께,54,0,1,1,cafe
세빛섬,관광,섬,서울특별시 서초구 올림픽대로 2085-14 세빛섬,#2024_여행가는달과함께하는_발도장여행지#가족과함께#걷기길#경치좋은곳#관광지#나들이#데이트코스#도심여행#서울투어#세빛둥둥섬#세빛섬#수도권#야간관광100선#야경여행지#야경투어#연인과함께#영화&드라마촬영지#친구와함께#피크닉#한강#휴식공간#휴식여행#휴식하기#휴식하기좋은곳,43,0,0,3,west
북악팔각정,관광,"도시,테마공원",서울특별시 성북구 북악산로 267 북악팔각정,#2024_여행가는달과함께하는_발도장여행지#걷기길#관광지#도심여행#북악스카이#북악스카이팔각정#서울야경#서울전경#수도권#야간관광100선#전망대#팔각정,"2,718",0,0,1,korean
월드컵공원,관광,테마공원,서울특별시 마포구 하늘공원로 86,#2024_여행가는달과함께하는_발도장여행지#가족여행#관광지#산책하기#산책하기좋은곳#수도권#아이와함께#연인과함께#월드컵공원#피크닉#휴식공간#휴식여행#휴식하기#휴식하기좋은곳,457,0,3,3,cafe
올림픽공원,관광,"도시,테마공원",서울특별시 송파구 올림픽로 424,#2024_여행가는달과함께하는_발도장여행지#88올림픽공원#sk핸드볼경기장#가족여행#걷기여행#관광지#나들이#나홀로여행#당일치기여행#데이트코스#도심여행#몽촌토성#사계절#서울근교여행#송파구공원#아이와함께#연인과함께#올림픽공원#잠실공원#조깅#친구와함께#피크닉,859,0,5,9,korean
몽촌토성,관광,성곽명,서울특별시 송파구 올림픽로 424 올림픽공원,#가족여행#관광지#교과서속여행#몽촌박물관#몽촌역사관#몽촌토성#박물관#백제토성#수도권#아이와함께#역사#역사공부#역사관광#역사를품은곳#역사문화#역사문화재#역사속#역사속으로#역사여행#역사유적#역사유적지#역사유적지#역사이야기#역사탐험#올림픽공원#한성백제,26,1,0,3,west
서대문자연사박물관,관광,박물관,서울특별시 서대문구 연희로32길 51,#가족과함께#가족나들이#가족여행#단체관람#문화시설#박물관#서대문자연사박물관#아이와함께#자연사박물관#체험학습#친구와함께,"1,914",0,2,2,cafe
푸른수목원,관광,"식물원,수목원",서울특별시 구로구 서해안로 2117,#관광지#서울가을나들이#서울산책로#서울수목원#서울시1호공립식물원#수목원#자연#자연환경#최초시립수목원#푸른수목원#항동철길#항동푸른수목원,400,0,0,7,west
송파책박물관,관광,박물관,서울특별시 송파구 송파대로37길 77,#독서체험#문화시설#송파책박물관#아이와함께가볼만한곳#어린이관람시설#어린이체험교육#책박물관#책체험전시실#체험학습,299,0,0,1,korean
숭례문,관광,기념물,서울특별시 중구 세종대로 40,#2024_여행가는달과함께하는_발도장여행지#관광지#교과서속여행#국보#국보1호#남대문#서울가볼만한곳#수도권#숭례문#아이와함께#역사#역사문화재#역사여행#역사유적지#역사체험,115,0,기념물,3,korean
와룡공원,관광,"도시,테마공원",서울특별시 종로구 와룡공원길 192,#가족들과 함께#관광지#근린공원#나들이코스#도시자연공원#산책코스#산책하기좋은곳#서울의공원#와룡공원#와룡근린공원#종로구,11,0,1,5,korean
방학동도깨비시장,관광,시장,서울특별시 도봉구 도당로 85-7,#나들이#나홀로여행#데이트코스#도깨비시장#만물시장#벼룩시장#쇼핑#수도권#아이와함께#연인과함께#이색체험#전통시장#전통시장투어#전통역사문화체험#체험학습#친구와함께#황학동벼룩시장#힐링,39,0,0,1,korean
몽마르뜨공원,관광,"도시,테마공원",서울특별시 서초구 반포동 산59-1,#가족과함께#공원#관광지#마포공원#몽마르뜨공원#산책#산책길#산책하기#산책하기좋은곳#서래마을공원#휴식공간#휴식여행#휴식하기#휴식하기좋은곳#힐링산책,18,0,0,5,korean
이순신장군동상,관광,기념물,서울특별시 종로구 세종대로 172,#관광지#광화문광장#교과서속여행#남녀노소#도심여행#산책하기#산책하기좋은곳#수도권#아이와함께#역사여행#역사이야기#체험학습#충무공이순신동상,20,0,0,6,korean
채그로,음식,북카페,서울특별시 마포구 마포대로4다길 31,#독서#마포구가볼만한곳#복합문화시설#북카페#서울#쇼핑#채그로#책#힐링공간,201,0,북카페,3,korean
롯데월드몰,관광,쇼핑복합시설,서울특별시 송파구 올림픽로 300 롯데월드몰,#관광지#데이트코스#도심여행#롯데월드몰#롯데월드타워#롯데월드타워&롯데월드몰#문화행사#미세먼지_피하는_실내여행#복합문화공간#수도권#실내데이트#실내여행지#실내여행지#잠실쇼핑#전망대#한류,"2,454",0,0,7,korean
롯데호텔 월드,숙소,5성급,서울특별시 송파구 올림픽로 240,#롯데월드호텔#롯데호텔월드#서울숙소#수도권#숙박#잠실호텔#호캉스즐기기#호텔,"5,841",0,0,5,korean
인왕산,관광,산,서울특별시 종로구 무악동 산2-1,#관광지#등산#사직공원#서울산#수도권#수도권산#인왕산#인왕산도#인왕제색도#자연#자하문#트레킹,114,0,0,10,korean
한강시민공원 뚝섬지구,관광,시민공원,서울특별시 광진구 강변북로 139,#걷기길#관광지#나들이#도심여행#뚝섬한강공원#야경투어#연인과함께#자전거여행#조깅#친구와함께#피크닉#한강시민공원뚝섬지구#휴식공간#휴식여행#휴식하기#휴식하기좋은곳,147,0,1,6,korean
종묘,관광,세계문화유산,서울특별시 종로구 종로 157,#가족과함께#가족여행#관광지#교과서속여행#당일치기여행#서울근교여행#세계문화유산#아이와함께#역사#역사여행#역사유적지#유네스코#유네스코세계문화유산#전통역사문화체험#종로가볼만한곳#종묘#친구와함께,748,1,0,2,japanese
불암산,관광,산,서울특별시 노원구 상계동,#가족여행#관광지#당일치기여행#등산#등산로#불암산#사계절#서울근교여행#아이와함께#연인과함께#자연#자연좋은곳#친구와함께#힐링&휴양여행,51,0,0,5,korean
통인시장,관광,시장,서울특별시 종로구 자하문로15길 18,#가족여행#나들이#나홀로여행#데이트코스#도시락카페#먹거리#서울근교여행#쇼핑#수도권#시장맛집#아이와함께#연인과함께#유료주차#전통시장#전통시장투어#체험학습#친구와함께#통인시장#통인전통시장,255,0,0,2,korean
소소한 풍경,음식,한식,서울특별시 종로구 자하문로40길 75,#맛집#부암동맛집#부암동소소한풍경#부암동전망좋은식당#부암동한정식#소소한풍경#음식#전망_좋은#퓨전한정식,453,0,0,7,korean
청와대사랑채,관광,박물관,서울특별시 종로구 효자로13길 45,#가족여행#교과서속여행#기념관#도심여행#문화시설#사계절#사랑채#실내여행지#아이와함께#역사#이색체험#전시관#청와대#청와대사랑채#체험학습#친구와함께,753,0,1,1,cafe
반포한강공원,관광,시민공원,서울특별시 서초구 신반포로11길 40 한강공원 반포 안내센터,#걷기길#관광지#나들이#도심여행#반포한강공원#수도권#야간관광100선#야경투어#연인과함께#인생샷#자전거여행#조깅#친구와함께#피크닉#휴식공간#휴식여행#휴식하기#휴식하기좋은곳,94,2,0,6,west
탑골공원,관광,근린공원,서울특별시 종로구 종로 99 탑골공원,#가족여행#관광지#나들이#드라이브여행#수도권#아이와함께#주말추천여행지#친구와함께#탑골공원,18,0,0,7,korean
남대문 문구상가,관광,"문구,팬시용품",서울특별시 중구 남대문로 6-2,#남대문문구점#남대문시장문구#남대문학용품#문구상가#문구시장#문구용품거리#문구점#사무용품할인점#쇼핑#쇼핑거리#외국인이많이찾는#외국인친구에게추천#추억여행#친구와함께#카메라#포장용품#학용품할인점,80,0,1,1,cafe
서울어린이대공원,관광,테마파크,서울특별시 광진구 능동로 216,#가족여행#걷기여행#관광지#나들이#놀이동산&테마파크#당일치기여행#동물원#사계절#서울근교여행#서울어린이대공원#아이와함께#연인과함께#친구와함께#테마파크#피크닉#힐링&휴양여행,"2,699",1,0,6,chinese
섬세이 테라리움,관광,전시관,서울특별시 성동구 서울숲2길 44-1 지하1층 섬세이 테라리움,#문화시설#서울데이트#서울숲전시#섬세이테라리움#성수전시#이색체험#전시#체험전시,152,0,0,9,korean
목인박물관 목석원,관광,박물관,서울특별시 종로구 창의문로5길 46-1,#문화공간#문화시설#문화예술#문화예술공간#문화예술활동#복합문화공간#열린문화공간#예술여행#종합예술#창작공간#창작물#창작품#창작활동,135,0,0,3,korean
용마폭포공원,관광,"도시,테마공원",서울특별시 중랑구 용마산로 250-12 용마폭포공원관리사무소,#걷기길#관광지#나들이#면목동공원#산책길#산책하기#산책하기좋은곳#수도권#연중무휴#용마산#용마폭포공원#자연여행#자연좋은곳#자연환경#중랑구공원#중랑구폭포공원#폭포공원#휴식공간#휴식여행#휴식하기#휴식하기좋은곳,64,0,0,1,west
국립민속박물관&국립민속박물관 어린이박물관,관광,박물관,서울특별시 종로구 삼청로 37,#2022_추석_당일치기_여행#가족과함께#관광지#광화문박물관#교육여행#국립민속박물관#민속박물관#민속어린이박물관#산업관광#산업관광지#서울박물관#아이와함께#어린이박물관#역사속으로#역사이야기#이색체험#체험프로그램#한국전통,28,0,0,2,korean
서울 운현궁,관광,궁궐,서울특별시 종로구 삼일대로 464 운현궁,#관광지#서울운현궁#수도권#아이와함께#역사#역사공부#역사관광지#역사를품은곳#역사문화재#역사속#역사속으로#역사여행#역사유적지#역사이야기#역사탐방#역사탐험#운현궁#전통역사,47,1,0,4,west
여의도샛강생태공원,관광,"자연,생태공원",서울특별시 영등포구 여의도동 49,#가족여행#걷기길#관광지#나들이#도심여행#샛강생태공원#생태공원#생태관광#여의도샛강생태공원#여의도생태공원#여의샛강생태공원#자연#친구와함께#한강변공원,18,0,0,3,korean
난지한강공원,관광,시민공원,서울특별시 마포구 한강난지로 162 한강공원 난지안내센터,#관광지#나들이#난지물놀이장#난지캠핑장#난지한강공원#난지한강공원수영장#데이트코스#도심캠핑#마포난지공원#마포한강공원#복합문화공간#연인과함께#연중무휴#열린문화공간#피크닉#한강공원#한강시민공원난지지구#휴식공간#휴식여행#휴식하기#휴식하기좋은곳,105,0,0,2,korean
국립항공박물관,관광,박물관,서울특별시 강서구 하늘길 177,#교육여행#국립항공박물관#문화시설#아이와함께#역사속으로#역사이야기#이색체험#체험프로그램#항공박물관#항공체험,789,0,0,12,korean
경동시장,관광,시장,서울특별시 동대문구 고산자로36길 3,#가볼래터#가족여행#나들이#나홀로여행#데이트코스#로컬여행#먹거리#서울경동시장#쇼핑#수도권#시장맛집#아이와함께#연인과함께#전통시장#전통시장투어#체험학습#친구와함께#힐링,49,0,3,3,cafe
용산가족공원,관광,근린공원,서울특별시 용산구 서빙고로 137 국립중앙박물관,#가족공원#가족과함께#가족여행#걷기여행#관광지#나들이#당일치기여행#반려동물동반여행지#사계절#서울공원#서울근교여행#수도권반려동물여행지#아이와함께#연인과함께#용산가족공원#용산공원#용산미군기지#친구와함께#태극기공원#피크닉#힐링#힐링&휴양여행,36,6,0,6,etc
서서울호수공원,관광,"도시,테마공원",서울특별시 양천구 남부순환로64길 26 신월야구장,#가족여행#걷기여행#걷기좋은공원#관광지#나들이(피크닉)#당일치기여행#사계절#서서울호수공원#서울공원#아이와함께#연인과함께#자연미술관#친구와함께#피크닉#힐링&휴양여행,41,0,0,3,korean
무수아취,관광,"캠핑,야영장",서울특별시 도봉구 도봉로169길 249,#가볼래터#가족과함께#글램핑#도봉구#도봉구맛집#도봉맛집#바베큐#바베큐전문점#바비큐#서울가볼만한곳#서울글램핑#셀프바베큐#여행구독#음식#친구와함께#캠핑감성#캠핑식당,"2,025",0,0,3,korean
서울함공원,관광,"도시,테마공원",서울특별시 마포구 마포나루길 407,#가족과함께#가족여행#관광지#교육여행#마포공원#서울함#서울함공원#아이와함께#역사속으로#역사이야기#이색체험#퇴역군함#한강버스킹#함상테마파크#해양수호공원#휴식공간#휴식하기좋은곳#힐링여행,151,0,0,4,korean
헬로우 에이피엠 (Hello apm),관광,"화장품,향수",서울특별시 중구 장충단로 253 헬로우 에이피엠,#멀티쇼핑몰#쇼핑#외국인이많이찾는#외국인친구에게추천#패션몰,28,0,0,2,chinese
키자니아 서울,관광,테마파크,서울특별시 송파구 올림픽로 240 키자니아 서울,#관광지#도심여행#미세먼지_피하는_실내여행#실내여행지#아이가_열광하는_여행#아이가_좋아하는_여행#아이와함께#아이직업체험#이색체험#직업체험#체험#체험관광#키자니아#테마파크,111,0,0,1,korean
배봉산,관광,산,서울특별시 동대문구 휘경2동 배봉산,#가벼운등산#관광지#남녀노소#동대문구산#동대문구산책길#배봉산둘레길#보행데크#산책코스#서울시립대근처산#아이와함께#자연#자연속으로#자연여행#자연좋은곳#자연풍경#자연환경#휴식여행#휴식하기좋은곳#힐링산책#힐링여행,10,0,0,6,korean
만해한용운심우장,관광,기념물,서울특별시 성북구 성북로29길 24,#가족과함께#관광지#아이와함께#역사#역사공부#역사관광지#역사를품은곳#역사문화재#역사속#역사속으로#역사유적지#역사이야기#역사탐방#역사탐험,11,0,1,3,korean
독립문,관광,기념물,서울특별시 서대문구 현저동 941,#관광지#교과서속여행#독립문#독립협회#서대문독립공원#서대문독립문#수도권#역사#역사공부#역사를품은곳#역사문화재#역사속#역사속으로#역사여행#역사유적#역사유적지#역사탐방#역사탐험#연중무휴#최초서양식건물#프랑스개선문,36,0,0,6,chinese
전쟁기념관,관광,박물관,서울특별시 용산구 이태원로 29 전쟁기념관,#가족여행#교과서속여행#도심여행#문화시설#미세먼지_피하는_실내여행#박물관#실내관광지#실내여행지#아이와함께#용산전쟁기념관#전쟁기념관#전쟁사#전통&역사문화체험#체험학습,772,0,2,2,cafe
서울 중부시장,관광,시장,서울특별시 중구 을지로32길 33,#가족여행#나들이#나홀로여행#데이트코스#도심여행#먹거리#서울중부시장#쇼핑#수도권#시장맛집#아이와함께#연인과함께#전통시장#전통시장투어#친구와함께,24,0,0,5,korean
삼익패션타운,관광,"상가,아케이드",서울특별시 중구 남대문시장8길 7 삼익상가지하 2,#관광특구#구두전문백화점#남대문도매시장#남대문먹자골목#남대문시장#쇼핑#아동복#아동복시장#유명의류할인매장#패션,60,1,0,1,etc
흥인지문,관광,기념물,서울특별시 종로구 종로 288 흥인지문,#가족여행#관광지#교과서속여행#당일치기여행#서울근교여행#서울성곽#아이와함께#역사#역사공부#역사관광지#역사를품은곳#역사문화재#역사속#역사속으로#역사유적#역사유적지#역사이야기#역사탐방#역사탐험#전통&역사문화체험#친구와함께#한양도성#흥인지문,46,0,0,5,korean
롯데월드 아쿠아리움,관광,아쿠아리움,서울특별시 송파구 올림픽로 300 롯데월드몰 B1,#가족과함께#롯데월드#롯데월드아쿠아리움#문화시설#미세먼지_피하는_실내여행#실내관광지#실내데이트#실내여행지#아이와함께#아쿠아리움#연인과함께#연중무휴#커플데이트,"9,496",0,0,1,korean
남산 야외식물원,관광,"식물원,수목원",서울특별시 용산구 이태원동 259-16,#가족여행#관광지#남산야외식물원#남산타워#데이트코스#도심여행#사계절#수도권#야외식물원#연인과함께#연중무휴#자연#자연쉼터#자연좋은곳#친환경여행#힐링,189,0,0,6,korean
선유도공원,관광,근린공원,서울특별시 영등포구 선유로 343,#관광지#도심산책#산책길#산책로#휴식공간#휴식여행#휴식하기#휴식하기좋은곳#힐링산책#힐링여행,67,0,1,1,cafe
중명전,관광,국가유산,서울특별시 중구 정동,#가족여행#고종황제편전#관광지#교과서속여행#근대문화유산#대한제국궁궐#대한제국편전#도심여행#상설전시#아이와함께#역사#외국인사교클럽#유명건물#을사늑약장소#전통&역사문화체험#중명전#체험학습#친구와함께#헤이그특사파견#황실도서관,17,0,0,6,korean
양화한강공원,관광,시민공원,서울특별시 영등포구 노들로 113 양화개나리점,#걷기길#관광지#나들이#도심여행#산책#서울가볼만한곳#야경투어#양화한강공원#연인과함께#자전거여행#조깅#친구와함께#피크닉#한강공원#한강시민공원양화지구,61,0,0,5,korean
수락산,관광,산,서울특별시 노원구 상계동,#가족여행#관광지#당일치기여행#등산#등산로#사계절#서울근교여행#수락산#아이와함께#연인과함께#자연#자연좋은곳#친구와함께#힐링&휴양여행,49,0,2,2,cafe
국립고궁박물관,관광,박물관,서울특별시 종로구 효자로 12 국립고궁박물관,#교과서속여행#국립고궁박물관#나들이#문화시설#박물관#실내여행지#아이와함께#전시관#전통&역사문화체험#체험학습#친구와함께,119,0,0,9,korean
IFC몰,관광,"쇼핑센터,할인매장",서울특별시 영등포구 여의도동 국제금융로 10 서울 국제금융 센터,#IFC몰#복합쇼핑몰#쇼핑#수도권#여의도대형쇼핑몰#여의도복합쇼핑몰#여의도쇼핑#여의도아이에프씨몰#연중무휴#영등포#크리스마스,"1,986",0,0,4,korean
관악산 낙성대공원,관광,"도시,테마공원",서울특별시 관악구 낙성대로 77 낙성대공원,#가족여행#강감찬#강감찬장군#관광지#관악산낙성대공원#교과서속여행#낙성대강감찬#낙성대공원#당일치기여행#서울근교여행#서울둘레길#서울둘레길5코스#아이와함께#역사#역사유적지#연인과함께#전통&역사문화체험#친구와함께,104,0,0,3,japanese
다이나믹 메이즈 (서울 인사동점),관광,테마파크,서울특별시 종로구 인사동길 12 대일빌딩 지하1층,#관광지#다이나믹메이즈#도심여행#레포츠체험#복합문화공간#수도권#실내놀이터#실내여행지#연인과함께#연중무휴#이색체험#체험#친구와함께,"2,615",0,0,2,korean
서대문독립공원,관광,테마공원,서울특별시 서대문구 통일로 247 독립문역,#걷기길#관광지#교과서속여행#서대문독립공원#수도권#아이와함께#역사#연중무휴,282,4,0,4,etc
대림중앙시장,관광,시장,서울특별시 영등포구 디지털로37나길 21,#가족여행#나들이#나홀로여행#대림중앙시장#데이트코스#먹거리#서울근교여행#쇼핑#수도권#시장맛집#아이와함께#연인과함께#이색체험#전통시장#전통시장투어#차이나타운#체험학습#친구와함께#힐링,12,0,0,4,korean
서울역사박물관,관광,박물관,서울특별시 종로구 새문안로 55,#가족여행#교과서속여행#단체관람#도심여행#문화시설#박물관#서울역사박물관#아이와함께#전통&역사문화체험#체험학습#친구와함께,34,0,0,7,korean
더현대 서울,관광,백화점,서울특별시 영등포구 여의대로 108 더현대 서울,#더현대서울#백화점#복합문화공간#쇼핑#플래그십스토어#현대백화점,"2,326",0,0,5,korean
서울 효창공원,관광,국가유산,서울특별시 용산구 효창동,#관광지#서울공원#서울효창공원#수도권#역사공부#역사를품은곳#역사속#역사속으로#역사여행#역사유적#역사유적지#역사이야기#역사탐방#역사탐험#연인과함께#연중무휴#효창공원,24,0,0,1,chinese
파크하비오 워터킹덤&스파,관광,워터파크,서울특별시 송파구 송파대로 111 202동 지하1층,#가족과함께#가족나들이#관광지#도심속물놀이#무더위_피해_실내놀이#미세먼지_피하는_실내여행#아이와함께#여름방학가기좋은곳#여름여행#여름피서지#연인과함께#파크하비오#휴식공간#휴식하기#휴식하기좋은곳,"3,445",0,0,2,korean
서울창포원,관광,"식물원,수목원",서울특별시 도봉구 마들로 916,#가족과함께#가족나들이#걷기길#관광지#붓꽃#생태관광#서울창포원#식물원#아이와함께#이색체험#자연#자연관광지#자연속으로#자연여행#자연좋은곳#자연풍경#자연환경#창포원#체험학습#휴식여행#휴식하기#휴식하기좋은곳#힐링,49,0,0,2,korean
전쟁과여성인권박물관,관광,박물관,서울특별시 마포구 월드컵북로11길 20 전쟁과여성인권박물관,#마포박물관#문화시설#박물관#수도권#아이와함께#아픈과거#여성박물관#역사속#역사속으로#역사이야기#역사탐험#연인과함께#위안부피해생존자박물관#전시관#전쟁과여성인권박물관#전쟁박물관#친구와함께,38,0,0,6,west
마복림할머니집,음식,떡볶이,서울특별시 중구 다산로35길 5,#떡볶이#마복림#마복림떡볶이#맛집#서울맛집추천#신당동떡볶이#신당동맛집#음식#즉석떡볶이,"5,114",0,0,4,korean
아쿠아플라넷 63,관광,아쿠아리움,서울특별시 영등포구 63로 50,#63빌딩수족관#63빌딩아쿠아리움#가족여행#관광지#대형수족관#데이트코스#도심여행#미세먼지_피하는_실내여행#수도권#실내여행지#아이가_좋아하는_여행#아이와함께#아쿠아리움#아쿠아리움&수족관#아쿠아플라넷63#여의도아쿠아플라넷#연인과함께,"6,386",0,0,1,korean
뮤직컴플렉스 서울,음식,"카페,디저트",서울특별시 종로구 인사동길 49 안녕인사동 5층 뮤직컴플렉스서울,#LP카페#가볼래터#뮤직카페#뮤직컴플렉스서울#여행구독#음식#음악카페#이색체험#이색카페#인사동가볼만한곳,610,0,0,4,korean
또순이네집,음식,소고기구이,서울특별시 영등포구 선유로47길 16 오오1004빌딩,#또순이네#또순이네된장찌개#양평동또순이네#영등포또순이네#음식#주물럭맛집,"2,778",0,0,1,chinese
우묵배미,음식,돼지고기구이,서울특별시 관악구 남부순환로 1540 1층,#갈비탕#고기맛집#관악구#꽁치김치찜#돼지낙지전골#돼지두부찌개#돼지두부찌개#돼지볶음#돼지볶음#맛집#서울맛집#서울우묵배미#서울한식당#신림역맛집#육개장#음식,126,0,0,6,korean
영등포청과시장,관광,시장,서울특별시 영등포구 영신로41길 5-1 에이원하우징,#과일도매시장#서울청과물시장#쇼핑#영등포과일시장#영등포청과시장,19,0,0,5,korean
보라매공원,관광,근린공원,서울특별시 동작구 여의대방로20길 33,#걷기길#공군체험#관광지#동작구공원#동작노천수영장#동작보라매공원#반려견놀이터#보라매공원#산책길#산책하기#산책하기좋은곳#수도권#아이와함께#야간분수쇼#연중무휴#휴식공간#휴식여행#휴식하기#휴식하기좋은곳,838,0,0,1,korean
호텔 카푸치노,숙소,3성급,서울특별시 강남구 봉은사로 155 호텔 카푸치노,#반려견동반여행지#서울숙소#서울호텔#숙박#숙박쿠폰#애견동반숙소#연인과함께#친구와함께#친환경호텔#카푸치노호텔#호캉스#호캉스즐기기#호텔카푸치노,183,0,0,3,korean
한강시민공원 망원지구(망원한강공원),관광,시민공원,서울특별시 마포구 마포나루길 467 한강공원망원지구사무소,#걷기길#관광지#나들이#도심여행#망원한강공원#산책길#산책하기#산책하기좋은곳#야경투어#연인과함께#자전거여행#조깅#친구와함께#피크닉#한강시민공원망원지구,141,3,0,3,etc
국립한글박물관,관광,박물관,서울특별시 용산구 서빙고로 139,#가족체험여행#교과서속여행#국립한글박물관#문화시설#문화행사#미세먼지_피하는_실내여행#박물관#수도권#아이와함께#외국어해설#자원봉사활동#전시관#전통&역사문화체험#체험학습,265,0,0,1,west
토속촌삼계탕,음식,"백숙,삼계탕",서울특별시 종로구 자하문로5길 5 토속촌,#맛집#삼계탕#음식#종로맛집#토속촌_오골계_삼계탕#토속촌삼계탕#해물파전,"4,675",0,2,3,korean
허준박물관,관광,박물관,서울특별시 강서구 허준로 87 허준박물관,#교과서속여행#구암허준#도심여행#문화시설#박물관#아이와함께#전시#전통&역사문화체험#체험학습#허준#허준박물관,39,1,0,5,west
남산공원,관광,"도시, 테마공원",서울 중구 삼일대로 231,#가족여행#관광지#나들이#남산#남산공원#남산데이트#남산순환버스#남산케이블카#남산타워#당일치기여행#데이트코스#사계절#산책하기좋은곳#서울도심공원#서울자연휴식처#서울휴식공간#아이와함께#연인과함께#친구와함께#피크닉#휴식하기좋은곳#힐링,130,0,0,1,korean
석파랑,음식,한정식-일반,서울특별시 종로구 자하문로 309,#건강식맛집#건강여행#궁중수라#남녀노소#만세#맛집#부모님과함께#석파#수복#음식#전통음식#정성가득#종로구#진연#진찬#한정식#힐링여행,87,0,0,4,korean
마로니에공원,관광,근린공원,서울특별시 종로구 대학로 104,#가족과함께#가족여행#걷기여행#공연#관광지#나들이#당일치기여행#대학로#대학로공원#대학로데이트코스#데이트코스#동숭로공원#마로니에공원#사계절#서울근교여행#아이와함께#연극#연인과함께#친구와함께#피크닉#힐링&휴양여행,401,0,6,6,cafe
선천집,음식,한식,서울특별시 종로구 인사동14길 5,#맛집#백년가게#불고기#서울시#음식#이북음식#종로구#평안도#한식#한정식,58,0,2,2,cafe
경춘선숲길,관광,도보코스,서울특별시 노원구 공릉동 272-2,#걷기좋은길#경춘선#관광지#레포츠#산책하기좋은곳#서울데이트장소#숲길#연인과함께#친구와함께,23,0,0,5,korean
종이나라박물관,관광,박물관,서울특별시 중구 장충단로 166 종이나라빌딩 2층,#나들이#단체관람#도심여행#문화시설#박물관#실내여행지#아이와함께#이색체험#종이나라박물관#체험학습,182,0,0,1,korean
청수정,음식,한식,서울특별시 종로구 삼청로 91,#맛집#불고기덮밥#뽈떼기찜#뽈떼기탕#삼청동맛집#삼청동밥집#음식#제육볶음#종로맛집#홍합밥#홍합밥정식#홍합비빔밥,996,0,0,2,korean
코엑스 아쿠아리움,관광,아쿠아리움,서울특별시 강남구 영동대로 513,#데이트코스#문화시설#미세먼지_피하는_실내여행#실내관광지#실내여행지#실내여행지#아이와함께#아쿠아리움&수족관#연인과함께#영화&드라마촬영지#체험학습#친구와함께#코엑스아쿠아리움,"9,220",0,2,2,cafe
피규어뮤지엄W,관광,박물관,서울특별시 강남구 선릉로158길 3 Ys Roo,#가족과함께#남녀노소#문화시설#아이가_좋아하는_여행#아이와함께#이색체험#테마관광지#휴식공간#휴식여행#휴식하기#휴식하기좋은곳,143,0,0,3,korean
채석장 전망대,관광,전망대,서울특별시 종로구 낙산5길 51,#가족과함께#경치여행#경치좋은곳#관광지#서울야경#아이와함께#역사공부#역사속#역사속으로#역사여행#역사유적#역사이야기#역사탐방#역사탐험#채석장#카페낙타,203,0,0,8,korean
만석장,음식,한식,서울특별시 은평구 대서문길 43-10,#두부요리#두부요리전문점#두부한정식#두부한정식#만석장#맛집#백년가게#삼겹살가마구이#삼겹쌈밥#서울시#은평구#음식#정성가득,"1,044",0,0,4,korean
서울광장 스케이트장,관광,스케이트장,서울특별시 중구 을지로 12,#겨울스포츠#겨울여행#레포츠#복합레저스포츠#생활스포츠#서울광장#서울광장스케이트장#서울데이트#서울시청#스케이트#스케이트장#아이와함께#연인과함께#커플데이트#크리스마스,44,0,0,2,korean
용산초등학교 실내수영장,관광,수영장,서울특별시 용산구 한강대로57길 33 용산초등학교수영장,#레포츠#서울#서울수영장#수영#수영장#실내수영장#용산수영장#용산초등학교#용산초실내수영장#초등학교,29,0,0,7,korean
반포 서래섬,관광,섬,서울특별시 서초구 반포동,#관광지#남녀노소#도심산책#산책로#산책코스#산책하기좋은곳#자연#휴식하기#휴식하기좋은곳#힐링산책,21,0,0,1,korean
둘리뮤지엄,관광,박물관,서울특별시 도봉구 시루봉로1길 6,#둘리뮤지엄#문화시설#문화콘텐츠산업#박물관#복합문화공간#수도권#실내놀이터#아이가_좋아하는_여행#아이와함께#어린이날#어린이날가볼만한곳#전시관#체험학습,407,0,0,6,korean
응봉산(서울),관광,산,서울특별시 성동구 금호동4가 1540 응봉산,#관광지#등산#자연,47,0,0,2,korean
서울책보고,관광,서점,서울특별시 송파구 오금로 1 서울책보고,#INFP상상여행#관광지#서울책보고#서울헌책방#서점#송파쇼핑#쇼핑#아이와함께#친구와함께#헌책#헌책방,333,0,0,3,chinese
서소문성지역사박물관,관광,박물관,서울특별시 중구 칠패로 5,#문화시설#서소문성지#서소문성지역사박물관#서소문역사박물관#서울시건축상건축물#성지#순례지#아름다운건축물#역사박물관#천주교박해장소#천주교성지#천주교순교성지,300,0,0,3,korean
선동보리밥,음식,보리밥,서울특별시 성북구 성북로 134-4 선동보리밥,#감자전#백년가게#보리밥#서울맛집#영양돌솥밥#음식,591,0,0,6,korean
승진완구,관광,장난감,서울특별시 종로구 종로52길 30,#쇼핑#완구매장#유아완구#장난감,"2,133",1,0,1,etc
스파레이,관광,찜질방,서울특별시 서초구 강남대로107길 5 크레신빌딩,#관광지#뷰티&스파#사우나#스파레이#여성전용#연중무휴#온천&스파#찜질방#친구와함께#휴식공간#휴식여행#휴식하기#휴식하기좋은곳,218,0,0,6,korean
잠실한강공원,관광,시민공원,서울특별시 송파구 한가람로 65 한강사업본부 잠실안내센터,#걷기길#관광지#나들이#도심여행#수도권#야경투어#연인과함께#자전거여행#잠실한강공원#조깅#친구와함께#피크닉#한강시민공원잠실지구#휴식공간#휴식여행#휴식하기#휴식하기좋은곳,70,0,0,3,korean
디타워 (replace 광화문),관광,"쇼핑센터,할인매장",서울특별시 종로구 종로3길 17 디타워 광화문,#광화문맛집#광화문상가#광화문쇼핑#디타워광화문점#쇼핑#종로맛집#종로상가#종로쇼핑,14,3,1,9,west
가락농수산물종합도매시장,관광,시장,서울특별시 송파구 양재대로 932 가락동 농수산물도매시장,#가락농수산물도매시장#가락시장#가족여행#나들이#나홀로여행#데이트코스#도심여행#먹거리#쇼핑#수도권#시장맛집#아이와함께#연인과함께#전통시장#전통시장투어#친구와함께#특산물,12,0,0,1,korean
이촌한강공원,관광,시민공원,서울특별시 용산구 이촌로72길 62 한강공원 이촌안내센터,#걷기길#관광지#남녀노소#봄나들이#산책코스#산책하기좋은곳#수도권#연인과함께#열린문화공간#이촌한강공원#한강시민공원#한강자전거#휴식공간#휴식여행#휴식하기#휴식하기좋은곳,40,0,0,7,korean
강동그린웨이 가족캠핑장,관광,"캠핑,야영장",서울특별시 강동구 천호대로206길 87,#가족여행#강동구#레포츠#자연환경#주말여행#캠핑장#힐링여행,101,0,1,1,cafe
사육신공원,관광,근린공원,서울특별시 동작구 노량진로 191 사육신묘지공원,#가족여행#관광지#교과서속여행#노량진산책코스#당일치기여행#동작구공원#동작사육신공원#사육신#사육신공원#사육신묘#산책코스#산책하기좋은곳#서울근교여행#아이와함께#역사관광지#역사유적#역사유적지#전통역사문화체험#친구와함께#한강조망,14,0,0,2,korean
서소문역사공원,관광,근린공원,서울특별시 중구 칠패로 5 서소문공원,#관광지#도심산책#산책하기좋은곳#서소문성지#아이와함께#역사공부#역사이야기#휴식공간#휴식여행#휴식하기좋은곳#힐링산책,11,0,3,3,cafe
태릉국제스케이트장,관광,스케이트장,서울특별시 노원구 화랑로 681,#겨울스포츠#레포츠#복합레저스포츠#스케이트#스케이트강습#스케이트장#실내스케이트장#실내운동#육군사관학교#태릉#태릉국제스케이트장#태릉스케이트#태릉스케이트장,39,0,0,4,korean
대림창고,음식,"카페,디저트",서울특별시 성동구 성수이로 78,#남녀노소#빈티지#사진찍기좋은곳#성동구#연인과함께#음식#정미소#카페#휴식공간#휴식하기좋은곳,"2,176",0,0,1,west
삼청공원,관광,근린공원,서울특별시 종로구 삼청로 156 삼청공원관리실,#가족여행#걷기여행#관광지#나들이#당일치기여행#사계절#삼청공원#삼청근린공원#서울공원#서울근교여행#숲체험원#아이와함께#연인과함께#자연좋은곳#친구와함께#피크닉#휴양여행#힐링,20,0,1,3,west
연서시장,관광,시장,서울특별시 은평구 통일로 850 연서시장,#쇼핑#연서시장#재래시장#전통시장,214,0,0,4,chinese
컨퍼런스하우스달개비 정동점,음식,한정식-일반,서울특별시 중구 세종대로19길 16,#단체모임추천#달개비#달개비한정식#맛집#서울시#서울시청맛집#서울중구맛집#서울한정식#음식#중구#한정식,91,0,3,3,cafe
겟댓샷(Get That Shot),음식,"카페,디저트",서울특별시 영등포구 경인로 846 롯데백화점영등포점 1층,#가볼래터#서울#서울가볼만한곳#서울카페#여행구독#영등포#음식#이색카페#카페#힐링,615,0,0,4,korean
박물관은 살아있다(인사동점),관광,테마파크,서울특별시 종로구 인사동길 12 대일빌딩 지하1층,#데이트코스#도심여행#문화시설#박물관은살아있다#사계절#사진찍기#사진찍기좋은곳#사진촬영#실내여행지#아이와함께#연인과함께#이색체험#인생샷,773,0,0,4,korean
대학로,관광,"거리,골목",서울특별시 종로구 동숭동,#가족여행#관광지#나홀로여행#당일치기여행#대학로#데이트코스#도심여행#문화행사#사계절#상설공연#서울근교여행#아이와함께#연인과함께#체험#친구와함께#핫플레이스,11,0,1,4,west
도산공원,관광,테마공원,서울특별시 강남구 도산대로45길 20 도산전시관,#가족여행#걷기여행#관광지#나들이#당일치기여행#도산공원#도산안창호#사계절#서울근교여행#아이와함께#안창호공원#압구정#연인과함께#친구와함께#피크닉#힐링&휴양여행,44,0,0,5,korean
플로팅아일랜드,관광,섬,서울특별시 서초구 올림픽대로 2085-14 세빛섬,#문화시설#새빛섬결혼식장#선상웨딩#세빛섬#세빛섬플로팅아일랜드#프라이빗모임#플로팅아일랜드#한강결혼식#한강레스토랑#한강예식장#한강컨벤션,44,0,3,5,korean
더 스팟 패뷸러스,음식,"카페,디저트",서울특별시 중구 명동2길 22 1.2층,#뉴트로카페#명동카페#서울_여행지_추천#서울가볼만한곳#서울권#음식,"2,165",0,0,3,korean
서울상상나라,관광,박물관,서울특별시 광진구 능동로 216 서울상상나라,#문화시설#사계절#서울상상나라#아이와함께#여름방학가볼만한곳#이색체험#체험학습,"2,084",0,0,4,korean
진고개,음식,한식,서울특별시 중구 충무로 19-1,#갈비찜#맛집#문냉면#보쌈김치#불고기#서울중구#육개장#음식,420,0,0,3,korean
그랜드 인터컨티넨탈 서울 파르나스,숙소,호텔,서울특별시 강남구 테헤란로 521 그랜드 인터컨티넨탈 서울 파르나스,#강남구#서울숙소#서울호텔#숙박#숙박쿠폰#코엑스#호캉스#호캉스즐기기#호텔,"1,567",0,0,6,korean
북촌박물관,관광,박물관,서울특별시 종로구 북촌로 39,#가족과함께#고미술품#공예품#문화시설#박물관#북촌#서울시#아이와함께#역사속으로#역사이야기#전통&역사#전통작품#종로구#한국전통,39,0,0,5,korean
서울신라호텔,숙소,5성급,서울특별시 중구 동호로 249,#서울숙소#숙박#중구#호캉스즐기기,"3,956",0,0,8,korean
아차산 어울림정원,관광,"자연,생태공원",서울특별시 광진구 워커힐로 127 아차산 생태공원,#걷기길#관광지#광진구산책로#광진구휴식공간#산책하기좋은곳#생태관광#아차산생태공원#자연#자연&숲#자연좋은곳#트레킹#힐링산책,20,0,0,2,west
롯데월드 민속박물관,관광,박물관,서울특별시 송파구 올림픽로 240 롯데월드,#나들이#놀이동산&테마파크#데이트코스#롯데월드#롯데월드민속박물관#문화시설#미세먼지_피하는_실내여행#박물관#아이와함께#연인과함께#전시관#전통&역사문화체험#체험학습#친구와함께#힐링,"1,097",0,0,1,korean
우래옥,음식,냉면,서울특별시 중구 창경궁로 62-29,#가족과함께#맛집#미쉐린가이드#불고기#을지로#을지로맛집#음식#평양냉면#평양냉면#힙지로,"4,566",0,0,4,chinese
씨랄라 워터파크,관광,워터파크,서울특별시 영등포구 문래로 164 지하 2층,#관광지#남녀노소#문래동사우나#문래동워터파크#물놀이장#실내워터파크#아이가_좋아하는_여행#아이와함께#여름피서지#휴식공간#휴식여행#휴식하기#휴식하기좋은곳,"1,517",1,0,2,korean
밀리오레,관광,"상가, 아케이드",서울특별시 중구 장충단로 263,#쇼핑,97,0,0,1,korean
노량진수산물도매시장,관광,시장,서울특별시 동작구 노들로 674 노량진수산물도매시장,#가족여행#나들이#나홀로여행#노량진수산물도매시장#도심여행#먹거리#쇼핑#수도권#시장맛집#아이와함께#연인과함께#전통시장#전통시장투어#친구와함께#특산물,700,0,1,6,korean
인왕산 더숲 초소책방,음식,카페,서울특별시 종로구 인왕산로 172,#북카페#서울_여행지_추천#서울가볼만한곳#서울권#음식#인왕산,"4,853",1,0,1,etc
광나루한강공원 암사생태공원,관광,"자연,생태공원",서울특별시 강동구 암사동 616-1,#관광지#광나루#생태체험#서울가볼만한곳#서울공원#암사생태공원#자연#한강#한강공원,10,0,0,1,korean
매헌 시민의 숲,관광,자연공원,서울특별시 서초구 매헌로 99,#걷기길#관광지#나들이#도심여행#산책길#산책하기#산책하기좋은곳#양재시민의숲#연인과함께#자연#자연좋은곳#자연환경#주말추천여행지#친구와함께#힐링,46,0,8,8,cafe
도봉산,관광,산,서울특별시 도봉구 도봉동,#가족여행#관광지#당일치기여행#도봉산#도봉산역#등산#등산로#사계절#서울근교여행#아이와함께#연인과함께#자연#자연좋은곳#친구와함께#힐링&휴양여행,71,0,0,3,korean
서울 암사동 유적,관광,"유적지,사적지",서울특별시 강동구 올림픽로 875,#가족여행#관광지#교과서속여행#당일치기여행#서울근교여행#서울박물관#서울암사동유적#신석기시대#아이와함께#암사동유적박물관#역사#역사공부#역사관광지#역사를품은곳#역사문화재#역사속#역사여행#역사유적지#역사탐방#전통&역사문화체험#친구와함께,178,0,3,3,cafe
리얼월드 성수,관광,"관람,체험",서울특별시 성동구 연무장13길 8 메리히어 1층 리얼월드 성수,#2023_설날_핫플#가볼래터#관광지#성수동가볼만한곳#성수동데이트#성수동핫플레이스#이색체험,147,0,0,2,korean
롯데월드 아이스링크(실내),관광,아이스링크,서울특별시 송파구 올림픽로 240,#겨울스포츠#동계스포츠체험#레포츠#롯데월드#롯데월드스케이트장#송파스케이트장#스케이트장#실내데이트#실내스케이트장#연인과함께#연인과함께#친구와함께,"4,979",1,0,5,chinese
광나루한강공원,관광,시민공원,서울특별시 강동구 암사동 659-1,#걷기길#관광지#광나루한강공원#나들이#도심여행#서울가볼만한곳#야경투어#연인과함께#자전거여행#조깅#친구와함께#피크닉#한강공원#한강시민공원광나루지구#휴식공간#휴식여행#휴식하기#휴식하기좋은곳,15,0,0,6,chinese
교보문고,관광,서점,서울특별시 종로구 종로 1 교보생명빌딩 지하1층,#교보문고#도서관#도심여행#문화시설#문화행사#사계절#수도권#아이와함께#연인과함께#체험학습#친구와함께#핫플레이스,"23,013",0,0,2,korean
잠원한강공원,관광,시민공원,서울특별시 서초구 잠원동,#가족여행#관광지#나들이#산책길#산책로#산책하기#산책하기좋은곳#서울가볼만한곳#서울산책#서울여행#연인과함께#잠원한강공원#한강공원#한강시민공원잠원지구#휴식공간#휴식여행#휴식하기#휴식하기좋은곳,81,0,0,2,korean
풋볼 팬타지움,관광,박물관,서울특별시 마포구 월드컵로 240,#VR체험#문화시설#박물관#복합레저스포츠#실내놀이터#아이와함께#이색체험#전시관#주말추천여행지#체험학습#축구장#축구전시관#친구와함께#테마파크#풋볼팬타지움,18,0,0,6,korean
달맞이봉공원,관광,근린공원,서울특별시 성동구 금호동4가 산27,#관광지#달맞이봉#달야경#서울야경명소#성동구공원#응봉산공원#해돋이명소,13,0,0,1,korean
삼거리먼지막순대국,음식,"순대,순댓국",서울특별시 영등포구 시흥대로185길 11,#맛집#백년가게#서울미래유산#서울시#순대국#순대국#순대안주가성비_갑담백한_맛#술국#영등포구#음식#해장국,"1,022",0,0,2,korean
아이파크몰 용산점,관광,"쇼핑센터,할인매장",서울특별시 용산구 한강대로23길 55,#가족과함께#남녀노소#백화점#복합쇼핑몰#서울용산구#쇼핑#쇼핑몰#아이파크몰#아이파크백화점#용산구#전시장,"5,539",0,0,4,korean
서울 중앙시장,관광,시장,서울특별시 중구 퇴계로85길 36,#서울3대시장#서울중앙시장#쇼핑#아이와함께#예술가#이색체험#재래시장#전통시장#중앙시장,15,0,0,6,chinese
세종한우정육점식당  2호점,음식,정육식당,서울특별시 강남구 학동로 219 국제빌딩 지층,#강남한우맛집#논현동한우#세종한우#세종한우정육점식당#옛날불고기#음식#한우소고기보신탕#한우정육식당,481,0,0,1,korean
그랜드 워커힐 리버파크(야외수영장),관광,수영장,서울특별시 광진구 워커힐로 177,#가족과함께#레포츠#리버파크#수영장#실외#여름피서지#연인과함께#워커힐#휴식공간#휴식여행#휴식하기좋은곳#힐링여행,523,0,0,2,korean
청계천박물관,관광,박물관,서울특별시 성동구 청계천로 530 청계천박물관,#걷기여행#도심여행#문화시설#박물관#실내여행지#아이와함께#청계천#청계천박물관,40,0,0,10,korean
용마산,관광,산,서울특별시 중랑구 면목동,#관광지#나홀로여행#등산#용마산#자연#자연&숲#자연좋은곳#자연풍경#자연환경#친구와함께#트레킹,45,0,0,2,korean
장충단공원,관광,"도시,테마공원",서울특별시 중구 동호로 257-10,#가족여행#걷기여행#관광지#나들이#당일치기여행#사계절#서울근교여행#아이와함께#연인과함께#장충단공원#친구와함께#피크닉#힐링&휴양여행,23,0,0,5,west
하우스 도산,관광,선글라스,"서울특별시 강남구 압구정로46길 50 M층, 2층, 3층",#남녀노소#문화예술#사진찍기#사진찍기좋은곳#선글라스#쇼핑#안경#연인과함께#이색공간#친구와함께#휴식공간,141,0,0,1,korean
레치키치 스튜디오,관광,"사진,스튜디오",서울특별시 마포구 신촌로2안길 2 보애빌딩 지하,#관광지#스튜디오#이색체험#체험,"2,225",0,1,1,cafe
프레젠트모먼트,관광,인테리어소품,서울특별시 마포구 동교로 49-1 1층,#가볼래터#망원동#빈티지#서울#소품샵#쇼핑#여행구독#인형#크리스마스,197,0,0,3,korean
헌인릉 생태경관보전지역(오리나무림),관광,"자연,생태공원",서울특별시 서초구 헌인릉길 36-10 헌인릉,#관광지#나들이#당일치기여행#생태관광#수도권#오리나무림#자연#자연&숲#자연좋은곳#헌인릉생태경관보전지역#힐링,15,0,0,8,korean
은평한옥마을,관광,체험마을,서울특별시 은평구 진관동 193-14,#관광지#서울#은평구#한옥마을#한옥체험,53,0,0,6,korean
우리유황온천,관광,"온천,스파",서울특별시 광진구 자양로5길 33 지하2층,#관광지#서울온천#온천#우리유황온천#천연유황온천#프라젠스파,227,0,0,4,korean
파리공원,관광,"도시,테마공원",서울특별시 양천구 목동동로 363 파리공원,#걷기길#관광지#나들이#서울도심여행#아이와함께#연인과함께#자연#주말추천여행지#친구와함께#파리공원#힐링,32,0,0,3,korean
한성백제박물관,관광,박물관,서울특별시 송파구 위례성대로 71 한성백제박물관,#가족여행#교과서속여행#당일치기여행#문화시설#박물관#사계절#아이와함께#역사를품은곳#역사속#역사속으로#역사여행#역사유적지#역사탐방#한성백제박물관,330,0,0,3,korean
서울생활사박물관,관광,박물관,서울특별시 노원구 동일로174길 27,#관광지#근현대박물관#박물관#서울생활사박물관#실내관광지#아이와함께#이색체험#전시#전통&역사체험,36,0,0,4,korean
강변스파랜드,관광,찜질방,서울특별시 광진구 구의강변로 45 지하2층,#강변스파랜드#강변역사우나#강변역찜질방#관광지#불한증막#사우나#서울24시찜질방#서울스파#서울찜질방#서울찜질방추천#수도권#연인과함께#연중무휴#찜질방#휴식공간#휴식여행#휴식하기#휴식하기좋은곳#힐링&휴양#힐링체험,452,0,1,1,cafe
삼청동수제비,음식,한식,서울특별시 종로구 삼청로 101-1,#감자전#감자전#맛집#삼청동맛집#삼청동수제비#서울맛집#수도권#수제비#수제비#수제비맛집#연중무휴#음식#종로맛집#쭈꾸미볶음#찹쌀_새알_옹심이#파전#파전,"6,211",0,0,2,japanese
광화문광장,관광,광장,서울특별시 종로구 세종대로 175 세종이야기,#걷기길#관광지#광화문광장#도심공원#도심순환#도심여행#산책하기좋은곳#서울도심여행#세종대왕동상#시티투어#인생샷#충무공이순신동상,123,0,0,1,korean
서대문안산,관광,산,서울특별시 서대문구 봉원동,#관광지#남녀노소#무악산동봉수대터#산책로#산책코스#서대문구산#순환형무장애숲길#안산봉수대#안산자락길#역사탐험#자연#자연좋은곳#자연환경#휴식공간#휴식공원#휴식여행#휴식하기좋은곳#힐링산책#힐링여행#힐링여행지,24,0,0,2,korean
런던베이글뮤지엄,음식,베이커리,서울특별시 종로구 북촌로4길 20,#2023_설날_디저트맛집#MZ세대#런던베이글뮤지엄#베이글#베이글맛집#비주얼맛집#안국역맛집#음식,"6,466",0,1,1,cafe
서울광장,관광,광장,서울특별시 중구 을지로 12 시청광장지하쇼핑센터,#가족과함께#관광지#덕수궁#도심여행#복합문화공간#산책하기#산책하기좋은곳#서울광장#서울도서관#서울시청#수도권#스케이트장#시청광장#열린문화공간#주말추천여행지#친구와함께#크리스마스#피크닉#휴식공간#휴식여행#휴식하기#휴식하기좋은곳,59,0,0,2,korean
중랑장미공원,관광,근린공원,서울특별시 중랑구 묵동 375,#관광지#서울축제#장미공원#장미정원#장미축제#장미터널#중랑천,33,0,0,5,korean
양재꽃시장,관광,"원예,화훼농원",서울특별시 서초구 강남대로 27 화훼공판장 나동 87호 양재꽃시장꽃과나무,#사진명소#서울_여행지_추천#서울가볼만한곳#서울권#쇼핑#양재꽃시장,10,9,0,9,etc
여의도공원,관광,근린공원,서울특별시 영등포구 여의도동 여의공원로 68 여의도공원관리사무소,#c-47비행기전시관#관광지#꽃여행#데이트코스#복합문화공간#봄나들이#산책길#산책하기#산책하기좋은곳#서울근교여행#여의도공원#여의도광장#여의도문화마당#연인과함께#연중무휴#열린문화공간#영등포여의도공원#인생샷#한국전통의숲#휴식공간#휴식여행#휴식하기#휴식하기좋은곳,474,0,0,5,korean
삼원가든,음식,한식,서울특별시 강남구 언주로 835,#강남맛집#강남삼원가든#강남한식당#고기맛집#맛집#분위기_좋은#불고기#생갈비#양념갈비#육회#음식,748,1,1,2,west
마포농수산물시장,관광,시장,서울특별시 마포구 월드컵로 235,#농수산물시장#마포구전통시장#마포농수산물시장#마포회센터#쇼핑#전통시장,65,0,0,9,korean
진주회관,음식,국수,서울특별시 중구 세종대로11길 26,#김치찌개#냉콩국수#맛집#삼겹살#서울맛집#섞어찌개#수도권#연중무휴#음식#진주회관#콩국수,"5,098",1,1,10,west
이새,관광,패션,서울특별시 종로구 인사동길 30-1 인사유리,#쇼핑#자연주의#중장년층#천연소재#친환경염색의류,16,0,0,2,korean
서울 평화시장,관광,"상가,아케이드",서울특별시 중구 청계천로 274,#가족여행#나들이#나홀로여행#데이트코스#도매상가#도심여행#동대문시장#먹거리#서울평화시장#쇼핑#수도권#시장맛집#아이와함께#연인과함께#의류도매상가#전통시장#전통시장투어#청계천시장#친구와함께#평화시장,10,0,0,9,korean
샤오바오우육면 종로본점,음식,중식당,서울특별시 종로구 삼일대로17길 15,#샤오바오본점#수타우육면#음식#종각샤오바오#종각우육면맛집,"4,090",0,0,8,korean
광장시장 한복매장,관광,한복,서울특별시 종로구 창경궁로 88 광장시장2층 구관 32호,#광장시장#광장시장한복매장#쇼핑#수도권#연중무휴#한복매장,12,0,0,8,korean
창의문,관광,보물,서울특별시 종로구 창의문로 118,#가족여행#관광지#문화재#서울여행#역사#역사공부#역사관광지#역사를품은곳#역사문화재#역사속#역사속으로#역사이야기#역사탐방#연중무휴#인조반정#창의문,13,0,0,6,korean
세종대왕동상,관광,기념물,서울특별시 종로구 세종대로 172,#관광지#광화문광장#교과서속여행#도심여행#세종대왕동상#수도권#아이와함께#역사속#역사속으로#역사이야기#역사탐방#체험학습#훈민정음,32,0,0,7,korean
서대문문화체육회관실내수영장,관광,수영장,서울특별시 서대문구 백련사길 39,#레포츠#서대문수영장#서대문실내수영장#서대문체육관#해수풀수영장,49,0,0,3,korean
구로중앙유통단지,관광,"상가,아케이드",서울특별시 구로구 경인로53길 15,#도소매#무역#산업용품#서울가볼만한곳#쇼핑#오프라인매장#유통단지#저렴한가격#전자부품#컴퓨터부품,10,0,0,2,korean
고속터미널 꽃도매상가,관광,시장,서울특별시 서초구 신반포로 194 강남고속버스터미널,#고터꽃도매상가#고터꽃쇼핑#고터꽃시장#고터쇼핑#꽃#꽃도매상가#쇼핑#원예전문점,10,0,0,6,korean
수연산방,음식,차,서울특별시 성북구 성북로26길 8 상허 이태준 가옥,#관광지#문화재#상허이태준가옥#성북동이태준가옥#성북동찻집#성북수연산방#수도권#수연산방#역사#역사공부#역사를품은곳#역사문화재#역사속#역사속으로#역사여행#역사유적#역사유적지#역사이야기#역사탐방#역사탐험#이태준가옥,567,0,0,1,chinese
강서농산물도매시장,관광,시장,서울특별시 강서구 발산로 40 강서농산물도매시장,#강서농산물도매시장#강서도매시장유통#과일도매시장#농산물경매장#농산물도매시장#도매시장#쇼핑,170,0,0,6,korean
오금오름공원,관광,"도시,테마공원",서울특별시 송파구 오금로 363 오금근린공원,#관광지#데이트코스#산책길#산책하기#산책하기좋은곳#아이와함께#연인과함께#오금공원#자연&숲#휴식공간#휴식여행#휴식하기#휴식하기좋은곳#힐링,15,1,0,2,chinese
용산공원 반환부지,관광,근린공원,서울특별시 용산구 서빙고로 221,#SNS감성핫플레이스#SNS속_인생샷명소#가볼래터#관광지#데이트코스#색감_예쁜_관광지#여행구독#옛_미군기지#옛_서빙고#용산#용산공원#포토존#힐링#힐링공간#힐링공원,12,3,0,3,etc
약령시장,관광,"거리,골목",서울특별시 동대문구 제기동,#가족여행#나들이#나홀로여행#데이트코스#도심여행#먹거리#서울약령시장#쇼핑#수도권#시장맛집#아이와함께#연인과함께#전통시장#전통시장투어#친구와함께#특산물,19,0,0,2,japanese
뚝섬 한강공원 수영장,관광,수영장,서울특별시 광진구 자양동 112,#가족과함께#남녀노소#뚝섬#레포츠#물놀이장#수영장#실외수영장#아이가_좋아하는_여행#아이와함께#야외#야외수영장#여름방학가볼한곳#여름피서지#친구와함께#한강공원#한강수영장#한강시민공원,16,0,0,5,korean
응정헌,숙소,전통숙소,서울특별시 은평구 연서로50길 19,#독채한옥#서울숙소#서울여행#서울한옥#조식가능#품질인증업소_전체보기#한국관광품질인증#한국관광품질인증_한옥#한옥,213,0,0,9,korean
정릉(신덕왕후),관광,"유적지,사적지",서울특별시 성북구 아리랑로19길 116,#관광지#서울정릉#세계문화유산#수도권#아이와함께#역사#역사공부#역사를품은곳#역사문화재#역사속#역사속으로#역사여행#역사유적#역사유적지#역사탐험#유네스코세계문화유산#이성계후비#조선왕릉#현비강씨릉,23,0,2,2,cafe
양천공원,관광,근린공원,서울특별시 양천구 목동동로 111,#관광지#산책하기좋은곳#아이가_좋아하는_여행#아이와가볼만한곳#아이와함께#휴식공간#휴식공원#휴식여행#휴식하기#휴식하기좋은곳#힐링산책,19,0,0,2,korean
봉화산,관광,산,서울특별시 중랑구 묵동,#경치좋은곳#관광지#남녀노소#등산#등산여행#봉수대#봉화산#자연#자연좋은곳#자연풍경#자연환경#중랑구산#중랑구힐링#휴식하기좋은곳#힐링산책,18,0,0,5,korean
오동근린공원,관광,근린공원,서울특별시 강북구 번동 산12,#관광지#근린공원#산책길#산책코스#산책하기#산책하기좋은곳#실내운동#자연환경#체육관#휴식공간#휴식여행#휴식하기#휴식하기좋은곳,10,0,0,4,west
롯데아울렛 서울역점,관광,아울렛,서울특별시 용산구 한강대로 405 롯데아울렛서울역점,#서울여행#쇼핑#품질인증업소_전체보기#한국관광품질인증,"1,171",0,0,1,korean
104고지전적비,관광,기념물,서울특별시 서대문구 연희동 산100-1,#관광지#기념탑#역사#역사공부#역사관광지#역사를품은곳#역사문화재#역사속#역사속으로#역사여행#역사유적#역사유적지#역사이야기#역사탐방#역사탐험#추모#추모비#한국역사#한국전쟁#해병대,203,0,0,4,korean
용마랜드,관광,촬영장소,서울특별시 중랑구 망우로70길 118,#관광지#드라마촬영지#뮤직비디오촬영지#사진찍기좋은곳#사진촬영지#애견동반놀이동산#야외대관장소#영화촬영지#용마랜드#웨딩촬영지#폐놀이공원,16,0,0,3,korean
통인가게 미술,관광,"미술,공예품",서울특별시 종로구 인사동길 32,#가족여행#고미술갤러리#고미술전시#고미술품갤러리#나들이#나홀로여행#데이트코스#쇼핑#수도권#아이와함께#연인과함께#전통역사문화체험#친구와함께#통인가게#힐링,46,0,0,1,korean
롯데월드,관광,테마파크,서울특별시 송파구 올림픽로 240,#공연장#나들이#놀이공원&테마파크#데이트코스#롯데월드가든스테이지#문화시설#미세먼지_피하는_실내여행#실내여행지#아이와함께#어린이날가볼만한곳#연인과함께#예술#음악회#체험학습#친구와함께#힐링,"15,214",0,0,5,korean
세운상가,관광,"상가,아케이드",서울특별시 종로구 청계천로 159,#가전제품#쇼핑#전자부품#컴퓨터,49,0,0,2,korean
서초구민체육센터수영장,관광,수영장,서울특별시 서초구 사평대로 55 서초구민체육센터.심산기념문화센터,#남녀노소#레포츠#생활스포츠#서초YMCA수영장#서초구#수영#수영장#스포츠#실내수영장#실내스포츠,11,3,3,7,west
서촌게스트하우스,숙소,게스트하우스,서울특별시 종로구 자하문로7길 28-3 통인동,#마운틴뷰#서울숙소#서울여행#서울한옥#숙박#조식가능#품질인증업소_전체보기#한국관광품질인증#한국관광품질인증_한옥#한옥,37,0,0,10,korean
황궁우,관광,국가유산,서울 중구 소공동,#고종#관광지#대한제국황제국#사적#수도권#역사#역사공부#역사관광지#역사를품은곳#역사문화재#역사속#역사속으로#역사속으로#역사여행#역사유적#역사유적지#역사유적지#역사이야기#역사탐험#제천단#조선호텔#환구단#환단#황궁우,14,0,0,1,korean
필동면옥,음식,냉면,서울 중구 서애로 26,#냉면#냉면#맛집#비빔냉면#서울중구맛집#서울특별시#음식#접시만두#제육담백한_맛#중구#충무로맛집#평양냉면#평양냉면맛집,"2,253",0,0,4,korean
간송미술관,관광,박물관,서울 성북구 성북로 102-11 간송미술관,#가족과함께#문화공간#문화시설#문화예술#문화예술공간#복합문화공간#아이와함께#연인과함께#열린문화공간#예술공간#한국전통,16,0,0,3,korean
금강제화 영등포본점,관광,신발,서울특별시 영등포구 영중로 18,#멀티샵#쇼핑#신발#정장화#핸드백,103,0,0,2,japanese
동림매듭공방,관광,박물관,서울특별시 종로구 북촌로12길 10,#가족체험#공예#문화시설#박물관#수공예#아이와함께#연인과함께#전시#전통공예#종로공방#종로박물관,15,0,0,3,west
더퍼스트스테이 호텔,숙소,4급,서울특별시 강서구 마곡동로4길 23,#서울숙소#서울여행#서울호텔#시티뷰#취사가능#품질인증업소_전체보기#한국관광품질인증#한국관광품질인증_호텔#호텔,111,0,2,2,cafe
도넛정수 창신,음식,"카페,디저트",서울특별시 종로구 창신12길 40,#도넛#선물추천#음식#한과#한국식디저트#흑임자,"1,188",0,0,6,korean
티테라피,음식,카페,서울특별시 종로구 윤보선길 74,#가볼래터#건강한여행#남녀노소#여행구독#연인과함께#음식#종로구#한방차#휴식공간#휴식여행#휴식하기좋은곳#힐링여행,645,0,0,3,korean
SLP 어린이회관 눈썰매장,관광,눈썰매장,서울특별시 광진구 광나루로 441,#겨울스포츠#겨울여행#광진구썰매장#광진구어린이회관#눈썰매#눈썰매장#레포츠#복합레저스포츠#빙어잡이#서울#서울눈썰매장#서울어린이회관#아이와가볼만한곳#아이와함께#어린이회관 눈썰매장#익스트림스포츠,750,0,0,1,korean
진옥화할매원조닭한마리,음식,닭요리,서울특별시 종로구 종로40가길 18,#닭한마리#닭한마리골목#닭한마리맛집#닭한마리칼국수#맛집#서울맛집#음식#종로맛집,"3,720",0,0,1,korean
용산역광장,관광,근린공원,서울특별시 용산구 한강대로23길 55,#관광지#용산#용산 광장#용산광장#용산역#용산역광장,79,0,0,6,korean
홍난파가옥,관광,국가유산,서울특별시 종로구 송월1길 38,#건축사#건축여행#관광지#근대건축#근대문화유산#등록문화재#서양식#역사#역사관광지#역사문화재#역사속으로#역사이야기#역사탐험#작곡#홍난파,12,0,0,5,korean
강서구 고성막국수,음식,막국수,서울특별시 강서구 방화대로49길 6-7,#동치미막국수#맛집#음식#편육,465,0,0,4,korean
에프마켓남부낚시,관광,낚시,서울 금천구 시흥대로 443,#고수낚시#낚시용품#낚시용품전문점#서울남부낚시#쇼핑#에프마켓#에프마켓남부낚시#초보낚시#한국낚시협동조합,98,0,0,4,korean
돌실나이 본사할인점,관광,한복,서울특별시 종로구 혜화로 29,#남녀노소#돌실나이#생활한복#쇼핑#수도권#인사동#종로구#한복#한복매장#한복문화,31,0,0,6,korean
백인제가옥,관광,"문화,유적",서울특별시 종로구 북촌로7길 16,#관광지#근대한옥#문화재#백인제가옥#수도권#역사#역사공부#역사관광지#역사를품은곳#역사문화재#역사속#역사속으로#역사여행#역사유적#역사유적지#역사이야기#역사탐험,17,0,0,4,korean
롯데백화점 본점 에비뉴엘,관광,백화점,서울특별시 중구 남대문로 73 롯데백화점에비뉴엘,#남녀노소#롯데백화점#명품매장#명품백화점#문화공간#백화점#쇼핑#중구#중구쇼핑#친구와함께#휴식하기좋은곳,683,0,0,3,korean
원조홍어 본점,음식,"해물,생선요리",서울특별시 영등포구 신길로 200-22,#맛집#신길동홍어거리#영등포홍어거리#음식#한식#홍어맛집#홍어무침#홍어삼합#홍어회,55,1,0,3,west
고려대학교서울캠퍼스아이스링크,관광,아이스링크,서울특별시 성북구 안암로 145,#고려대학교#고려대학교아이스링크#레포츠#서울스케이트#서울아이스링크#스케이트#스케이트장#실내스케이트장#아이스링크,47,5,0,5,etc
메이필드호텔,숙소,5성급,서울특별시 강서구 방화대로 94,#가볼래터#메이필드호텔#서울숙소#서울호텔#숙박#숙박시설#숙박업소#여행구독#호텔#휴식공간#휴식여행#휴식여행#휴식하기좋은곳,825,0,1,1,cafe
해방촌 혼고,음식,"육류,고기요리",서울특별시 용산구 신흥로 89 1층 혼고,#서울혼밥맛집#음식#혼밥#화로구이,290,0,0,1,korean
해밀톤 호텔,숙소,3성급,서울특별시 용산구 이태원로 179,#레포츠#서울호텔#서울호텔수영장#수영장#실외수영장#야외수영장#해밀턴호텔수영장#해밀톤호텔#호텔#호텔수영장#호텔실외수영장#호텔야외수영장,178,0,0,4,korean
국립중앙박물관 어린이박물관,관광,박물관,서울특별시 용산구 서빙고로 137 국립중앙박물관,#겨울방학가볼만한곳#국립어린이박물관#국립중앙박물관#국립중앙박물관어린이박물관#국립중앙어린이박물관#도심여행#문화시설#박물관#아이와함께#여름방학가볼만한곳#용산어린이박물관#주말추천여행지#체험학습,"1,008",0,0,3,west
카페 할아버지공장,음식,"카페,디저트",서울특별시 성동구 성수이로7가길 9,#감성카페#문화공간#복합문화공간#서울카페#예쁜카페#음식#카페,"2,315",0,0,5,korean
울프강스테이크하우스,음식,"스테이크,립",서울특별시 강남구 선릉로152길 21 영인빌딩 1층,#가족식사_추천#맛집#울프강_샐러드#음식#클래식_버거#포터하우스_스테이크,"3,550",0,0,5,korean
남도분식 익선점,음식,분식,서울특별시 종로구 수표로28길 33,#남도분식#맛집#맛집여행#분식맛집#서울맛집#음식#종로맛집,706,0,0,3,korean
태극당,음식,베이커리,서울특별시 중구 동호로24길 7,#데이트#베이커리#복고풍#신선한#옛날맛#옛날빵#옛날빵집#옛스러운분위기#음식#체인점,"9,707",0,0,4,korean
수도박물관,관광,박물관,서울특별시 성동구 왕십리로 27,#가족여행#관광지#근대문화유산#근대산업유산#박물관#산업관광#산업관광지#수도권#수도박물관#아이와함께#역사속으로#역사이야기#전시관#체험학습,10,0,0,3,chinese
낙원떡집,음식,"떡,한과",서울특별시 종로구 삼일대로 438,#떡집#서울_여행지_추천#서울가볼만한곳#서울권#서울미래유산#음식,774,2,0,2,etc
북악산,관광,산,서울특별시 종로구 부암동,#관광지#백아산#북악스카이웨이#삼청공원#서울산#자연#전망좋은곳,32,0,0,3,chinese
두가헌 레스토랑,음식,이탈리아음식,서울특별시 종로구 삼청로 14,#두가헌#레스토랑#맛집#문화공간#삼청동맛집#서울맛집#수도권#스테이크#스테이크#연인과함께#와인#와인#음식#이색적인_맛#종로맛집#코스요리,31,0,0,1,west
써미트 호텔 서울,숙소,3성급,서울특별시 중구 장충단로 198,#서울숙소#서울여행#서울호텔#숙박#연인과함께#중구#휴식공간#휴식하기좋은곳#힐링여행,41,0,0,1,korean
RSG 성수,음식,"카페,디저트",서울특별시 성동구 연무장15길 11 C동 110호,#RSG#RSG성수#라이더성지#라이더카페#라이딩편집숍#서울라이더성지#음식,12,0,0,2,west
포포인츠 바이 쉐라톤 조선 서울역,숙소,4성급,서울특별시 용산구 한강대로 366 포포인츠바이쉐라톤조선 서울역,#서울숙소#서울호텔#숙박#연인과함께#용산구#친구와함께#포포인츠바이쉐라톤#호캉스#호캉스즐기기#호텔,485,0,0,5,korean
창경궁 홍화문,관광,기념물,서울특별시 종로구 창경궁로 185,#19_20한국관광100선#가족여행#고궁#관광지#교과서속여행#사계절#수도권#아이와함께#역사#역사공부#역사관광#역사관광지#역사를품은곳#역사문화재#역사속#역사속으로#역사여행#역사이야기#역사탐방#역사탐험#창경궁홍화문#체험학습,90,0,0,2,japanese
금강제화 명동본점,관광,신발,서울특별시 중구 명동8길 30 금강제화 명동본점,#쇼핑#정장화#제화#패션브랜드,96,0,0,5,korean
구로공단 노동자생활체험관,관광,전시관,서울특별시 금천구 벚꽃로44길 17 금천 순이의 집 구로공단 노동자생활체험관,#관광지#구로공단#구로공단노동자생활체험관#금천순이의집#노동자생활체험관#문화콘텐츠#산업관광#산업관광지#서울가볼만한곳#서울명소#수도권#아이와함께#역사체험#역사탐방#이색체험#직업체험#체험학습#추억여행,12,0,0,7,korean
그랜드 워커힐 서울,숙소,5성급,서울특별시 광진구 워커힐로 177 그랜드워커힐 서울,#광진구#그랜드워커힐#서울숙소#서울호텔#숙박#휴식여행#힐링&여행,"1,001",0,0,3,korean
한국은행 화폐박물관,관광,박물관,서울특별시 중구 남대문로 39 한국은행,#경제교육체험#문화시설#아이와함께가볼만한곳#체험학습#한국은행박물관#한국은행화폐박물관#화폐박물관,13,0,0,6,korean
관악산 호수공원,관광,"도시,테마공원",서울특별시 관악구 신림동 203,#관광지#관악산호수공원#데이트코스#도심여행#산책길#산책하기#산책하기좋은곳#아이와함께#연인과함께#인생샷#자연&숲#휴식공간#휴식여행#휴식하기#휴식하기좋은곳#힐링,27,0,0,5,korean
스미스가좋아하는한옥,음식,이탈리아음식,서울특별시 종로구 삼청로 22-7,#마르게리따_피자#맛집#버섯_크림_리조또#서울맛집#수도권#스미스가좋아하는한옥#안심_스테이크#알리오_올리오#양식#음식,702,0,0,2,korean
뉘조,음식,한정식-일반,서울특별시 종로구 인사동14길 27,#뉘조#맛집#서울맛집#수도권#연중무휴#음식#인사동맛집#종로맛집#한식,145,0,7,7,cafe
하나로회관,음식,한정식-일반,서울특별시 종로구 인사동5길 25 지하1층 하나로회관,#곱창전골정식#맛집#백년가게#버섯전골정식가성비_갑#서울시#음식#정성가득#종로구#하나로특정식#하나로한정식#한정식,223,0,0,5,korean
스토리지북앤필름,관광,독립서점,서울특별시 용산구 신흥로 115-1 1층,#관광지#남녀노소#독립출판물전문서점#독서여행#동네책방#소설책#쇼핑#스토리지북앤필름#연중무휴#책방#휴식여행#휴식하기#휴식하기좋은곳,150,0,0,5,west
고투몰,관광,"상가,아케이드",서울특별시 서초구 신반포로 200 고투몰,#고속버스터미널#서울#쇼핑,361,0,0,1,korean
비스타 워커힐 서울,숙소,5성급,서울특별시 광진구 워커힐로 177 비스타 워커힐 서울,#광진구#반려견동반여행지#비스타워커힐서울#서울숙소#숙박#애견동반숙소,559,0,0,4,japanese
광운대학교 아이스링크,관광,아이스링크,서울특별시 노원구 광운로 21,#겨울레포츠#광운대스케이트장#광운대아이스링크#교육프로그램#남녀노소#레포츠#생활스포츠#스케이트#스케이트장#실내레포츠#실내스케이트장#아이스링크#아이와함께,124,0,0,2,korean
명동칼국수 본점,음식,"칼국수,만두",서울 중구 명동10길 29,#떡만두국#맛집#백년가게#보쌈정식#사골국물#서울맛집#왕만두#음식#정성가득#칼국수#칼국수맛집,355,0,0,4,korean
배재학당역사박물관,관광,박물관,서울특별시 중구 서소문로11길 19 배재학당역사박물관,#교육여행#덕수궁근처박물관#문화시설#배재학당#배재학당역사박물관#아이와 함께#역사교육#역사박물관#체험학습,17,0,1,9,korean
소문난성수감자탕 별관,음식,감자탕,서울특별시 성동구 연무장7길 4 해피드림,#TV방영맛집#TV방영맛집#뚝섬맛집#서울감자탕맛집#성수동맛집#성수동맛집#소문난성수감자탕#음식,"2,048",1,0,5,japanese
마장 축산물시장,관광,시장,서울특별시 성동구 마장로33길 53,#가족여행#마장축산물시장#사계절#쇼핑#수도권#시장맛집#아이와함께#연인과함께#재래시장#전통시장#전통시장투어#체험학습#친구와함께,70,0,0,6,korean
서울 살곶이 다리,관광,보물,서울특별시 성동구 성수동1가 694-124,#걷기길#관광지#교과서속여행#산책길#산책하기#산책하기좋은곳#서울살곶이다리#아이와함께#역사관광지#역사유적지#조선시대#휴식공간#휴식여행#휴식하기#휴식하기좋은곳,11,0,0,12,korean
진미옥설농탕,음식,"곰탕,설렁탕",서울특별시 송파구 가락로16길 3-12 성창빌딩 1층,#국밥#남녀노소#도가니탕#맛집#백년가게#설렁탕#소머리탕#송파맛집#음식#진미옥#진미옥설렁탕#한식#한식맛집,486,0,0,8,korean
꽃새우 영번지,음식,"해물,생선요리",서울특별시 강남구 언주로 536,#맛집#음식,106,0,4,4,cafe
우표박물관,관광,박물관,서울특별시 중구 소공로 70 지하2층 우표박물관,#가족과함께#겨울방학가볼만한곳#남녀노소#문화시설#미세먼지_피하는_실내여행#실내여행지#아이와함께#여름방학가볼만한곳#우정사업본부박물관#우표박물관#이색체험#체험학습,622,1,6,6,cafe
길음시장,관광,시장,서울특별시 성북구 동소문로 227,#길음순대마을#길음시장#길음전통시장#쇼핑#재래시장#전통시장,27,0,0,16,korean
설화수 도산 플래그십 스토어,관광,"화장품,향수",서울특별시 강남구 도산대로45길 18,#건강여행#관광지#남녀노소#부모님과함께#연인과함께#이색체험#체험프로그램#친구와함께#커플데이트#휴식공간#휴식여행#휴식하기좋은곳#힐링여행,21,0,0,1,korean
방신재래시장,관광,시장,서울특별시 강서구 방화동로16길 31,#방신시장#방신재래시장#방신전통시장#방화동시장#쇼핑#재래시장#전통시장,33,0,1,6,west
오목공원,관광,근린공원,서울특별시 양천구 목동서로 159-2,#관광지#남녀노소#도심공원#산책길#산책로#산책코스#산책하기좋은곳#서울산책#아이와함께#연인과함께#휴식공간#휴식공원#휴식여행#휴식하기#휴식하기좋은곳,38,0,0,5,west
다락원체육공원,관광,"도시,테마공원",서울특별시 도봉구 마들로 932 평화문화진지,#관광지#다락원체육공원#대형체육공원#도봉구게이트볼장#도봉구배드민턴장#실내배드민턴장#실내테니스장#인조잔디축구장,22,0,0,5,korean
천호공원,관광,근린공원,서울특별시 강동구 올림픽로 702 해공도서관,#걷기좋은곳#공원#관광지#근린공원#산책길#산책코스#산책하기#산책하기좋은곳#서울가볼만한곳#서울공원#음악분수#천호공원#해공도서관#휴식공간#휴식여행#휴식하기#휴식하기좋은곳,99,0,6,6,cafe
서울약령시 한의약박물관,관광,박물관,서울특별시 동대문구 약령중앙로 26,#가족과함께#건강여행#남녀노소#문화시설#한방약#한방약초#한방의료#한방체험#한방테마#휴식공간#휴식여행#휴식하기#휴식하기좋은곳,71,0,0,10,korean
서울마리나,관광,요트,서울특별시 영등포구 여의서로 160,#가족과함께#남녀노소#레포츠#연인과함께#요트#요트체험#이색체험#친구와함께#한강,170,0,0,2,korean
롯데시티호텔 명동,숙소,4성급,서울특별시 중구 삼일대로 362,#롯데시티호텔#롯데시티호텔명동#명동호텔#서울숙소#숙박#중구#호텔,321,0,0,2,korean
아시아공원,관광,근린공원,서울특별시 송파구 올림픽로 44,#관광지#근린공원#산책길#산책하기#산책하기좋은곳#서울종합운동장#송파근린공원#송파문화예술회관#아시아공원#아시아근린공원#아시아선수촌공원#자연환경#휴식공간#휴식여행#휴식하기#휴식하기좋은곳,39,0,2,2,cafe
목3동시장,관광,시장,서울특별시 양천구 목동중앙북로 29,#목동#목동깨비시장#쇼핑#재래시장,77,0,1,3,west
하모니마트 명동역점,관광,"슈퍼,마트",서울특별시 중구 명동10길 58 신일빌딩별관 지하1층,#서울여행#쇼핑#품질인증업소_전체보기#한국관광품질인증,86,0,0,3,chinese
강남아르누보씨티호텔,숙소,4급,서울특별시 서초구 서초대로74길 49,#강남아르누보씨티호텔#서울추천숙소#숙박#숙소#의류세탁가능#추천숙박,50,0,0,1,korean
가락몰,관광,시장,서울특별시 송파구 양재대로 932 가락동 농수산물도매시장,#가락몰#가락몰도서관#송파수산시장#쇼핑#식자재시장#식재료쇼핑몰,12,0,0,2,korean
63아트,관광,아쿠아리움,서울특별시 영등포구 63로 50,#63빌딩전시관#63빌딩전시회#63스퀘어#63아트#경치좋은곳#문화공간#문화시설#문화예술#미술관#미술작품#복합문화공간#실내여행지#여의도미술관#여의도전시관#연인과함께#열린문화공간#예술#예술작품#전망좋은곳,252,0,0,4,korean
목동종합운동장실내아이스링크,관광,아이스링크,서울특별시 양천구 안양천로 939,#남녀노소#레포츠#사격장#스케이트장#실내운동#실내체육관,637,0,0,1,west
오클라우드호텔,숙소,4급,서울특별시 서초구 사평대로58길 12,#서울숙소#서울여행#서울호텔#숙박#시티뷰#조식가능#취사가능#품질인증업소_전체보기#한국관광품질인증#한국관광품질인증_호텔#호텔,33,1,1,5,korean
태릉골프장,관광,스크린골프장,서울특별시 노원구 동일로 986 노원프레미어스엠코 지하2층,#레포츠,54,0,0,1,japanese
초안산캠핑장,관광,"캠핑,야영장",서울특별시 노원구 마들로5가길 66-107,#가성비캠핑장#다양한놀이터#레포츠#서울시캠핑장#아이랑가기좋은#지하철로갈수있는캠핑장,31,0,0,7,korean
해주냉면 본점,음식,냉면,서울특별시 송파구 백제고분로7길 8-16,#냉면#냉면#맛집#매운냉면#비빔냉면#서울맛집#신천해주냉면#음식#음식점#잠실냉면#잠실맛집#한식#해주냉면,"1,542",0,2,12,korean
충무로부산복집,음식,복어요리,서울특별시 송파구 중대로27길 9-1 동호빌딩,#맛집#복매운탕#복불고기_복어요리담백한_맛#복샤브#복지리#부산복집#서울맛집#수도권#음식#한식,53,0,0,2,korean
평창동북악정 신관,음식,"육류,고기요리",서울특별시 종로구 평창문화로 169,#맛집#북악정#북악정궁중갈비#북악정이동갈비#생갈비#서울맛집#수도권#연중무휴#음식#이상갈비#주물럭등심#한식#한우꽃등심#한우살치살,583,0,1,1,cafe
절두산 순교성지,관광,"유적지,사적지",서울특별시 마포구 토정로 6,#관광지#역사#역사공부#역사관광지#역사를품은곳#역사문화재#역사속#역사속으로#역사여행#역사유적#역사유적지#역사이야기#역사탐방#역사탐험,13,0,0,2,korean
계림식당,음식,닭볶음탕,서울특별시 종로구 돈화문로4길 39,#맛집#음식,"1,427",0,0,2,korean
자하손만두,음식,만두,서울특별시 종로구 백석동길 12,#담백한_맛#떡만둣국#만두국#만두전골#만두전골#만둣국#맛집#물만두#미쉐린가이드#서울특별시#음식#자하손만두#정성가득#종로구#찐만두#편수,"1,448",0,0,3,japanese
한강공원 뚝섬 눈썰매장,관광,눈썰매장,서울특별시 광진구 자양동 112 뚝섬 한강공원 수영장,#겨울여행#눈썰매장#뚝섬#뚝섬눈썰매장#뚝섬한강공원#레포츠#서울겨울여행#서울눈썰매장#한강공원#한강눈썰매장,506,0,0,1,korean
키누카누,음식,"일식,초밥뷔페","서울특별시 강서구 공항대로 247 퀸즈파크나인 b103, b104호",#발산역맛집#발산역스시#음식#초밥뷔페#키누카누#키누카누발산역,"3,086",0,0,3,korean
청량리수산시장,관광,시장,서울특별시 동대문구 고산자로34길 48-1 203호,#쇼핑#수산물도매시장#수산물새벽시장#수산물시장#수산시장#청량리수산시장,15,0,0,3,korean
라마다 호텔앤스위트 서울남대문,숙소,3급,서울특별시 중구 칠패로 27 라마다 호텔앤스위트 남대문,#서울숙소#서울여행#서울호텔#시티뷰#애견동반숙소#조식가능#취사가능#품질인증업소_전체보기#한국관광품질인증#한국관광품질인증_호텔#호텔,89,0,0,1,chinese
방이시장,관광,시장,서울특별시 송파구 백제고분로48길 41,#가족과함께#골목시장#남녀노소#서울여행#송파구#송파구맛집#쇼핑#아이와함께#전통시장,40,0,0,1,korean
황생가칼국수,음식,"칼국수,만두",서울특별시 종로구 북촌로5길 78,#국립민속박물관맛집#만두#맛집#버섯전골#북촌맛집#북촌칼국수#사골칼국수#왕만두#왕만두국#음식#종로맛집#칼국수#칼국수맛집,"4,157",0,0,1,korean
아모레 성수,관광,"화장품,향수",서울특별시 성동구 아차산로11길 7 아모레성수,#kbeauty#seonsudong#관광지#립피커#뷰티라운지#뷰티체험#성수가든#성수동가볼만한곳#성수동데이트#성수동카페#성수동핫플레이스#커스텀매치,332,0,0,2,korean
개봉중앙시장,관광,시장,서울특별시 구로구 개봉로17길 34 중앙시장,#개봉시장#개봉중앙시장#구로구전통시장#쇼핑#재래시장#전통시장,20,0,3,3,cafe
부민옥,음식,"육류,고기요리",서울특별시 중구 다동길 24-12,#노포맛집#무교동맛집#무교동육개장#미식클럽양무침#미식클럽육개장#부민옥#수요미식회양무침#수요미식회육개장#양무침맛집#육개장맛집#을지로노포맛집#음식,834,0,0,4,korean
공릉동도깨비시장,관광,시장,서울특별시 노원구 동일로180길 53,#경춘선숲길시장#공릉동도깨비시장#공릉동시장#도깨비시장#쇼핑#재래시장#전통시장,47,0,0,6,korean
김가네가마솥설렁탕,음식,소고기구이,서울특별시 강서구 방화동로 56 김가네설렁탕 1층,#갈비맛집#강서구#김가네도가니탕#김가네설렁탕#돼지갈비#맛집#방화동김가네설렁탕#방화동맛집#분위기_좋은#삼겹살#서울맛집#서울시#설렁탕#음식#한우꽃등심#한우맛집#한우모듬생고기#한우설화살,861,0,0,3,korean
더리버사이드 호텔,숙소,3성급,서울특별시 서초구 강남대로107길 6 리버사이드호텔,#강남호텔#더리버사이드호텔#서울숙소#서울호텔#서초구#숙박#호캉스#호텔,138,0,0,4,west
서리풀공원,관광,근린공원,서울특별시 서초구 서초동 1005-6,#관광지#방배근린공원#서리풀공원#서리풀나들길#서초구근린공원,13,0,0,3,korean
동작노을카페,음식,"카페,디저트",서울특별시 동작구 동작대로 335,#동작노을카페#동작대교카페#별마루한강라운지#음식#이마트24동작노을카페#한강노을맛집#한강뷰카페,58,0,0,4,korean
영등포전통시장,관광,시장,서울특별시 영등포구 영등포동5가 33-29,#쇼핑#야시장#영등포야시장#영등포재래시장#영등포전통시장#영등포중앙시장#재래시장#전통시장,80,0,0,3,korean
비언유주얼,음식,양식,서울특별시 강남구 선릉로108길 5 지하1층,#3D맵핑#3D영상#가볼래터#여행구독#음식#이색레스토랑#특별한날#프라이빗,436,0,0,4,korean
대신시장,관광,시장,서울특별시 영등포구 도신로60길 7,#대신시장#쇼핑#신길동재래시장#재래시장#전통시장,27,6,0,6,etc
"조선 팰리스 서울 강남, 럭셔리 컬렉션 호텔",숙소,5성급,서울특별시 강남구 테헤란로 231 센터필드타워 웨스트동,#5성호텔#강남호텔#숙박#이타닉가든#조선팰리스#콘스탄스뷔페#테헤란로호텔#호캉스,444,0,10,10,cafe
레스케이프 호텔 (L’Escape Hotel),숙소,4성급,서울특별시 중구 퇴계로 67,#반려견동반여행지#서울숙소#숙박#애견동반숙소#중구#호캉스즐기기,609,0,0,3,korean
청송옥,음식,국밥,서울특별시 중구 서소문로11길 14,#곱창전골#냉면#떡국#맛집#서울#서울맛집추천#육회비빔밥#음식#장터국밥#장터국밥#중구맛집,349,0,0,3,korean
신문박물관,관광,박물관,"서울특별시 종로구 세종대로 152 일민미술관건물 5층, 6층",#가족여행#교과서속여행#도심여행#문화시설#박물관#신문박물관#아이와함께#전통&역사문화체험#체험학습,28,0,3,3,cafe
신세계백화점 (본점),관광,백화점,서울특별시 중구 소공로 63 신세계백화점본점,#명동백화점#명품관#명품매장#서울중구#서울추천쇼핑#쇼핑#쇼핑메카#신세계백화점#종합쇼핑몰#크리스마스,"1,228",0,12,12,cafe
다비치안경 (명동점),관광,안경원,서울특별시 중구 소공로 62,#브랜드#쇼핑#안경#안경점#외국인친구에게추천#체인점,812,0,0,2,west
코코넛박스 카페,음식,"카페,디저트",서울특별시 마포구 홍익로3길 20 지하 2층,#가볼래터#관광지#서울#여행구독#이색체험#이색카페#전시관,"4,428",0,0,12,korean
코트야드 메리어트 서울 남대문,숙소,4성급,서울특별시 중구 남대문로 9 코트야드 메리어트 서울 남대문 호텔,#가족과함께#남대문호텔#서울숙소#서울호텔#수도권#숙박#친구와함께#코트야드메리어트서울#코트야드메리어트서울남대문#호캉스,102,0,0,1,chinese
동방명주 충무로점,음식,중식당,서울특별시 중구 퇴계로 186,#굴소면#맛집#삼선우동#새우볶음밥#음식#잡채밥#중구중국음식맛집#짜장면#필동맛집#필동중국집,524,0,0,5,korean
프레이저 플레이스 센트럴 서울,숙소,4성급,서울특별시 중구 통일로 78 프레이저 플레이스 센트럴,#반려견동반여행지#서울숙소#숙박#애견동반숙소,178,0,0,3,korean
한국전통관광명품점,관광,전통공예,서울특별시 종로구 인사동길 9,#가족여행#기념품판매#나들이#나홀로여행#도심여행#쇼핑#수도권#아이와함께#연인과함께#친구와함께#한국관광명품점,80,0,0,3,korean
망우 역사 문화공원,관광,테마공원,서울특별시 중랑구 망우로91길 2,#관광지#산책로#산책하기#산책하기좋은곳#역사공부#역사를품은곳#역사문화재#역사속#역사속으로#역사여행#역사탐방#역사탐험#휴식공간#휴식여행#휴식하기#휴식하기좋은곳#힐링산책,39,0,0,2,korean
아름다운 차박물관,관광,박물관,서울특별시 종로구 인사동길 19-11,#갤러리#도자기#도자기전시#문화시설#문화예술공간#열린문화공간#전통차#차문화#차박물관,230,0,0,2,chinese
수성동계곡,관광,계곡,서울특별시 종로구 옥인동 185-3,#관광지#수성곡계곡,22,0,0,2,korean
남평화상가,관광,시장,서울특별시 중구 장충단로 282-10 남평화시장,#가방전문시장#남평화상가#남평화시장#도매시장#동대문남평화#쇼핑#패션남평화,126,0,0,6,korean
소선재,음식,한식,서울특별시 종로구 삼청로 113-1 소선재,#간장게장과_식사#능이불고기와_식사#떡갈비#떡갈비와_식사#맛집#보리굴비와_식사#삼청동맛집#삼청동밥집#서울맛집추천#음식#장아찌_보쌈과_식사#한정식,283,0,0,5,korean
10꼬르소꼬모 청담점,관광,종합패션,"서울특별시 강남구 압구정로 416 (청담동) 1층, 2층",#10꼬르소꼬모#10꼬르소꼬모청담점#강남브런치카페#쇼핑#음식#청담동카페#청담동편집숍#청담브런치카페,76,0,0,2,korean
춘원당한의약박물관,관광,박물관,서울특별시 종로구 돈화문로9길 27,#가족여행#건강여행#도심여행#문화시설#박물관#약초생활건강#이색체험#체험프로그램#충원당한방박물관#한방#한방약#한방약초#한방의료#한방체험#한의학,12,0,0,1,korean
종로 떡박물관,관광,박물관,서울특별시 종로구 돈화문로 71 인산빌딩,#나들이#도심여행#떡만들기체험#떡박물관#떡전시장#문화시설#박물관#부엌박물관#서울박물관#아이와함께#연인과함께#체험학습#친구와함께,45,0,0,9,korean
북한산둘레캠핑장,관광,"캠핑,야영장",서울특별시 은평구 연서로 608-2,#럭셔리카라반#레포츠#북한산글램핑#수영장글램핑#여성전용글램핑#조용한분위기글램핑장,653,0,0,2,korean
쭈꾸미킹2.0 상봉점,음식,주꾸미요리,서울특별시 중랑구 송림길 13,#상봉동맛집#음식#중랑구 쭈꾸미킹2.0#직화쭈꾸미#쭈꾸미맛집#쭈꾸미킹2.0#쭈꾸미피자,"2,204",0,1,1,cafe
한국천주교순교자박물관,관광,"유적지,사적지",서울특별시 마포구 토정로 6,#나홀로여행#문화시설#박물관#수도권#실내여행지#이색체험#전시관#절두산순교기념관#절두산순교성지#절두산유적지#천주교박물관#한국천주교순교자박물관#해설,13,0,0,4,korean
서울한옥스테이(jnpstay),숙소,게스트하우스,서울특별시 종로구 자하문로1나길 7-28,#독채한옥#서울숙소#서울여행#서울한옥#취사가능#품질인증업소_전체보기#한국관광품질인증#한국관광품질인증_한옥#한옥,130,0,0,1,korean
와이키키마켓,음식,"육류,고기요리",서울특별시 마포구 마포나루길 332 와이키키마켓,#가볼래터#바비큐#서울데이트#여행구독#음식#이색데이트#한강,931,0,0,2,chinese
한강시민공원 잠원수영장,관광,수영장,서울특별시 서초구 잠원로 145-57,#레포츠#아이와함께#여름피서지#잠원수영장#친구와함께#한강시민공원,134,0,0,3,korean
그랜드하얏트 서울 아이스링크,관광,아이스링크,서울특별시 용산구 소월로 322,#겨울스포츠#레포츠#복합레저스포츠#스케이트#스케이트장#스케이트장#아이스링크#크리스마스#호텔#휴식공간#휴식하기좋은곳,249,0,0,5,korean
강북구 서당골,음식,한식,서울특별시 강북구 한천로 1153,#강북맛집#돼지불고기#맛집#서당골정식#서울맛집추천#음식#한식,845,0,0,3,korean
종이잡지클럽,관광,서점,서울특별시 마포구 양화로8길 32-15 지하 1층,#가볼래터#독서#매거진#서점#쇼핑#여행구독#이색서점,42,0,0,3,korean
반얀트리 클럽 앤 스파 서울,숙소,5성급,서울특별시 중구 장충단로 60,#반얀트리클럽앤스파서울#서울숙소#수도권#숙박#호텔,191,0,0,1,korean
신라면세점(서울점),관광,면세점,서울특별시 중구 동호로 249,#면세쇼핑#면세점#브랜드#쇼핑#신라호텔,518,1,0,6,west
켄싱턴호텔 여의도 뉴욕뉴욕,음식,"스테이크,립",서울특별시 영등포구 국회대로76길 16 켄싱턴호텔 여의도 1층,#뉴욕뉴욕#맛집#분위기_좋은#서울맛집#수도권#스테이크맛집#여의도맛집#연중무휴#음식#켄싱턴호텔#켄싱턴호텔다이닝#코스요리#프라임뉴욕스테이크,473,0,0,1,korean
남산골산채집,음식,돈가스,서울특별시 중구 소파로 95 1층,#맛집#부추전전망_좋은#산채비빔밥#샐러드_돈까스_비빔밥#왕돈까스#음식,"2,561",1,0,7,chinese
서울올림픽파크텔,숙소,4급,서울특별시 송파구 올림픽로 424,#국민체육진흥공단#서울숙소#서울올림픽파크텔#송파구#숙박#올림픽파크텔,321,0,0,4,korean
코리아나 호텔,숙소,4성급,서울특별시 중구 세종대로 135 코리아나호텔,#서울호텔#숙박#숙박시설#숙박업소#코리아나#호텔#휴식공간#휴식여행#휴식하기좋은곳#힐링&여행,819,0,0,1,korean
신창시장,관광,시장,서울특별시 도봉구 창동 445-20,#쇼핑#신창동재래시장#신창시장#재래시장#전통시장#창동시장#창동신창시장,73,0,1,1,cafe
중구 베테랑칼국수,음식,"칼국수,만두",서울특별시 중구 남대문로 81 롯데백화점 본점 B1F,#들깨칼국수#명동베테랑칼국수#명동칼국수#베테랑칼국수#베테랑칼국수롯데백화점#음식#전주베테랑칼국수#칼국수맛집,476,0,0,7,korean
한옥 게스트하우스 동촌재,숙소,게스트하우스,서울특별시 종로구 자하문로11길 21-10 동촌재,#게스트하우스#서울게스트하우스#서울숙소#서울여행#서울한옥#조식가능#품질인증업소_전체보기#한국관광품질인증#한국관광품질인증_게스트하우스#한옥,42,1,0,4,chinese
꽃밥에피다,음식,한식,서울특별시 종로구 인사동16길 3-6,#건강식#건강식맛집#건강여행#건강음식#건강한힐링여행#연인과함께#음식#친황경#친황경여행#힐링여행,"1,772",0,0,4,chinese
고척근린시장,관광,시장,서울특별시 구로구 고척로32길 11-3,#고척근린시장#고척시장#쇼핑#재래시장#전통시장,29,0,0,8,korean
소소하우스,숙소,전통숙소,서울특별시 종로구 필운대로5가길 16-5,#독채한옥#서울숙소#서울여행#서울한옥#조식가능#취사가능#품질인증업소_전체보기#한국관광품질인증#한국관광품질인증_한옥#한옥,45,0,0,3,korean
패션5,음식,베이커리,서울특별시 용산구 이태원로 272 SPC빌딩,#갤러리카페#디저트#디저트베이커리카페#맛집#음식#한남동#한남동가볼만한곳#한남동맛집#한남동카페,"4,504",0,3,3,cafe
페르시안궁전,음식,인도음식,서울특별시 종로구 성균관로6길 9,#맛집#서울맛집추천#음식#인도음식#종로맛집#카레라이스#탄두리난#통닭카레정식#페르시안케밥,"2,370",0,0,3,west
강동 오늘손칼국수,음식,"칼국수,만두",서울특별시 강동구 풍성로 206,#강동구맛집#강동구맛집#성내동맛집#오늘손칼국수&찜강동본점#오늘손칼국수앤찜#음식#해물찜맛집,836,0,0,5,korean
핫트랙스 (광화문점),관광,"문구,팬시용품",서울특별시 종로구 종로 1 교보생명빌딩 B1,#교보문고#기프트아이템#문구#문구쇼핑#복합문화쇼핑공간#쇼핑#종로핫트랙스#핫트랙스광화문,"6,480",0,0,2,korean
JW 메리어트 호텔 서울,숙소,5성급,서울특별시 서초구 신반포로 176 JW 메리어트 호텔 서울,#서울숙소#숙박,564,0,0,4,korean
더 플라자 호텔 서울,숙소,5성급,서울특별시 중구 소공로 119,#서울숙소#서울호텔#수도권#숙박#숙박시설#숙박업소#플라자호텔#휴식공간#휴식여행#휴식하기좋은곳,524,4,0,4,etc
필경재,음식,한식,서울특별시 강남구 광평로 205 필경재,#강남맛집#궁중요리#궁중한식#맛집#음식#한식당#한정식맛집#한정식코스,56,2,0,2,etc
평화의공원,관광,"도시,테마공원",서울특별시 마포구 증산로 32,#공원피크닉장#관광지#난지도이야기#난지연못#마포구산책#마포구피크닉#서울정원박람회장소#월드컵공원#월드컵공원전시관#유니세프광장#평화의공원#평화의정원,172,0,16,16,cafe
캘리포니아 관광호텔,숙소,2성급,서울특별시 송파구 송파대로28길 11 캘리포니아관광호텔,#서울숙소#송파구#숙박,30,0,0,5,korean
송림식당,음식,기사식당,서울특별시 광진구 자양번영로 79,#기사식당#돼지불백#맛집#백반#선지해장국#음식#음식점,"1,642",0,0,7,korean
일일향 논현2호점,음식,중식당,서울특별시 강남구 봉은사로 167,#가성비_갑#맛집#분위기_좋은#어향동고#음식#전채요리#짬뽕#코스요리#탕수육,486,0,0,1,japanese
더케이호텔서울,숙소,4성급,서울특별시 서초구 바우뫼로12길 70 더케이호텔서울,#서울숙소#서울호텔#숙박#호텔,779,0,0,2,japanese
서초동노랑저고리,음식,한정식-일반,서울특별시 서초구 서초대로73길 9 타임빌딩 5층,#노랑저고리#맛집#분위기_좋은#서울맛집#수도권#음식#전망_좋은#정성가득#한정식#한정식,"1,018",0,0,1,korean
양재근린공원,관광,근린공원,서울특별시 서초구 동산로 35,#관광지#서울시민리그#서초구농구장#서초구운동장#서초근린공원#양재근린공원#양재근린공원자전거대여소#풋살리그,20,0,0,2,korean
중구 송원,음식,한식,서울특별시 중구 동호로24길 35-4,#맛집#음식,232,3,2,9,west
용양봉저정 공원,관광,근린공원,서울특별시 동작구 본동 산3-9,#가족과함께#관광지#남녀노소#산책하기#산책하기좋은곳#서울경관#아이와함께#휴식공간#휴식하기좋은곳#힐링산책,15,0,0,3,japanese
봉천중앙시장,관광,시장,서울특별시 관악구 관악로 211 봉천중앙시장,#관악구재래시장#봉천동시장#봉천중앙시장#쇼핑#재래시장#전통시장,88,0,1,1,cafe
서울시립대학교박물관,관광,박물관,서울특별시 동대문구 서울시립대로 163 서울시립대학교,#무료관람#문화시설#박물관#서울시립대학교박물관#수도권#실내여행지#아이와함께#전시관#전통&역사문화체험#체험학습#친구와함께,30,0,0,6,korean
신당동천팥죽,음식,죽,서울특별시 중구 다산로44길 33,#맛집#음식#정성가득#팥죽#팥칼국수,588,0,0,4,chinese
태릉시장,관광,시장,서울특별시 중랑구 동일로129길 35,#길거리시장#쇼핑#전통시장#중화동시장#태능시장#태능에셈빌,14,1,0,2,japanese
동흥관,음식,중식당,서울특별시 금천구 시흥대로63길 20,#가족식사_추천#간짜장#군만두#노포맛집#마파두부밥#맛집#수타짜장면#우동#음식#잡채밥#짬뽕#탕수육,970,0,0,10,korean
강남구 카페엠,음식,브런치카페,서울특별시 강남구 삼성로 634 1층,#분위기_좋은#유기농아이스크림#음식#플랜테리어#플랜테리어카페,179,0,0,1,korean
송림가,음식,한정식-일반,서울특별시 구로구 경인로 398 송림가,#구로구#맛집#명품_한우_생갈비#부귀한정식#솔정식#수라한정식#음식#태평한정식고#한우_꽃등심#한정식#향정식,391,0,0,1,korean
63뷔페 파빌리온,음식,뷔페,"서울특별시 영등포구 63로 50 한화금융센터63,GF",#63빌딩#63빌딩파빌리온#맛집#뷔페식#송년모임#연말모임#음식#파빌리온,"4,359",0,0,1,korean
강강술래신림본동점,음식,"육류,고기요리",서울특별시 관악구 남부순환로 1660,#가족식사_추천#갈비구이#강강술래#강강술래신림동#맛집#소갈비구이#양념갈비#양념소갈비#음식#음식점#한우생등심,"3,085",1,1,3,west
세인트제임스 삼청점,관광,캐주얼웨어,서울특별시 종로구 삼청로 78,#서울여행#품질인증업소_전체보기#한국관광품질인증,43,3,0,11,chinese
송추가마골 은평1호점,음식,"육류,고기요리",서울특별시 은평구 북한산로 276 예강1,#북한산맛집#송추가마골은평1호점#우대본갈비#음식#진관동갈비집#진관동맛집,"1,610",0,0,2,korean
봉래헌(메이필드호텔),음식,한정식-일반,서울특별시 강서구 방화대로 94 메이필드호텔 봉래헌,#맛집#음식,54,0,0,3,korean
그랜드 하얏트 서울,숙소,5성급,서울특별시 용산구 소월로 322,#관광호텔#서울숙소#숙박#용산구,"1,639",0,0,1,korean
웨스틴 조선 서울,숙소,5성급,서울특별시 중구 소공로 106,#가족과함께#서울숙소#서울호텔#숙박#연인과함께#웨스틴조선호텔#친구와함께#호캉스,"2,017",0,0,1,west
꾸에바마테라,음식,"카페,디저트",서울특별시 용산구 소월로20길 28-1 1층,#감성사진#감성카페#연인과함께#음식#음식점#이색카페,89,0,0,1,west
신영시장,관광,시장,서울특별시 양천구 월정로 161-5,#뉴제로마켓#뉴제로마켓서울플래그십스토어1호점#문화센터#쇼핑#신월1동시장#전통시장#취미공간#하늘문화센터,30,0,0,4,korean
갤러리아백화점명품관EAST,관광,백화점,서울특별시 강남구 압구정로 407 갤러리아백화점명품관EAST,#강남갤러리아백화점명품관#강남명품관#강남쇼핑#갤러리아백화점#명품관#명품백화점#백화점#쇼핑#펴션,"1,940",0,0,22,korean
고려삼계탕,음식,"백숙,삼계탕",서울특별시 중구 서소문로11길 1,#건강식#건강식맛집#건강여행#고려삼계탕#고려삼계탕#맛집#미쉐린가이드#보양식#산삼삼계탕#산삼오골계탕#삼계탕#삼계탕맛집#서소문맛집#서울맛집#시청맛집#오골계탕#음식#전복삼계탕#전복오골계탕담백한_맛#한식맛집,827,0,0,3,japanese
금천구춘천옥,음식,한식,서울특별시 금천구 디지털로12길 19,#가산디지털단지맛집#금천춘천옥#막국수#맛집#보쌈#보쌈맛집#분위기_좋은#비빔막국수#서울맛집#서울한식당#선지국밥#음식,469,0,1,3,korean
짚풀생활사박물관,관광,박물관,서울특별시 종로구 성균관로4길 45,#가족과함께#공예품#문화시설#박물관#아이와함께#전통공예#짚공예#짚풀공예체험,17,0,0,3,korean
인크커피 가산점,음식,"카페,디저트",서울특별시 금천구 가산디지털2로 127-20,#가디맛집#가볼래터#금천구카페#여행구독#음식#인크카페가산점#인크커피#인크커피가산점,"3,377",6,2,6,etc
성북동누룽지백숙,음식,한식,서울특별시 성북구 성북로31길 9,#누룽지백숙#누룽지백숙#들깨메밀수제비#맛집#메밀국수#메밀비빔국수#메밀수제비#메밀전#성북동맛집#음식#한식,"1,655",0,0,10,korean
고래불,음식,생선회,"서울특별시 강남구 논현로79길 62 백악빌딩 1, 2층 고래불",#고래고기#맛집#바다물곰탕#생꽃새우#음식#자연산전복회#자연산활어회#코스요리,414,0,4,4,cafe
배정철어도,음식,생선회,서울특별시 강남구 언주로148길 14 청호불교문화원 1층,#남녀노소#맛집#생선초밥#생선회#음식#일식#일식당#점심특선#정식가성비_갑#초밥,83,0,0,24,korean
아이러브신당동떡볶이,음식,떡볶이,서울특별시 중구 퇴계로76길 50 아이러브떡볶이,#궁중떡볶이#눈물떡볶이#맛집#신당동떡볶이#음식#치즈떡볶이#해물떡볶이,"5,482",0,28,28,cafe
베스트웨스턴 프리미어 서울가든호텔,숙소,4성급,서울특별시 마포구 마포대로 58 가든호텔,#마포구#서울숙소#숙박#호캉스즐기기,517,0,0,5,korean
케르반레스토랑,음식,아시아음식,서울특별시 용산구 이태원로 192 1층,#맛집#수도권#음식#케르반터키쉬할랄레스토랑#케밥#피데,891,16,0,16,etc
한강공원 난지캠핑장,관광,"캠핑,야영장",서울특별시 마포구 한강난지로 28,#가족과함께#도심캠핑장#레포츠#마포구캠핑장#서울시캠핑장#하늘공원,222,0,0,1,korean
동국대학교 박물관,관광,박물관,서울특별시 중구 필동로1길 30,#교과서속여행#동국대학교박물관#문화시설#박물관#수도권#실내여행지#아이와함께#이색체험#전시관#체험학습,15,0,0,3,chinese
세인트제임스 서울,관광,캐주얼웨어,서울특별시 강남구 논현로175길 94,#서울여행#품질인증업소_전체보기#한국관광품질인증,37,8,0,8,etc
서울 서초 글램핑 청계산장,관광,"캠핑,야영장",서울특별시 서초구 청계산로 140-94,#깨끗한#레포츠#여유있는#친절한#커플,21,3,0,3,etc
진주집,음식,국수,서울특별시 영등포구 국제금융로6길 33 지하 1층,#냉콩국수#냉콩국수#닭칼국수#닭칼국수#맛집#비빔국수#영등포구#음식#접시만두,"4,730",0,0,10,korean
호남식당,음식,"순대,순댓국",서울특별시 마포구 마포대로6길 10,#갈치조림#고등어조림#김치찌개#맛집#생선구이#음식#청국장#한식#한식당#한식맛집,501,0,0,1,korean
두타몰,관광,신발,서울특별시 중구 장충단로 275 두타몰 지하1층,#쇼핑#외국인친구에게추천#중구쇼핑#패션,202,0,0,1,korean
서대문수빈,음식,한정식-일반,서울특별시 서대문구 연희로25길 31-3,#간장게장#간장게장정식#깡장비빔밥정식#떡갈비#떡갈비정식#맛집#서대문구#수빈정식#음식#한정식#한정식집#황태구이정식,698,0,0,1,korean
때때롯살롱,관광,한복,서울특별시 종로구 수표로28길 21-12,#때때롯살롱#생활한복#서울가볼만한곳#서울핫플#쇼핑#익선동#한복#핫플레이스,270,1,0,6,west
여의도백리향,음식,중식당,서울특별시 영등포구 63로 50 한화금융센터_63 57층,#63빌딩다이닝#63빌딩중식당#맛집#분위기_좋은가족식사_추천#여의도맛집#여의도중국음식맛집#음식#코스요리,396,0,0,3,korean
용산전자랜드,관광,"상가,아케이드",서울특별시 용산구 청파로 74 전자랜드(신관),#쇼핑#용산디지털몰#용산전자상가#용산전자쇼핑몰#용산전자제품,350,0,6,20,west
롯데호텔서울,숙소,5성급,서울특별시 중구 을지로 30,#서울숙소#숙박#중구#호캉스즐기기,"1,202",0,0,34,korean
봉일시장,관광,시장,서울특별시 관악구 은천로 28 봉일프라자,#봉일시장#봉일프라자#서울먹거리#쇼핑#재래시장#전통시장,15,1,0,2,west
송파구횡성한우,음식,소고기구이,서울특별시 송파구 오금로 113 1층,#방이동소고기#방이동횡성한우#석촌호수맛집#송파횡성한우#음식#잠실고기맛집,831,0,0,3,korean
도봉구대문한정식,음식,한정식-일반,서울특별시 도봉구 시루봉로 139-6,#간장게장#도봉구맛집#맛집#음식#한정식,802,8,0,8,etc
촛불1978,음식,양식,서울특별시 중구 소파로 95 촛불 레스토랑,#돈까스#라이스데이트_맛집#맛집#샐러드#서울특별시#스테이크#양식#음식#중구#파스타#퐁듀#퐁듀코스,"1,481",0,0,1,korean
노룬산골목시장,관광,시장,서울특별시 광진구 자양동 816-79,#건대입구가볼만한곳#노룬산골목시장#노룬산시장#쇼핑#자양동시장#재래시장#전통시장,52,0,6,20,west
평안도족발집,음식,"족발,보쌈",서울특별시 중구 장충단로 174-6,#녹두빈대떡#맛집#맛집탐방#물막국수담백한_맛#비빔막국수#서울중구맛집#음식#족발,"1,505",0,0,4,korean
청와옥 본점,음식,"순대,순댓국",서울특별시 송파구 위례성대로 48 반도빌딩 1층,#24시간음식점#방이동순대국#송파순대국#음식#청와옥#청와옥올림픽공원점#편백정식,"3,767",0,2,2,cafe
서대문구형제갈비,음식,"육류,고기요리",서울특별시 서대문구 명물1길 2,#갈비#갈비탕#꽃갈비살#맛집#불고기#불고기#생갈비#서대문구#서울특별시#신촌형제갈비#양념갈비#음식#형제갈비,"1,001",0,3,3,cafe
노보텔 앰배서더 강남,숙소,5성급,서울특별시 강남구 봉은사로 130,#5성급호텔#강남구#강남숙박#강남숙소#강남호텔#노보텔엠베서더강남#서울숙소#숙박,370,0,0,1,chinese
엘크레,관광,메이크업,서울특별시 강남구 도산대로15길 41 1층 엘크레,#감성사진#관광지#메이크업#분위기좋은카페#뷰티#뷰티투어#사진찍기좋은곳#연인과함께#이색체험#친구와함께#포토존#화장품,808,0,2,2,cafe
가회민화박물관,관광,박물관,서울특별시 종로구 북촌로 52,#가족여행#남녀노소#문화시설#문화예술#문화예술공간#민화#박물관#서울시#아이와함께#열린문화공간#전통문화#종로구,17,0,1,3,west
송화산시도삭면,음식,"딤섬,중식만두",서울특별시 광진구 뚝섬로27길 48,#가성비맛집#건대딤섬맛집#건대맛집#건대입구맛집#맛집제보#서울딤섬맛집#송화산시도삭면#음식,"1,353",0,0,1,chinese
콘래드 서울,숙소,5성급,서울특별시 영등포구 국제금융로 10 서울 국제금융 센터,#관광호텔#서울숙소#숙박#영등포구#호캉스즐기기,456,0,1,1,cafe
신성종합시장,관광,시장,서울특별시 광진구 용마산로 50,#쇼핑#신성골목시장#신성시장#신성종합시장#재래시장#전통시장#중곡동전통시장#중곡사거리시장,13,1,2,2,cafe
참만나,음식,"육류,고기요리",서울특별시 노원구 화랑로 443 6.7디벨리움 3층,#꽃등심#노원구#대패쌈밥정식#돼지왕갈비#맛집#매운갈비찜#음식#차돌쌈밥정식#한우,407,0,0,2,korean
제일콩집,음식,두부요리,서울특별시 노원구 동일로174길 37-8,#감자부침담백한_맛#공릉동맛집#노원맛집#두부요리#두부찌개#맛집#서울맛집추천#순두부#음식#청국장#콩국수#콩국수#콩비지,"1,523",0,0,2,korean
무교동 북어국집,음식,해장국,서울특별시 중구 을지로1길 38,#맛집#북어해장국#북어해장국가성비_갑#서울맛집추천#서울중구#음식#정성가득,"2,554",0,0,3,japanese
전민규의황제누룽지탕 노원직영점,음식,한식,서울특별시 노원구 노해로77길 14-8,#노원황제누룽지탕#복날음식#복날음식#음식#전민규의황제누룽지탕#해물누룽지탕#해물누룽지탕#황제누룽지탕,"2,220",0,0,5,korean
현대백화점 (압구정본점),관광,백화점,서울특별시 강남구 압구정로 165 현대백화점압구정본점,#쇼핑#압구정#압구정쇼핑#현대백화점,705,0,0,3,korean
WANGTHAI,음식,태국음식,서울특별시 용산구 이태원로 151,#맛집#분위기_좋은#얌꿍#얌운센#음식#이국적인#팟타이가이,324,0,0,3,korean
성수살라댕템플,음식,양식,서울특별시 성동구 성수이로16길 32,#서울가볼만한곳#서울맛집#서울맛집추천#서울분위기좋은맛집#양식#음식#퓨전요리,578,0,0,2,korean
관훈동 산촌,음식,사찰음식,서울특별시 종로구 인사동길 30-13,#건강한요리#건강한음식#맛집#사찰요리#사찰음식#산나물#생강차#쌍화차#유자차#음식#저녁#점심#종로맛집#한식,184,0,0,7,japanese
로씨니,음식,이탈리아음식,서울특별시 종로구 북촌로 18,#레스토랑#맛집#분위기_좋은정성가득#서울맛집추천#스테이크#안심스테이크#양갈비_석쇠구이#음식#이탈리아음식#종로맛집#파스타#파스타,33,1,0,1,etc
대도식당 왕십리본점,음식,소고기구이,서울특별시 성동구 무학로12길 3,#대도식당#성동구맛집#왕십리대도식당#왕십리맛집#음식#한우맛집#한우맛집,838,0,0,3,korean
길동복조리시장,관광,시장,서울특별시 강동구 천호대로187길 62,#강동전통시장#길동복조리시장#길동시장#복조리시장#쇼핑,100,1,0,3,west
이비스 앰배서더 명동,숙소,3성급,서울특별시 중구 남대문로 78,#명동호텔#비즈니스호텔#서울숙소#수도권#숙박#이비스앰배서더#호텔,88,,,,
산채향,음식,한식,서울특별시 중구 청계천로 8 프리미어플레이스,#더덕구이정식#더덕맛집#더덕매운갈비찜정식#더덕무침정식#더덕요리#맛집#부모님과함께#음식#한식#한식당#한식마을,364,,,,
사간동푸드떼,음식,"카페,디저트",서울특별시 종로구 율곡로1길 40-37 한옥,#가볼래터#여행구독#음식#종로카페#찻집#카페#티룸#티카페#홍차#홍차맛집#화과자,309,,,,
관훈동 한국공예관,관광,전통공예,서울특별시 종로구 인사동길 33,#가족여행#기념품판매#나들이#나홀로여행#데이트코스#쇼핑#수도권#아이와함께#연인과함께#전통역사문화체험#체험학습#친구와함께#한국공예관#힐링,114,,,,
네이처리퍼블릭 명동월드점,관광,"화장품,향수",서울특별시 중구 명동8길 52,#메이크업#뷰티#쇼핑#자연주의#화장품,183,,,,
서강대박물관,관광,박물관,서울특별시 마포구 백범로 35 아루페관 6층,#교육시설#문화시설#서강대박물관,15,,,,
고척근린공원,관광,근린공원,서울특별시 구로구 고척로45길 39 구로구민체육센터,#가족과함께#공원#관광지#산책길#산책하기좋은곳#연인과함께#자연환경#친구와함께#휴식공간#휴식하기#휴식하기좋은곳,66,,,,
JW 메리어트 동대문 스퀘어 서울,숙소,5성급,서울특별시 종로구 청계천로 279,#서울숙소#숙박#종로구,545,,,,
종로구콰니,관광,"가방,핸드백",서울특별시 종로구 사직로8길 1-3,#가방#쇼핑#외국인이많이찾는#의류#플래그십스토어,83,,,,
테크노마트,관광,휴대폰,서울특별시 구로구 새말로 97,#강변테크노마트#복합쇼핑몰#쇼핑#수도권,99,,,,
켄싱턴호텔 여의도,숙소,4성급,서울특별시 영등포구 국회대로76길 16,#서울호텔#숙박#숙박시설#숙박업소#호텔#휴식공간#휴식여행#휴식하기좋은곳,423,,,,
마포삼다코지,음식,카페,서울특별시 마포구 독막로9길 34 1층,#가볼래터#감성카페#서울#아메리카노#여행구독#음식#카페,842,,,,
옛날집낙원아구찜,음식,"아귀찜,해물찜",서울특별시 종로구 삼일대로 436,#낙원아구찜#맛집#분위기_좋은#수도권#아구찜#아귀찜#아귀탕#음식#해물찜#해물찜#해물탕,383,,,,
영일분식,음식,종합분식,서울특별시 영등포구 도림로141가길 34-1,#가성비맛집#맛집#맛집제보#서울#영등포구#음식#칼국수#혼밥하기좋은,"1,550",,,,
아재왔소,음식,한식,서울특별시 도봉구 도봉산4길 3-22,#간제미요리#도봉구#맛집#오리백숙#음식,104,,,,
르몽블랑,음식,"카페,디저트",서울특별시 용산구 신흥로 99-4 1층,#SNS감성핫플레이스#가볼래터#감성카페#디저트카페#여행구독#음식#이색디저트#카페,549,,,,
대치동중앙해장,음식,해장국,서울특별시 강남구 영동대로86길 17 육인빌딩,#강남선지국#강남해장국#삼성동해장국#양선지해장국#음식#중앙해장,"3,238",,,,
고궁의 아침,음식,"육류,고기요리",서울특별시 종로구 창경궁로 158 고궁의아침,#남녀노소#냉면#돼지갈비#돼지갈비#맛집#선지해장국#소양념갈비#음식#종로구#한식#한식맛집#한우생등심,644,,,,
성북동돼지갈비본점,음식,돼지고기구이,서울특별시 성북구 성북로 115,#돼지갈비#돼지갈비백반#떡갈비백반#맛집#불고기백반#서울맛집#성북동돼지갈비집#수도권#음식,507,,,,
강동황도바지락칼국수,음식,"칼국수,만두",서울특별시 강동구 천호대로 1256,#냉국수#맛집#왕만두#음식#칼국수,892,,,,
금왕돈까스 본점,음식,돈가스,서울 성북구 성북로 138,#금왕정식#돈까스#맛집#생선까스#서울시#성북구#심돈까스#안심돈까스#음식#함박스테이크언론소개_맛집,120,,,,
운산,음식,한정식-일반,서울특별시 영등포구 여의공원로 101 C.C.M.M빌딩 지하1층,#맛집#음식#한정식,251,,,,
서초구통나무집,음식,소고기구이,서울특별시 서초구 헌인릉길 9 청와대산장,#갈비살#갈비탕#꽃등심#맛집#살치살#양념갈비#육회#음식,254,,,,
설마중,음식,"육류,고기요리",서울특별시 서초구 남부순환로 2648,#서울맛집#숯불갈비#외국인도_선호하는#우정을위하여#음식#이심전심#진수#한정식,486,,,,
강서도일처,음식,중식당,서울특별시 강서구 개화동로 567,#도일처#동파육#맛집#서울맛집#수도권#음식#중식#짜장면,578,,,,
강남곰바위,음식,"곱창,막창,양",서울특별시 강남구 영동대로115길 10,#곰바위#맛집#서울맛집#수도권#연중무휴#음식#특양구이#한우막창,483,,,,
스탠포드호텔 서울,숙소,4성급,서울특별시 마포구 월드컵북로58길 15,#서울숙소#숙박#호텔,302,,,,
소공동세란안경,관광,안경원,서울특별시 중구 을지로 30 롯데호텔 B1F,#서울여행#품질인증업소_전체보기#한국관광품질인증,36,,,,
드럼통 참숯석쇠구이,음식,"육류,고기요리",서울특별시 송파구 삼학사로19길 3,#갈비살#갈비살#고기요리#된장찌개#막창#맛집#삼겹살#서울시#송파구#안창살#안창살#열무국수#육류#음식,268,,,,
화곡본동시장,관광,시장,서울특별시 강서구 까치산로 35,#쇼핑#재래시장#전통시장#족발맛집#화곡동시장#화곡본동시장,13,,,,
KCDF 갤러리숍 공예정원,관광,"미술,공예품",서울특별시 종로구 인사동11길 8,#갤러리숍#공예#공예품#디자인#디자인상품#쇼핑,24,,,,
서울청계광장,관광,광장,서울특별시 중구 태평로1가 1,#관광지#서울가볼만한곳#서울걷기좋은길#서울산책#서울여행#청계광장#청계천,41,,,,
종로구밀림,음식,태국음식,서울특별시 종로구 창신6나길 17-6,#가볼래터#서울종로구음식점#서울핫플#여행구독#음식#음식점#인스타_핫플레이스#종로구#종로구맛집#창신동#태국음식점,939,,,,
인사동 촌,음식,한정식-일반,서울특별시 종로구 인사동14길 19,#건강한음식#구절편요리담백한_맛#맛집#북촌정식#외국인도_선호하는#음식#철판낙지볶음#한식#한식당#한식맛집#한식전문점#해물파전,278,,,,
대호정,음식,"육류,고기요리",서울특별시 금천구 시흥대로52길 51,#냉삼#돼지갈비#돼지갈비#백년가게#서울맛집#오징어쌈밥#오징어쌈밥#음식,139,,,,
우림시장,관광,시장,서울특별시 중랑구 망우로62길 52-4,#관악구 전통시장#난곡동시장#쇼핑#우림시장#재래시장#전통시장,128,,,,
아델라베일리,음식,이탈리아음식,서울특별시 종로구 북악산로 48,#부암동레스토랑#부암동카페#북악산레스토링#북악산아델라베일리#북악산카페#북악스카이웨이레스토랑#선셋맛집#스몰웨딩#아델라베일리#음식#전망좋은레스토랑#하우스웨딩장소,"1,520",,,,
마천중앙시장,관광,시장,서울특별시 송파구 마천로45길 23,#마천시장#마천중앙시장#송파시장#송파재래시장#송파전통시장#쇼핑#재래시장#전통시장,84,,,,
삼대할먼네,음식,떡볶이,서울특별시 중구 퇴계로76길 50,#떡볶이#맛집#삼대할먼네#서울맛집#수도권#신당동떡볶이#음식,800,,,,
용산구기와,음식,한정식-일반,서울특별시 용산구 한강대로21나길 40 드래곤힐스파 1층 기와한정식,#갈비찜#갈비찜#떡갈비#맛집#보리굴비#보리굴비#어탕수#외국인도_선호하는#용산구#음식#한상차림#한정식,441,,,,
을지다방,음식,다방,서울특별시 중구 을지로 124-1 2층,#SNS감성사진#감성카페#뉴트로_감성여행#뉴트로감성#사진찍기#사진찍기좋은곳#사진촬영#사진촬영명소#연인과함께#음식#음식점#이색카페#친구와함께#카페,340,,,,
해담채 남부터미널점,음식,해담채,서울특별시 서초구 서초중앙로5길 10-8 쁘띠오피스텔 지하 1층,#서초맛집#음식#코스요리#해담채,417,,,,
감꽃당,음식,베이커리,서울특별시 종로구 돈화문로11다길 38,#디저트맛집#사진찍기좋은곳#에그타르트#연인과함께#음식#종로카페#휴식공간#휴식여행#휴식하기#휴식하기좋은곳#힐링여행,"2,192",,,,
골든블루마리나,관광,요트,서울특별시 서초구 올림픽대로 2085-14 세빛섬 골든블루마리나,#골든블루마리나#레포츠#세빛섬#요트체험,780,,,,
국화정원,음식,한정식-일반,서울특별시 성북구 성북로 154,#간장게장#간장게장_특선#맛집#성북구맛집#음식#점심특선#정3품#한식#한식맛집#한식백반#한식코스요리#한정식,157,,,,
뽐모도로,음식,이탈리아음식,서울특별시 종로구 새문안로9길 19-1 일선빌딩 1층,#맛집#음식#종로구#파스타,793,,,,
영풍문고 스타필드코엑스몰점,관광,서점,서울특별시 강남구 영동대로 513 코엑스몰 B1 J101A,#쇼핑,"5,021",,,,
트레스드,음식,"카페,디저트",서울특별시 송파구 백제고분로15길 50 1층,#MZ세대#까놀리#디저트#디저트맛집#분위기맛집#음식#이색맛집#이탈리아디저트#카놀리,672,,,,
수유동가문,음식,중식당,서울특별시 강북구 노해로 13 가문,#굴짬뽕#맛집#음식#자장면#짬뽕#코스요리#탕수육,166,,,,
북한산 큰숲 제빵소,음식,베이커리,서울특별시 은평구 북한산로 271-3 북한산큰숲제빵소,#당일구운빵#둘레길#베이커리#북한산#북한산온천비젠#송추가마#음식#제빵소#주택개조카페,183,,,,
리치다이아몬드호텔,숙소,2성급,서울특별시 강북구 삼양로 500-18,#강북구#리치다이아몬드호텔#북한산숙소#북한산일출#북한산호텔#서울숙소#수유역숙소#숙박,59,,,,
송화벽화시장,관광,시장,서울특별시 강서구 강서로 263-29,#발산동시장#벽화시장#송화벽화시장#송화시장#쇼핑#우장산시장#재래시장,61,,,,
다래함박스텍,음식,돈가스,서울특별시 강북구 수유로 20-2,#가성비식당#기사식당돈가스#다래함박스테이크#돈가스맛집#수유리기사식당#음식#함박스테이크맛집,"1,319",,,,
카카오프렌즈 홍대 플래그십 스토어,관광,"문구,팬시용품",서울특별시 마포구 양화로 162 좋은사람들빌딩 1~3층,#라이프스타일#쇼핑#카카오프렌즈#플래그십스토어,"2,763",,,,
아트박스 (영등포점),관광,"문구,팬시용품",서울특별시 영등포구 영중로 15 타임스퀘어 지하1층,#디자인상품#문구#사무용품#쇼핑#영등포문구점#영등포팬시용품점#캐릭터상품#타임스퀘어아트박스#파티용품,"1,135",,,,
뱃고동,음식,낙지요리,서울특별시 강남구 언주로172길 54,#낙지전골#맛집#산낙지불고기언론소개_맛집#오징어불고기#음식,"2,051",,,,
호텔PJ,숙소,4성급,서울특별시 중구 마른내로 71 호텔피제이,#가족과함께#서울숙소#서울여행#서울호텔#숙박#연인과함께#중구#친구와함께#호캉스#호텔,171,,,,
한강파라다이스,음식,이탈리아음식,서울특별시 영등포구 여의동로 252 파라다이스,#경치좋은곳#고르곤졸라_피자#디조피자#마르게리따_피자#맛집#불고기_피자#삼겹살_피자#서울시#스테이크#실내데이트#양식#연인과함께#영등포구#음식#커플데이트#한강,216,,,,
미가할매집,음식,"육류,고기요리",서울특별시 관악구 신림로 374,#가족식사_추천정성가득#꽃갈비살#맛집#미가할매집#숯불구이#숯불구이한정식#음식#코스요리#한우생등심#한정식,711,,,,
동서울 관광호텔,숙소,2성급,서울특별시 광진구 구의강변로 38,#관광호텔#광진구#서울숙소#숙박,29,,,,
구로시장,관광,시장,서울특별시 구로구 구로동로22길 17-4 2층,#구로구시장#구로전통시장#구로청년몰#복고풍#비단길#쇼핑#시장#재래시장#전통시장,29,,,,
프레지던트 호텔,숙소,4성급,서울특별시 중구 을지로 16 프레지던트호텔,#서울숙소#숙박#중구#프레지던트호텔#호캉스#호캉스즐기기,249,,,,
난지천공원,관광,"도시,테마공원",서울특별시 마포구 월드컵로 365,#관광지#도심공원#서울_여행지_추천#서울가볼만한곳#서울권#유아숲체험장,162,,,,
파르나스몰,관광,백화점,서울특별시 강남구 테헤란로 521 그랜드인터콘티넨탈호텔 B1,#강남#그랜드인터콘티넨탈호텔#백화점#쇼핑#쇼핑몰,73,,,,
중곡제일시장,관광,시장,서울특별시 광진구 중곡동 265-5,#쇼핑#재래시장#전통시장#중곡동시장#중곡제일시장,39,,,,
롯데호텔 L7 강남,숙소,4성급,서울특별시 강남구 테헤란로 415,#L7강남#강남구#강남호텔#롯데호텔#롯데호텔L7#롯데호텔L7강남#서울숙소#숙박,164,,,,
더벨스파 동대문현대시티아울렛점,관광,"피부,체형관리",서울특별시 중구 장충단로13길 20 현대시티아울렛 지하1층,#관광지#동대문#마사지#서울여행#족욕#피로회복,118,,,,
서울서둘째로잘하는집,음식,차,서울특별시 종로구 삼청로 122-1,#단팥죽#맛집#분위기_좋은#삼청동#삼청동맛집#생강대추차#수정과#식혜#십전대보탕#음식#팥죽#팥죽집,"1,465",,,,
자인뭉티기,음식,소고기구이,서울특별시 서초구 강남대로37길 24-7 호원빌딩,#맛집#명품구이#모둠구이#뭉티기#육회#음식,270,,,,
양반댁,음식,한정식-일반,서울특별시 종로구 인사동길 19-18 양반댁,#간장게장#교자상#맛집#삼합#서울맛집#수라상#양반댁#양반정식#육회#음식#진지상#친환경_농산물#한정식코스요리,290,,,,
비단길 현대시장,관광,시장,서울특별시 금천구 독산로27길 52,#금천구전통시장#독산동현대시장#비단길현대시장#쇼핑#재래시장#전통시장,177,,,,
엔터식스 왕십리역점,관광,"상가,아케이드",서울특별시 성동구 왕십리광장로 17,#성동구쇼핑#쇼핑#유럽풍#테마파크형쇼핑몰,"2,947",,,,
아이유푸드,음식,정육점,서울특별시 금천구 범안로21길 14,#쇼핑#아이유푸드#아이유푸드정육점#친환경정육점#친환경축산물판매점,21,,,,
미자식당,음식,"해물,생선요리",서울특별시 동작구 노들로 674 노량진수산물도매시장 2층 8호,#맛집#매운탕#양념상차림#음식#회양념,215,,,,
평안도만두집,음식,한식,서울특별시 종로구 새문안로3길 30 도렴구역 제18지구,#김치찌개#만두전골#만두전골#만둣국#맛집#빈대떡#음식#접시만두#제육#종로구,456,,,,
지화자,음식,한정식-일반,서울특별시 종로구 자하문로 125,#맛집#소갈비구이수라#소갈비찜수라#외국인도_선호하는#음식#장금만찬#전복초수라#진어만찬#진어별만찬,94,,,,
인사동그집,음식,한식,서울특별시 종로구 인사동12길 3 인사동그집,#맛집#음식,594,,,,
라칸티나,음식,이탈리아음식,서울특별시 중구 을지로 19 삼성빌딩 지하1층,#라자냐#맛집#음식#파스타,589,,,,
행복한백화점,관광,백화점,서울특별시 양천구 목동동로 309 중소기업유통센터,#목동백화점#쇼핑#양천구마트#양천구백화점#오목교역백화점,"1,858",,,,
호텔 더 디자이너스 청량리 Hotel the designers,숙소,2성급,서울특별시 동대문구 왕산로 226,#서울#서울숙소#숙박,77,,,,
동적불고기깡통구이 쌍문 본점,음식,"육류,고기요리",서울특별시 도봉구 도봉로109길 30,#동적불고기#동적불고기깡통구이쌍문본점#쌍리단길맛집#쌍문동맛집#쌍문맛집#음식,"3,438",,,,
어양,음식,중식당,서울특별시 송파구 위례성대로 14 지하 1층,#맛집#양장피#음식#짜장면#짬뽕#코스요리#탕수우럭#탕수육#해물누룽지,119,,,,
서래본갈비,음식,"육류,고기요리",서울특별시 서초구 사평대로 126,#갈비식당#서래마을갈비#서래마을고깃집#서래마을식당#서래본가#음식#한우생갈비#호텔분위기식당,295,,,,
나이아가라호텔,숙소,3성급,서울특별시 강서구 양천로 743,#강서구#나이아가라호텔#서울숙소#숙박#염창동호텔#친구와함께#한강뷰#한강뷰호텔#호캉스,17,,,,
단미그린비,음식,한식,서울특별시 강남구 밤고개로14길 13-50,#강남한정식#단미그린비#상견례식당#음식#자곡동한정식#한정식,232,,,,
갯마을,음식,낙지요리,서울특별시 종로구 세종대로21길 75,#녹두부침#떡국#떡만두국#만두국#만두전골#맛집#손만둣국#용산구#음식,194,,,,
그리츠 레스토랑,음식,뷔페,서울특별시 영등포구 의사당대로 16 로비층,#뷔페#식품의약품안전처_음식점위생등급_매우우수(2017년)#영등포맛집#음식#음식점위생등급,"2,372",,,,
아승지,음식,사찰음식,서울특별시 영등포구 신길로 176,#맛집#서울시#아승지_정식#아승지정식#영등포구#음식#한식,111,,,,
광장싸롱 1961,음식,한방카페,서울특별시 종로구 동호로 403-3 (종로5가) 1.2층,#광장시장#레트로#빈티지#음식#전통차#종로강남한의원#청계천,310,,,,
태림산채정식,음식,한식,서울특별시 도봉구 노해로60길 32 1층,#건강식#더덕구이정식#맛집#불고기정식#산채정식#음식,439,,,,
문래근린공원,관광,근린공원,서울특별시 영등포구 문래동3가 61,#516벙커#관광지#문래공원#문래근린공원#문래창작촌#박정희대통령동상#박정희벙커#영등포문래근린공원,15,,,,
을지로 원형들,음식,"카페,디저트",서울특별시 중구 창경궁로1길 38 4층,#가볼래터#감성카페#고수케이크#딜케이크#여행구독#음식#이색디저트#충무로카페,396,,,,
산도토리임자탕,음식,한식,서울특별시 도봉구 덕릉로60길 13,#가족식사_추천#도토리묵무침#도토리묵밥#도토리임자탕#도토리전#맛집#음식,"1,335",,,,
향림,음식,중식당,서울특별시 노원구 한글비석로 127 마린스포츠센터 2층,#냉채류#노원구#닭고기류#담백한_맛#두부·야채류#맛집#밥·면류#샥스핀류#서울시#소고기·돼지고기류#외국인도_선호하는#음식#정성가득#중화요리#해삼·전복류,258,,,,
금용문,음식,중식당,서울특별시 종로구 새문안로5가길 7 세종클럽 2층,#가족식사_추천#금용문_중식코스#금용문전가복#딤섬류#맛집#매운새우돈육말이#삼선짜장#우럭튀김#음식#종로구#중국집#차돌짬뽕,245,,,,
깃대봉냉면,음식,냉면,서울특별시 중구 청계천로 400 베네치아메가몰 2층 2038호,#냉면#만두#맛집#음식,"1,159",,,,
순희네빈대떡,음식,"전,빈대떡",서울특별시 종로구 종로32길 5,#고기완자언론소개_맛집#녹두빈대떡#맛집#음식,"4,101",,,,
메세나폴리스 몰,관광,"상가,아케이드",서울특별시 마포구 양화로 45 메세나폴리스,#가족과함께#남녀노소#대형마트#마포구#문화공간#쇼핑#스트리트몰#열린문화공간#패션#합정역,114,,,,
곰국시집 명동,음식,국수,서울특별시 중구 무교로 24 2층,#맛집#음식,498,,,,
메리어트 이그제큐티브 아파트먼트 서울 여의도,숙소,5성급,서울특별시 영등포구 여의대로 8,#서울숙소#숙박,53,,,,
만강 수서점,음식,한식,서울특별시 강남구 밤고개로21길 81,#강남맛집#서울맛집#음식#한정식,115,,,,
해담채 서여의도점,음식,해담채,서울특별시 영등포구 은행로 30 중소기업중앙회 1층,#영등포맛집#음식#코스요리#해담채,337,,,,
다락정,음식,"칼국수,만두",서울특별시 종로구 삼청로 131-1,#김치만두전골#만두#맛집#불고기#삼청동맛집#서울맛집추천#음식,282,,,,
백원,음식,중식당,서울특별시 영등포구 여의공원로 101 CCMM빌딩 12F,#맛집#음식#코스요리,44,,,,
호텔 삼정,숙소,4성급,서울특별시 강남구 봉은사로 150,#강남구#서울숙소#숙박,102,,,,
수유시장,관광,시장,서울특별시 강북구 도봉로71길 2,#배달전통시장#비대면장보기#서울재래시장#쇼핑#수유시장#수유재래시장#수유전통시장,51,,,,
KT&G 상상마당 디자인스퀘어,관광,"가구,인테리어",서울특별시 마포구 어울마당로 65 상상마당빌딩,#기념품#문화활동#복합문화공간#쇼핑#외국인친구에게추천#홍대,815,,,,
아리차이,음식,중식당,서울특별시 관악구 신림동길 4,#국코스가성비_갑#맛집#매코스#아리차이코스#음식,"1,218",,,,
익선동 그집,음식,"칼국수,만두",서울특별시 종로구 삼일대로30길 34-4,#만두#맛집#음식#익선동맛집#종로구#칼국수#칼만두,203,,,,
롯데시티호텔 구로,숙소,3성급,서울특별시 구로구 디지털로 300 지밸리비즈플라자,#구로구#롯데시티호텔#롯데시티호텔구로#비즈니스호텔#서울숙소#서울호텔#숙박#호캉스,192,,,,
먹고을전주콩나물국밥 묵동본점,음식,한식,서울특별시 중랑구 중랑역로 268,#음식,"1,244",,,,
명품기사식당뚝다리김치찌개,음식,기사식당,서울특별시 강동구 천중로 175,#강동구김치찌개전문점#기사식당맛집#김치찌개맛집#뚝다리김치찌개#명품기사식당뚝다리김치찌개#음식#천호김치찌개전문점,236,,,,
요리하는남자,음식,이탈리아음식,서울특별시 송파구 백제고분로7길 27 반석빌딩 지하1층,#가성비_갑#남녀노소#맛집#분위기_좋은가족식사_추천#블랙치킨샐러드#서양식#안심_팬스테이크#연인과함께#음식#이탈리아음식#청포도리코타샐러드,780,,,,
성수족발,음식,"족발,보쌈",서울특별시 성동구 아차산로7길 7 동진빌딩 1층 성수족발,#맛집#서울3대족발#성수맛집#순대국#음식#음식점#족발#족발맛집,"1,741",,,,
키미아트,음식,카페,서울특별시 종로구 평창30길 47,#맛집#수도권#음식#카페#키미아트카페,192,,,,
문배동 육칼,음식,"칼국수,만두",서울특별시 용산구 백범로90길 50,#남녀노소#맛집#문배동#서울맛집#서울여행#육개장#육계장#육칼#음식#전국맛집#친구와함께#칼국수#칼국수,"1,067",,,,
POOM아트박스 (신촌점),관광,"문구,팬시용품",서울특별시 서대문구 명물길 23,#디자인#디자인상품#디자인숍#쇼핑#신촌문구점#신촌아트박스#신촌팬시용품점#신촌팬시점#신촌학용품쇼핑,898,,,,
청담골,음식,한식,서울특별시 강남구 선릉로148길 48 미준빌딩 1층,#가정식_백반#갈치구이_백반#누룽지_정식#맛집#삼치구이#음식#음식점#제육볶음_백반#조기구이_백반#청담골#한정식,563,,,,
몽실이네 토종한우,음식,소고기구이,서울특별시 성동구 마장로35길 70 1층,#갈비살#갈비탕#맛집#살치살#안심#육사시미#육회#음식#한우등심#한우모둠#한우한마리,211,,,,
오크우드 프리미어 코엑스,숙소,5성급,서울 강남구 테헤란로87길 46,#가족과함께#강남무역센터#강남호텔#서울숙소#서울호텔#숙박#연인과함께#오크프리미어코엑스#친구와함께#코엑스#코엑스호텔#호캉스,209,,,,
드어반관광호텔,숙소,1성급,서울특별시 강서구 곰달래로24길 35,#강서구#서울숙소#숙박,23,,,,
미진,음식,한식,서울특별시 종로구 종로 19,#가족식사_추천#맛집#메밀국수#메밀묵밥#보쌈정식#음식#종로맛집#판메밀,"4,665",,,,
동심한정식,음식,한정식-일반,서울특별시 중구 퇴계로27길 12-4 충무로역 5번출구,#간장게장정식#맛집#보리굴비정식#서울시#음식#중구,40,,,,
남원추어탕 풍천장어,음식,한식,서울특별시 강남구 영동대로86길 27,#강남구#건강한요리#건강한음식#맛집#음식#추어탕#추어탕맛집#한식#한식당#한식맛집,75,,,,
산삼청각,음식,"육류,고기요리",서울특별시 송파구 송이로 151,#가락동돼지갈비#가족모임식당#갈비집#산삼청각#송파가족모임식당#송파돼지갈비#숯불구이맛집#음식#한옥식당,656,,,,
테르트르카페,음식,카페,서울특별시 종로구 낙산5길 46,#갤러리카페#서울데이트코스#서울루프탑카페#서울뷰맛집#서울야경#서울야경명소#서울전망대카페#음식#창신동뷰카페#테르트르#테르트르카페,"1,431",,,,
프리스비 (Frisbee) 건대점,관광,"컴퓨터,모니터",서울특별시 광진구 능동로 92 스타시티 1층,#Apple#서울프리스비#쇼핑#애플매장#체험형스토어#프리스비건대점,179,,,,
최수사 대게마을,음식,일식당,서울특별시 강남구 논현로 429 3층,#강남구#대게정식#맛집#사시미코스#서울시#음식,93,,,,
정식당,음식,한식,서울특별시 강남구 선릉로158길 11,#가족과함께#맛집#연인과함께#음식#정식당#코스요리#파인다이닝#한식,583,,,,
이비스 스타일 앰배서더 서울 강남,숙소,3성급,서울특별시 강남구 삼성로 431 이비스 스타일 앰배서더 강남 호텔,#강남구#서울숙소#숙박#이비스앰배서더,37,,,,
인사동큰집,음식,한식,서울특별시 종로구 인사동6길 7,#맛집#음식#인사동맛집#한식#한정식,77,,,,
궁가는여우,관광,한복대여,서울특별시 종로구 자하문로 3 지하 1층,#쇼핑#한복#한복대여점#한복체험점,82,,,,
아리랑힐 호텔 동대문,숙소,3성급,서울특별시 성북구 아리랑로 8,#관광호텔#동대문호텔#베스트웨스턴아리랑힐동대문#서울숙소#서울호텔#성북구#숙박#호텔,137,,,,
옥류헌릴렉스,음식,"카페,디저트",서울특별시 강북구 삼양로181길 142 옥류헌릴렉스,#감성카페#계곡#계곡카페#모닥불#모닥불캠프#옥류헌릴렉스#우이동계곡카페#우이동릴렉스#우이동카페#우이천#음식#카페,"2,785",,,,
북한산 족두리봉,관광,"봉우리,고지",서울특별시 은평구 불광동,#관광지#등산#북한산#서울_여행지_추천#서울가볼만한곳#서울권,14,,,,
위대한밥상 영광,음식,한정식-일반,서울특별시 서초구 사평대로56길 7,#굴비정식#맛집#서울특별시#서초구#음식#한식,38,,,,
부일갈비,음식,"육류,고기요리",서울특별시 서초구 서초중앙로2길 42 1층 부일갈비,#가족식사_추천#갈비탕#갈빗살#담백한_맛#맛집#부일갈비#생갈비#생등심#서울맛집#소금구이#수도권#양념갈비#음식#한식,106,,,,
툭툭누들타이,음식,태국음식,서울특별시 마포구 성미산로 161-8 2층,#가성비맛집#가족외식추천#꿍_팟퐁커리#데이트코스#맛집#맛집제보#분위기좋은#비주얼맛집#뽀삐아_쁘라짠#쏨땀_가이양#얌꿍#얌운센#음식#태국음식#태국음식점#텃만꿍#푸팟퐁커리,"1,563",,,,
금강수림,음식,한식,서울특별시 강남구 강남대로 240 SK허브프리모 B2층,#건강식#건강식맛집#꼬리찜#맛집#복지리#복탕#음식#장어맛집#장어주물럭#향토음식#향토음식점,287,,,,
세상의모든아침,음식,브런치,"서울특별시 영등포구 여의대로 24 전경련회관 50층, 51층",#기념일레스토랑#브런치#브런치맛집#세상의모든아침#여의도뷰맛집#여의도브런치#웨딩맛집#음식#인테리어맛집#전경련회관식당#펜트하우스촬영장소#한강뷰식당,"4,540",,,,
조선옥,음식,"육류,고기요리",서울특별시 중구 을지로15길 6-5,#갈비#갈비탕#대구탕#맛집#보양식#양념소갈비#음식#장국밥가성비_갑#한식#한식당#향토음식,290,,,,
미 피아체,음식,이탈리아음식,서울특별시 강남구 도산대로70길 34 1층,#강남맛집#맛집#매콤한_닭_그릴#서울맛집추천#성게알_로제파스타#스페인산_이베리코_하몽#어란_오일_파스타#음식#이탈리아음식#이태리레스토랑#청담동맛집#치즈바게트_그라탕#파스타,43,,,,
창성옥,음식,한식,서울특별시 용산구 새창로 124-10,#맛집제보#백년가게#뼈전골언론소개_맛집#용산맛집#음식#해장국,622,,,,
갯마을풍천장어,음식,한식,서울특별시 도봉구 도봉산4나길 12-10,#능이전복오리백숙#도봉맛집#도봉산#맛집#민물장어#오리전복옻백숙#음식#전복능이삼계탕#코다리시레기+솥밥#코다리조림,57,,,,
최대감네,음식,한식,서울특별시 종로구 인사동8길 12-3,#맛집#음식,"1,109",,,,
삼해집,음식,"족발,보쌈",서울특별시 영등포구 영등포로 250,#감자탕#굴보쌈#닭도리탕#맛집#소주한잔#아귀찜#음식#친구와함께#한방족발#한식#한식맛집,607,,,,
유진막국수,음식,막국수,서울특별시 용산구 장문로 18,#남녀노소#막국수#막국수#막국수맛집#맛집#음식#이태원맛집#제육보쌈#족발#족발#해물파전#회막국수,294,,,,
눈나무집,음식,국수,서울특별시 종로구 삼청로 136-1,#국수#김치말이_국수#녹두빈대떡#두부김치#떡갈비#맛집#분위기_좋은#삼청동맛집#서울맛집추천#음식#종로구맛집#평양만두,554,,,,
고궁마실,관광,한복대여,서울특별시 종로구 창경궁로 229 한성빌딩 3층,#쇼핑#창경궁#한복대여점#한복체험,123,,,,
불맛감자국,음식,감자탕,서울특별시 은평구 응암로 172-1,#가족식사_추천#감자탕#닭볶음탕#맛집#음식#해물뼈찜,387,,,,
호텔 리베라,숙소,4성급,서울특별시 강남구 영동대로 737,#강남구#서울숙소#숙박#숙박시설#휴식공간,261,,,,
해담채 강남점,음식,해담채,서울특별시 강남구 테헤란로10길 18 역삼 823빌딩 지하 1층,#강남맛집#음식#코스요리#해담채,569,,,,
초우마을,음식,소고기구이,서울특별시 동대문구 회기로28길 8 2층 초우마을,#갈비#꽃등심#동대문구#맛집#음식#한우등심#한우부채살#한우살치살#한우육회,136,,,,
대상해,음식,중식당,서울특별시 중구 세종대로 135 코리아나호텔 3층,#맛집#음식#정식요리#중식당,223,,,,
왕돈까스&왕냉면,음식,돈가스,서울특별시 종로구 우정국로 26 센트로폴리스 지하2층,#맛집#음식,78,,,,
엘르인호텔,숙소,3급,서울특별시 용산구 한강대로71길 24,#남녀노소#서울숙소#숙박#용산구#용산구숙소#편의시설#휴식공간#휴식여행#휴식하기#휴식하기좋은곳#힐링여행,21,,,,
루위,음식,중식당,서울특별시 강남구 도산대로 211 동현빌딩 1F,#강남맛집#남녀노소#몽골리안비프데이트_맛집#북경오리_한마리_및_코스요리#소롱포#음식#중식#중식당#중식요리#중식코스요리,381,,,,
테이크어스트릿 (Take a street),관광,종합패션,서울특별시 마포구 양화로 45 1층 106호,#남녀노소#마포구#쇼핑#쇼핑거리#액세서리#의류매장#의류잡화#잡화#캐주얼의류#코디#코디서비스#패션의류,27,,,,
파크 하얏트 서울,숙소,5성급,서울특별시 강남구 테헤란로 606,#서울숙소#숙박,478,,,,
아리아,음식,뷔페,서울특별시 중구 소공로 106 웨스틴 조선 서울 저층 로비,#뷔페#뷔페#서양식#서울중구맛집#식품의약품안전처_음식점위생등급_매우우수(2017년)#연인과함께#웨스틴조선호텔#음식#음식점위생등급#인도음식#일식,248,,,,
에도긴,음식,일식당,"서울특별시 강남구 테헤란로8길 30 2,3층",#가족식사_추천#강남구#강남맛집#맛집#생선회#역삼동#음식#일식당#초밥#코스요리,34,,,,
초록뜰,음식,"채식,샐러드뷔페",서울특별시 동대문구 망우로18길 6,#7곡연잎밥#두부두루치기#맛집#맛집여행#묵밥#묵사발#버섯전골#서울맛집#음식#초록뜰#초록육개장,82,,,,
안성또순이,음식,한식,서울특별시 종로구 경희궁길 18 안성또순이,#노량진맛집#동작구맛집#맛집#생선회#음식,203,,,,
롯데시티호텔 마포,숙소,3성급,서울특별시 마포구 마포대로 109,#롯데시티호텔#롯데시티호텔마포#마포구#마포구호텔#서울숙소#서울호텔#숙박#호캉스#호텔#호텔수영장,344,,,,
달 카페,음식,카페,서울특별시 동대문구 한빛로 26,#맛집#음식,12,,,,
다리원,음식,중식당,서울특별시 서초구 효령로31길 6,#맛집#삼선짜장#음식#해물누룽지탕,411,,,,
동해복집,음식,복어요리,서울특별시 노원구 동일로217가길 23 한영빌딩 2층,#노원구#노원맛집#맛집#보양식#복_맑은탕#복_수육담백한_맛#복어#복어맛집#서울맛집추천#음식#이색보양식,106,,,,
서울 선샤인호텔,숙소,3성급,서울특별시 강남구 도산대로 205 선샤인 관광호텔,#강남구#서울숙소#숙박,82,,,,
롯데호텔 L7 명동,숙소,4성급,서울특별시 중구 퇴계로 137,#L7명동#롯데호텔L7명동#명동#명동호텔#비즈니스호텔#서울숙소#숙박#친구와함께#호캉스,116,,,,
톰볼라,음식,이탈리아음식,서울특별시 서초구 서래로7길 16,#가성비_갑#랍스타_스파게티#마르게리따_피자#맛집#볼로네제_라자냐#분위기_좋은#서초구#스테이크#스테이크#음식#이국적인#피자,316,,,,
엄마손칼국수,음식,"칼국수,만두",서울특별시 노원구 상계로39길 5,#당고개엄마손칼국수#당고개역맛집#당고개역칼국수#엄마손칼국수#음식#칼국수맛집#칼국수맛집,"1,301",,,,
고바우소곱창,음식,"곱창,막창,양",서울특별시 성북구 아리랑로4길 5,#간천엽#곱창#곱창맛집#노원맛집#대창#막창#맛집#소곱창#소막창#암소특양#양#음식,155,,,,
장꼬방김치찌개전문,음식,"찌개,전골",서울특별시 서초구 효령로 364 장꼬방,#묵은지김치찌개#서초 김치찌개#서초 장꼬방김치찌개#서초 찌개#음식#장꼬방김치찌개,"1,316",,,,
청송본관함흥냉면,음식,냉면,서울특별시 서대문구 연희맛로 6 청송함흥냉면,#맛집#서울맛집#수도권#음식#청송면옥#한식,275,,,,
참숯골,음식,한식,"서울특별시 중구 무교로 16 대한체육회관 2층, 참숯골",#꽃등심#돌솥비빔밥#맛집#생갈비#안창살#양념갈비#외국인도_선호하는#음식#차돌박이#한식#한식맛집,366,,,,
아모렉스관광호텔,숙소,호텔,서울특별시 성동구 왕십리로20길 19,#가족과함께#남녀노소#서울숙박#서울숙소#성동구#숙박#편의시설#휴식공간#휴식여행#휴식하기좋은곳#힐링여행,26,,,,
올가홀푸드 방이점,관광,유기농산물마트,서울특별시 송파구 양재대로71길 4 올가홀푸드,#생활용품#쇼핑#유기농#친환경식품,322,,,,
골목집,음식,오리요리,서울특별시 영등포구 도림로139가길 11-1 1층 골목집,#건강한요리#건강한음식#보양식#영등포#영등포맛집#오리고기#오리맛집#오리백숙#오리요리전문점#오리주물럭#음식,"1,726",,,,
모뜨,음식,이탈리아음식,서울특별시 종로구 평창30길 24,#남녀노소#레스토랑#맛집#연인과함께#음식#종로구#카페#휴식공간#휴식여행#휴식하기좋은곳,179,,,,
셀프하우스,음식,종합분식,서울특별시 강동구 올림픽로 572 코오롱 2차 아파트 101동 107호,#맛집#음식,874,,,,
코트야드 바이 메리어트 서울타임스퀘어,숙소,4성급,서울특별시 영등포구 영중로 15 타임스퀘어,#관광호텔#서울숙소#숙박#영등포구#코트야드바이메리어트,"1,684",,,,
암사선사유적박물관,관광,"유적지,사적지",서울특별시 강동구 올림픽로 875,#문화시설#박물관#빗살무늬토기#선사박물관#선사유적박물관#암사동박물관#암사선사유적박물관#어린이체험교실#유적견학#유적박물관#체험전시관,178,,,,
삼성 빨간양념 숯불구이,음식,"육류,고기요리",서울 중구 남대문로1길 39,#동그랑땡#맛집#서울맛집추천#서울중구맛집#음식,253,,,,
진남포면옥,음식,막국수,서울특별시 중구 다산로 108,#개성보쌈#막국수#막국수#맛집#비빔국수#서울 중구#음식#쟁반막국수#찜닭,422,,,,
성북동집,음식,"칼국수,만두",서울특별시 성북구 성북로24길 4 성북동집,#만둣국담백한_맛#맛집#서울맛집#성북동집#음식#칼국수#한식,499,,,,
카카오프렌즈 강남 플래그십 스토어,관광,"문구,팬시용품",서울특별시 서초구 강남대로 429 유창빌딩 1~2층,#라이프스타일#쇼핑#카카오프렌즈#플래그십,"1,130",,,,
헬로애니멀,관광,동물원,서울특별시 도봉구 마들로 650 도봉월드상가 1층 119호,#관광지#도봉구동물원#동물체험#동물체험학습#서울동물원#실내동물원#아이와함께가볼만한곳#어린이동물학습#이색체험공간#헬로애니멀,254,,,,
삿뽀로 목동점,음식,일식당,서울특별시 양천구 목동동로 189,#삿뽀로#삿뽀로목동점#삿뽀로횟집#신정동횟집#양천구맛집#양천구맛집#음식,674,,,,
롯데시티호텔 김포공항,숙소,3성급,서울특별시 강서구 하늘길 38 국제선청사,#김포공항#롯데호텔#숙박#숙박시설#숙박업소#휴식공간#휴식여행#휴식하기좋은곳,175,,,,
사당시장,관광,"상가,아케이드",서울특별시 동작구 사당로 244,#남성역시장#사당시장#쇼핑#재래시장#전통시장,107,,,,
갓잇(god eat),음식,"멕시코,남미음식",서울특별시 종로구 북촌로2길 5-5 1층,#강남구#맛집#멕시코요리#브리또#음식#타코,"1,396",,,,
내자상회,음식,"카페,디저트",서울특별시 종로구 사직로10길 3 1층,#SNS감성사진#감성사진#디저트#디저트맛집#사진찍기좋은곳#사진촬영#사진촬영명소#실내데이트#연인과함께#음식#음식점#친구와함께,562,,,,
우리강산,음식,"육류,고기요리",서울특별시 송파구 위례성대로12길 6,#꽃등심_코스요리#돼지갈비#돼지갈비#맛집#사골갈비탕#송파구#음식#한우구이,149,,,,
방이샤브샤브칼국수 방이본점,음식,샤브샤브,서울특별시 송파구 오금로31길 42,#방이동맛집#방이샤브맛집#방이샤브샤브칼국수방이본점#방이역맛집#서울칼국수맛집#음식,818,,,,
자원대구탕,음식,"해물,생선요리",서울특별시 용산구 한강대로62가길 6 자원대구탕,#대구내장탕#대구탕#맛집#음식,300,,,,
정감어린,음식,"육류,고기요리",서울특별시 용산구 후암로 4 정감어린,#LA갈비#꽃갈빗살#돼지왕갈비#맛집#음식#정성가득,651,,,,
전주회관,음식,"육류,고기요리",서울특별시 중구 세종대로14길 32-1,#담백한_맛#맛집#불낙전골#양념갈비#외국인도_선호하는#음식#전주곱돌비빔밥#정성가득#콩나물국밥,152,,,,
우정낙지,음식,낙지요리,서울특별시 종로구 삼일대로17길 46 2층 우정낙지,#낙지데침#낙지볶음#낙지볶음#낙지초무침#노원맛집#맛집#산낙지#서울맛집추천#음식#조개탕,223,,,,
낙원(메이필드호텔),음식,"육류,고기요리",서울특별시 강서구 방화대로 94 메이필드호텔 낙원,#가족식사_추천#낙원#맛집#서울맛집#양념갈비_정식#연중무휴#음식#한우_꽃등심#한우꽃등심#한우특선_양념_대갈비#해산물_정식,77,,,,
미우미우참숯구이,음식,"육류,고기요리",서울특별시 송파구 양재대로71길 2-27 인택파크랜드 2층,#맛집#생갈비#송파구#와규#와규꽃살#와규부채살#와규생갈비#와규안창살#왕갈비탕#음식#제육쌈밥,69,,,,
용금옥,음식,"해물,생선요리",서울특별시 중구 다동길 24-2,#더덕구이#맛집#모듬전#미꾸라지부침#북어구이#수도권#용금옥#음식#추어탕#추탕,249,,,,
용문집,음식,소고기구이,서울특별시 성동구 마장로39가길 32 1층 용문집,#맛집#분위기_좋은가족식사_추천#언론소개_맛집#외국인도_선호하는#음식#한우갈비본살#한우꽃등심#한우살치살#한우안창살,142,,,,
부산복집,음식,복어요리,서울특별시 중구 수표로2길 25,#맛집#백년가게#복매운탕#복매운탕#복수육#복찜#서울시#음식#중구,290,,,,
그릭조이,음식,그리스음식,서울특별시 마포구 성지1길 6 2층,#그리스음식#레스토랑#마포구맛집#맛집#미코노스#분위기_좋은#서울맛집추천#아테네#음식#전망_좋은#크레타#플라카,92,,,,
바바인디아 강남역점,음식,인도음식,서울특별시 서초구 강남대로 359 도씨에빛 2차,#강남데이트#난#맛집#서초구맛집#음식#인도요리#인도음식#커리#탄두리_치킨,319,,,,
서울리즘,음식,바(BAR),서울특별시 송파구 백제고분로 435 예스빌딩 6층,#롯데서울타워#루프탑카페#서울_여행지_추천#서울가볼만한곳#서울권#음식,306,,,,
홍능갈비집본점,음식,"육류,고기요리",서울특별시 동대문구 제기로 85,#갈비맛집#갈비맛집#동대문구맛집#동대문구맛집#음식#청량리맛집#청량리맛집#홍능갈비집#홍능갈비집본점,402,,,,
곰국시집,음식,국수,서울특별시 중구 무교로 24 2층,#곰국시#곰국시#맛집#서울중구#수육#음식#전골국수,498,,,,
까델루뽀,음식,이탈리아음식,서울특별시 종로구 자하문로16길 5-5,#가족과함께#맛집#분위기_좋은#양식#양식_코스요리#양식코스#연인과함께#음식#이탈리아요리#이탈리아음식#한옥,238,,,,
이강순실비집,음식,낙지요리,서울특별시 종로구 청계천로 75-1 본점이강순실비집,#낙지볶음#낙지철판#낙지파전#맛집#음식#조개탕,277,,,,
영등포복집,음식,복어요리,서울특별시 영등포구 영등포로42길 10-1 영등포복집,#담백한_맛#맛집#복매운탕#복불고기#복샤브샤브#복수육#복어요리#복지리#분위기_좋은가족식사_추천#서울시#영등포구#음식,209,,,,
상인정신,음식,요리주점,서울특별시 종로구 새문안로5길 11-1 2층,#갈릭소스_가리비구이#갓_잡은_통_우럭구이#남녀노소#맛집#음식#정성가득#종로구#쫀득_가리비회#친구와함께#해물요리#해물전문점,128,,,,
늘푸른식당,음식,요리주점,서울특별시 마포구 굴레방로9길 3 1층 늘푸른식당,#남녀노소#마포구#마포구맛집#막걸리#맛집#모듬전#서울여행#아현시장#음식#전#전맛집,121,,,,
홍원,음식,중식당,서울특별시 마포구 백범로 23 거구장예식장,#남녀노소#마포구#마포구맛집#맛집#음식#중식#중식당#중식맛집#중식요리#짜장면#친구와함께#탕수육,77,,,,
더 킹스,음식,뷔페,서울특별시 중구 동호로 287 앰배서더 서울 풀만 호텔 1층,#맛집#음식,555,,,,
해안반점,음식,중식당,서울특별시 강동구 고덕로10길 48 1층해안반점,#강동구#강동구맛집#남녀노소#맛집#음식#중국집#중식#중식당#중식요리#중식코스요리#짜장면,219,,,,
로리스 더 프라임 립,음식,"스테이크,립",서울특별시 서초구 서초대로 411 GT TOWER 3층,#립#서초맛집#식품의약품안전처_음식점위생등급_매우우수(2017년)#음식#음식점위생등급#프라임_립_강남_컷#프라임_립_로리_컷#프라임_립_캘리포니아,993,,,,
백제삼계탕,음식,"백숙,삼계탕",서울특별시 중구 명동8길 8-10,#맛집#명동맛집#백제삼계탕#음식,189,,,,
라 쿠치나,음식,이탈리아음식,서울특별시 용산구 회나무로44길 10,#남산#맛집#분위기_좋은#서울맛집추천#양식_코스요리#용산구#음식#이탈리아음식,147,,,,
삼수갑산,음식,"육류,고기요리","서울특별시 관악구 남현1길 38-9 1층,2층,3층",#가족과함께#맛집#육회가성비_갑#음식#한우#한우갈빗살#한우구이#한우맛집#한우모듬#한우생등심#한우차돌박이,68,,,,
스시겐,음식,"초밥,롤",서울특별시 마포구 양화로7길 6-12 삼이빌딩,#가성비_갑#꽃초밥#남녀노소#맛집#모둠초밥#분위기_좋은#음식#일식#일식당#초밥맛집#코스요리,77,,,,
하모,음식,한식,서울특별시 강남구 언주로 819 2층 하모,#가오리찜#담백한_맛#맛집#육전#음식#정성가득#진주비빔밥#진주음식#한정식#헛제사밥,244,,,,
장군갈비,음식,"육류,고기요리",서울특별시 광진구 용마산로 11,#갈비살#고기요리#광진구#광진구맛집#맛집#생갈비#생갈비#생꽃등심#서울시#안창살#양념갈비#육류#육회#음식#한우갈비탕,520,,,,
평래옥,음식,한식,서울특별시 중구 마른내로 21-1,#냉면#맛집#서울시#음식#중구#초계탕#초계탕#평양냉면,"1,118",,,,
장군보쌈,음식,"족발,보쌈",서울특별시 중구 무교로 16,#감자탕#굴보쌈#굴보쌈#낙지볶음#맛집#서울시#왕족발#왕족발#음식#종로구,638,,,,
궁나라냉면묵밥,음식,냉면,서울특별시 종로구 지봉로12길 6 등원빌딩,#궁나라냉면묵밥#맛집#묵밥#묵밥#물냉면#물냉면#비빔냉면#서울맛집#왕만두#음식#음식점#한식,144,,,,
모녀마약김밥,음식,김밥,서울특별시 종로구 동호로 403-23,#광장시장#광장시장맛집#김밥#맛집#모녀마약김밥#수도권#음식#종로맛집,"5,106",,,,
현대카드 Vinyl & Plastic,관광,"음반,CD",서울특별시 용산구 이태원로 248,#문화공간#복합문화쇼핑공간#쇼핑#쇼핑공간#실내관광지#현대,266,,,,
갤러리카페 3안,음식,갤러리카페,서울특별시 종로구 북촌로 137-7,#갤러리카페#디저트류#맛집#에스프레소#음식#종로구#카페#카페라떼_커피_및_음료#티,27,,,,
장수촌 풍천장어,음식,"장어,먹장어요리",서울특별시 관악구 남부순환로 2082-37 2층,#가을보양식#가족식사_추천#담백한_맛#보양식#음식#장어구이#장어맛집#장어탕#풍천장어#한근_바지락_칼국수,268,,,,
터치더스카이,음식,양식,서울특별시 영등포구 63로 50 한화금융센터_63,#디너메뉴#런치메뉴#맛집#서울맛집#시저샐러드#음식#터치더스카이#한우등심스테이크#한우심_스테이크#한정식_메뉴데이트_맛집,255,,,,
성북동 구포국수,음식,국수,서울특별시 성북구 성북로12길 2,#국수#맛집#성북동#성북동국수#성북동맛집#음식,445,,,,
잇텐고,음식,일본식라면,서울특별시 마포구 포은로 11 103호,#마포구#마포구맛집#맛집#바질_라멘#음식#일식#일식당#일식맛집#차슈동#키요마사#키츠네#토마토쯔께모노,780,,,,
호텔 더 디자이너스 종로점,숙소,3급,서울특별시 종로구 수표로 89-8,#서울숙소#숙박#종로구,68,,,,
암사종합시장,관광,시장,서울특별시 강동구 상암로11길 25,#강동구데이트코스#강동전통시장#쇼핑#시장데이트#암사시장#암사재래시장#암사종합시장,35,,,,
감나무집기사식당,음식,기사식당,서울특별시 마포구 연남로 25,#감나무집기사식당#연남동24시간집밥#연남동돼지불백#연남동백반#연남동집밥#음식,"1,972",,,,
안동국시소람,음식,국수,서울특별시 종로구 인사동9길 16 백악미술관 지하1층,#국밥#국시#맛집#모둠전#보쌈#수육#음식,204,,,,
명문막국수,음식,막국수,서울특별시 성북구 창경궁로 319,#남녀노소#들깨칼국수&수제비#막국수맛집#맛집#메밀막국수#메밀부침&전병#명태식혜비빔막국수#성북구맛집#여름철#음식,559,,,,
딜라이트 호텔 (HOTEL DELIGHT),숙소,2성급,서울특별시 송파구 오금로11길 21-9 딜라이트 호텔,#서울숙소#송파구#숙박,223,,,,
슈치쿠,음식,일식당,서울특별시 영등포구 63로 50 58층,#계절_생선_냄비_정식#레스토랑#맛집#생선회와_스시_오마카세_코스#서울시#슈치쿠_정식요리#슈치쿠_코스요리#영등포구#음식#일식#한우_스키야키_정식,253,,,,
청수횟집,음식,생선회,서울특별시 강남구 테헤란로25길 9,#맛집#음식,167,,,,
강서면옥,음식,냉면,서울특별시 강남구 언주로164길 19 강서면옥,#만두전골#맛집#음식#이북식_왕만두국#평양물냉면#한우꽃등심#한우생갈비#한우석쇠불고기#함흥비빔냉면#회냉면,364,,,,
진남회집,음식,생선회,서울특별시 동작구 노들로 674 노량진수산시장 2층 13호,#건강한요리#건강한음식#동작구#동작구맛집#맛집#소주한잔#음식#초밥#친구와함께#회#회맛집,181,,,,
커피친구,음식,카페,서울특별시 종로구 삼봉로 81 두산위브파빌리온,#남녀노소#맛집#음식#종로구#종로구맛집#핸드드립#핸드드립커피#휴식공간#휴식여행#휴식하기#휴식하기좋은곳,149,,,,
키다리아저씨,음식,베이커리,서울특별시 마포구 성미산로 22,#마카롱#맛집#빵#스콘#앙버터#음식#커피#케이크#코코넛쿠키,325,,,,
원조이화감자국,음식,감자탕,서울특별시 은평구 응암로 174-1 1층,#맛집#음식,223,,,,
눈스퀘어,관광,"상가,아케이드",서울특별시 중구 명동길 14 Noon Square,#쇼핑,69,,,,
상락원,음식,한식,서울특별시 서초구 원터길 23,#맛집#분위기_좋은#음식#한정식,47,,,,
더플레이스다이닝,음식,이탈리아음식,서울특별시 용산구 남산공원길 105 N서울타워 T2층 (택시/일반차량 진입불가),#담백한_맛#더플레이스다이닝#디저트#리조또#맛집#분위기_좋은#샐러드#서울맛집#스테이크#에피타이저#연중무휴#음식#파스타#피자#한우_스테이크#한우스테이크#해산물_플레이트#해산물플레이트,359,,,,
비노인빌라,음식,이탈리아음식,서울특별시 서초구 남부순환로319길 14 제이큐브데이터빌딩1층,#맛집#봉골레#서초구#스테이크#알리오올리로#음식#파스타#페투치니,154,,,,
강남목장,음식,소고기구이,서울특별시 강남구 논현로86길 34 역삼포커스빌딩,#맛집#생갈비살#생등심#양념갈비#업진살#음식#차돌박이,196,,,,
학림다방,음식,카페,서울특별시 종로구 대학로 119 2층 학림카페,#맛집#음식,"1,508",,,,
마지,음식,사찰음식,서울특별시 종로구 자하문로5길 19,#독특한메뉴#맛집#분위기좋은#비주얼맛집#서울시#서초구#연밥정식#음식#채식메뉴보유,199,,,,
BK볏짚 우대갈비 장안동본점,음식,"육류,고기요리",서울특별시 동대문구 장한로26가길 29 1층 BK볏짚 우대갈비 장안동본점,#BK볏짚 우대갈비 장안동본점#동대문맛집#동대문맛집#비케이우대갈비#우대갈비맛집#음식#장안동볏짚직화구이,526,,,,
풍류사랑,음식,한식,서울특별시 종로구 인사동8길 12-7,#맛집#음식,10,,,,
부빙,음식,빙수,서울특별시 종로구 창의문로 136 부빙,#맛집#음식#카페#팥빙수,525,,,,
오르시아,관광,결혼예물,서울특별시 강남구 영동대로 644 원일빌딩 1층 오르시아,#브랜드#쇼핑#쥬얼리#쥬얼리전시장,990,,,,
장프리고,음식,바(BAR),서울특별시 중구 퇴계로62길 9-8,#과일소매#동대문#바#서울#위스키#음식#카페#칵테일#핫플,123,,,,
우이시장,관광,시장,서울특별시 강북구 수유동 270-103,#쇼핑#수유동우이시장#수유동재래시장#우이시장#우이시장곰보냉면,63,,,,
메이징에이,음식,중식당,서울특별시 중구 세종대로 136 SFC몰 B2층,#기스면#메이징 덕#메이징_덕#면보샤#모듬바베큐#서울중구맛집#식품의약품안전처_음식점위생등급_매우우수(2017년)#오렌지_크림새우_화자오_어향가지#음식#음식점위생등급,421,,,,
다이브라이프,관광,스킨스쿠버,서울특별시 서초구 반포대로20길 27 서궁빌딩 지하1층,#다이브라이프#다이빙강습#다이빙강습교육#다이빙체험#레포츠#서초구다이빙장#서초구잠수풀#스쿠버다이빙#프리다이빙,68,,,,
해품장팔팔장어,음식,"장어,먹장어요리",서울특별시 강남구 도곡로 218 CN시티 1층,#공릉동맛집#공릉동맛집#공릉장어맛집#노원구장어#음식#하계동맛집#해품장팔팔장어,401,,,,
은주정,음식,"찌개,전골",서울특별시 중구 창경궁로8길 32,#김치찌개#맛집#비빔쫄면#음식#저녁,"1,317",,,,
외양간,음식,"육류,고기요리",서울특별시 동작구 동작대로11길 16 1층,#남녀노소#마포구#마포구맛집#맛집#생갈비살#소주한잔#안심#안창살#육우#육회#음식#친구와함께#한우,394,,,,
레이지파머스,음식,양식,서울특별시 용산구 회나무로35길 5 A동 레이지파머스,#가볼래터#데이트코스#레이지파머스#비건음식#식물학과#양식#여행구독#음식#이색식당#친구와함께,542,,,,
아이해브어드림,음식,요리주점,서울특별시 강남구 테헤란로5길 7 KG Tower 지하1층 아이해브어드림,#구운가래떡낙지떡볶이#딸기피자#레스토랑#로제쉬림프파스타#맛집#신선로파스타#연인과함께#열린문화공간#음식#이베리코육전,410,,,,
가락관광호텔,숙소,2성급,서울특별시 송파구 송파대로28길 5 가락관광호텔,#관광호텔#서울숙소#송파구#송파구숙소#숙박,83,,,,
레인보우호텔,숙소,모텔,서울특별시 용산구 한강대로71길 48 레인보우호텔,#서울숙소#숙박#용산구,41,,,,
롯데호텔서울 설화수 스파,관광,"피부,체형관리",서울특별시 중구 을지로 30 롯데호텔 본관 7층,#관광지#서울여행#스파#인삼스크럽#한국적인스파#홍삼수족욕,28,,,,
모모야마,음식,일식당,서울특별시 중구 을지로 30,#덮밥#도미머리정식#도미머리정식#도시락정식#도시락정식#맛집#모모야마#서울맛집#스시#연중무휴#음식,228,,,,
코리아하우스,음식,"육류,고기요리",서울특별시 강남구 압구정로79길 56 아름다운빌딩 1~2층,#갈비안창살#꼬냑등심#꽃살#맛집#보리굴비#생갈비#서울맛집#스페셜등심#양념갈비#음식#치맛살#코리아하우스#한식,31,,,,
한쿡 N서울타워,음식,한식,서울특별시 용산구 남산공원길 105 N서울타워 한쿡(전망대 T3층),#맛집#음식,338,,,,
더 우리곱창,음식,"곱창,막창,양",서울특별시 종로구 종로36나길 9,#곱창#막창#맛집#음식#종로구,525,,,,
헤이더그린,음식,"카페,디저트",서울특별시 강서구 대장로 58,#강서구카페#반려견카페#반려견카페#음식#정원카페#정원카페#힐링숲카페,924,,,,
칠형제우리감자탕,음식,감자탕,서울특별시 노원구 동일로 1019 원광약국,#감자탕#감자탕#공릉동맛집#맛집#뼈해장국#뼈해장국#서울맛집추천#음식,268,,,,
오라이등심,음식,돼지고기구이,서울특별시 종로구 종로32길 23-5,#갯장어#동그랑땡#맛집#서울맛집추천#음식#종로구,222,,,,
동경,음식,돈가스,서울특별시 강남구 봉은사로 524 코엑스몰 지하1층 J108,#광화문돈가스#광화문우동맛집#동경#세종문화회관맛집#음식,"1,051",,,,
황금정원,음식,쌈밥,서울특별시 도봉구 방학로 312 황금정원,#도봉구맛집#도봉구맛집#방학동맛집#방학동쌈밥#우이동맛집#음식#황금정원,"1,443",,,,
늘푸른목장 잠실본점,음식,소고기구이,서울특별시 송파구 백제고분로9길 34 1F,#경주갈비살#늘푸른목장잠실본점#송파맛집#송파맛집#음식#잠실새내역맛집#잠실소고기맛집,625,,,,
백제추어탕 본점,음식,추어탕,서울특별시 강동구 양재대로 1406,#강동구맛집#강동구맛집#강동구추어탕#둔촌동추어탕#백제추어탕#백제추어탕본점#음식,"1,557",,,,
몽중헌 청담점,음식,중식당,서울특별시 강남구 도산대로 445 엠빌딩 B1F,#몽중헌청담점#서울딤섬맛집#압구정로데오거리역맛집#음식#청담동맛집#청담동맛집#청담동중식당,451,,,,
충남식당,음식,한식,서울특별시 동작구 노들로 674,#동작구#맛집#매운탕#서울시#음식,701,,,,
도읍지,음식,한식,서울특별시 동대문구 회기로21길 38-1,#도읍지#맛집#서울맛집#수도권#음식#한식,504,,,,
서울원조아구찜,음식,"아귀찜,해물찜",서울특별시 종로구 삼일대로 436-1 1층 서울원조아구찜,#서울맛집#서울심야식당#서울원조아구찜#서울해물찜#음식#종로맛집,160,,,,
프로퍼커피바2호점,음식,"카페,디저트",서울특별시 송파구 오금로31가길 20 1층,#대림상가빠카페#방이동카페#송파구베이커리카페추천#송파구카페#송파구카페#음식#프로퍼커피바,872,,,,
우정,음식,떡볶이,서울특별시 중구 퇴계로76길 55,#떡볶이#떡볶이#맛집#매운닭발#서울맛집#수도권#어묵#우정#음식#해물뚝배기,"1,648",,,,
제주국수,음식,국수,서울특별시 성동구 성수이로 118,#고기국수#고기국수#맛집#멸치국수#비빔국수#서울시#성동구#영양닭곰탕#영양닭국수#음식#제주미니족발,316,,,,
포포인츠 바이 쉐라톤 서울 구로,숙소,4성급,서울특별시 구로구 디지털로32길 72,#구로구#구로디지털단지#비즈니스호텔#서울숙소#숙박#포포인츠 바이 쉐라톤 서울 구로,333,,,,
사동면옥,음식,냉면,서울특별시 종로구 인사동8길 9,#고기만두#남녀노소#냉면#만두#만둣국#맛집#손만두#손만둣국#왕만두#음식#찐만두,365,,,,
두에꼬제,음식,이탈리아음식,서울특별시 용산구 한남대로 60 리첸시아 상가 D동 119호,#리조또#맛집#샐러드#음식#파스타#피자,94,,,,
진원조 닭한마리,음식,닭요리,서울특별시 종로구 종로 252-11 1.2.3층 전체,#건강한요리#건강한음식#닭한마리#맛집#보양식#영양죽#음식#한식#한식맛집#한식전문점,548,,,,
호남집,음식,생선구이,서울특별시 종로구 종로40가길 5,#고등어구이#꽁치구이#맛집#삼치구이#음식#청국장,557,,,,
대풍간장게장생선구이,음식,생선구이,서울특별시 서초구 신반포로47길 72 우리빌 1층,#간장게장#간장새우#고등어구이#맛집#삼치구이#음식,69,,,,
태조대림감자국,음식,감자탕,서울특별시 은평구 응암로 172,#가족과함께#감자탕#감자탕맛집#남녀노소#맛집#소주한잔#양념뼈구이#은평구맛집#음식#친구와함께#한식맛집,442,,,,
산띠 서교점,음식,인도음식,서울특별시 마포구 와우산로27길 70,#네팔음식#맛집#서울맛집#음식,169,,,,
신옛찻집,음식,차,서울특별시 종로구 인사동길 47-8 신옛찻집,#맛집#음식,293,,,,
청해진(강동구),음식,"해물,생선요리",서울특별시 강동구 강동대로 187 파크비유캐슬 1층,#백년가게#산낙지전골언론소개_맛집#서울맛집#음식#해물전,390,,,,
마장갈비,음식,"육류,고기요리",서울특별시 성동구 마조로3가길 11,#돼지갈비#맛집#생삼겹살#소내장무침#소왕갈비#음식,136,,,,
엘샌드위치 종로점,음식,샌드위치,서울특별시 종로구 율곡로4길 14,#맛집#샌드위치#음식#종로구,352,,,,
허형만의 압구정커피집,음식,카페,서울특별시 강남구 압구정로 151 신현대상가 2동 107호,#맛집#음식,53,,,,
비스테까,음식,이탈리아음식,서울특별시 용산구 회나무로 49 비스테까,#맛집#샐러드#음식#코스요리#파스타,394,,,,
함흥에겨울냉면,음식,냉면,서울특별시 중구 동호로24길 21,#맛집#음식,11,,,,
친니,음식,중식당,서울특별시 종로구 세종대로 175 세종문화회관 지하 1층,#맛집#서울맛집#수도권#연중무휴#음식#중식#친니,955,,,,
장미삼계탕,음식,"백숙,삼계탕",서울특별시 노원구 화랑로 449-10,#노원구#노원맛집#닭볶음탕_중#맛집#삼계탕#서울특별시#옻오리#음식#장미삼계탕#추어탕#추어탕#추어튀김_각#통추어탕,106,,,,
오다리집,음식,한식,서울특별시 중구 명동8나길 28 2층 3층,#간장게장#맛집#숯불양념갈비#음식#흑돼지삼겹살,110,,,,
서석대,음식,소고기구이,서울특별시 서초구 서초대로 346 동아빌라트 A동 1층,#꽃등심#맛집#서울시#서초구#음식#한우#한우꽃등심#한우꽃살치#한우등심#한우안창살#한우육회#한우주물럭#한우특수부위,279,,,,
뉴서울호텔,숙소,3성급,서울특별시 중구 세종대로22길 16 뉴서울호텔,#서울숙소#숙박,113,,,,
호텔마누(HOTEL MANU),숙소,3성급,서울특별시 중구 퇴계로 19 남풍빌딩,#서울숙소#숙박#중구,59,,,,
프로비스타 호텔,숙소,2성급,서울특별시 서초구 서초대로 338,#서울숙소#숙박#호텔,45,,,,
베니키아 프리미어 호텔 베르누이,숙소,3성급,서울특별시 구로구 경인로 229,#구로구#구로구호텔#남녀노소#베니키아#베르누이#서울숙소#숙박#휴식공간#휴식여행#휴식하기#휴식하기좋은곳,57,,,,
페어몬트 앰배서더 서울 (Fairmont Ambassador Seoul),숙소,5성급,서울특별시 영등포구 여의대로 108 페어몬트 앰배서더 서울 호텔,#서울#숙박#영등포구#호텔,440,,,,
산들애건강밥상,음식,한식,서울특별시 은평구 대서문길 43-16,#백반기행맛집#북한산맛집#산들애건강밥상#산들애건강밥상맛집#음식#코다리구이,"1,250",,,,
하이디라오 서초지점,음식,중식당,서울특별시 서초구 서초대로77길 54 2층 하이디라오 훠궈,#강남마라탕맛집#강남하이디라오#서초하이디라오#서초훠궈#음식#훠궈맛집,"1,344",,,,
명동부대찌개 명동황기족발,음식,"찌개,전골",서울특별시 중구 명동길 25-7,#맛집#부대찌개#서울특별시#음식#족발#중구,179,,,,
남포면옥,음식,냉면,서울특별시 중구 을지로3길 24,#갈비탕#남녀노소#냉면#맛집#물냉면#비빔냉면#어복쟁반#음식#쟁반만두#평양냉면,"1,724",,,,
진미평양냉면,음식,냉면,서울특별시 강남구 학동로 305-3,#강남평양냉면#냉면맛집#미쉐린맛집#미슐랭#수요미식회냉면#수요미식회제육#음식#임세권셰프#평양냉면#평양만두,"2,085",,,,
아리랑,음식,"육류,고기요리",서울특별시 중구 남대문로7길 23 전통한국식당,#갈비살#맛집#양념갈비#음식,326,,,,
나인트리호텔 명동,숙소,3성급,서울특별시 중구 명동10길 51,#관광호텔#서울숙소#숙박#중구,42,,,,
금돼지식당,음식,돼지고기구이,서울특별시 중구 다산로 149,#금돼지식당#서울맛집#서울삼겹살맛집#서울심야식당#신당동맛집#음식,"2,381",,,,
광야 서울,관광,패션잡화,서울 성동구 왕십리로 83-21,#K-POP#K-POP체험#문화체험#쇼핑,437,,,,
전주식당,음식,한식,서울특별시 노원구 화랑로 449-8 101호 전주식당,#갈치구이#갈치조림#계란찜#된장찌개#맛집#서울맛집#수도권#순두부#외국인도_선호하는#음식#전주식당#청국장#한식,406,,,,
전주유할머니비빔밥,음식,비빔밥,서울특별시 중구 세종대로14길 27-2,#맛집#서울맛집#수도권#음식#전주유할머니비빔밥#한식,136,,,,
카페 폭포,음식,"카페,디저트",서울특별시 서대문구 연희로 262-24,#가볼래터#감성카페#무더운여름#사진뷰카페#서울카페#여름#여름감성#여름나들이#여름피서지#여름휴가지#여름휴가지추천#음식#인공폭포#카페#카페폭포#폭포#폭포뷰#폭포카페#홍은동카페#홍제천#홍제천카페#홍제천폭포,343,,,,
국시집,음식,국수,서울특별시 성북구 창경궁로43길 9,#국시#국시#남녀노소#맛집#문어#문어#분위기_좋은#성북구맛집#음식#전#한식#한식당#한식맛집#한식전문점,207,,,,
갈비명가이상 돈암본관,음식,"육류,고기요리",서울특별시 성북구 정릉로 364,#갈비명가이상돈암본관#길음역맛집#돈암갈비맛집#서울갈비맛집#음식#이상갈비#이상갈비,"1,251",,,,
개화,음식,중식당,서울특별시 서초구 동작대로 86 동주빌딩 지하1층,#맛집#음식#짜장면#탕수육,381,,,,
제리스플래닛,숙소,1성급,서울특별시 강남구 강남대로92길 13 Jerry's planet Building,#강남구#강남숙박#강남숙소#관광호텔#서울숙소#숙박#연인과함께#휴식공간#휴식여행#휴식하기#휴식하기좋은곳,23,,,,
삼호복집 신촌,음식,복어요리,서울특별시 서대문구 연세로5다길 10 2층,#맑은뚝배기#맛집#복고니담백한_맛#복매운탕#음식,187,,,,
해랑,음식,"매운탕,해물탕","서울특별시 강남구 봉은사로1길 39 유성빌딩 1층, 2층",#낙지탕탕이#남녀노소#맛집#새우튀김#석화#소주한잔#음식#해물탕#해산물#해산물요리,76,,,,
종가집,음식,한식,서울특별시 종로구 인사동길 15-13 종가집,#곱창전골#맛집#불낙전골#서울맛집추천#수도권#음식#종가집#종로맛집,264,,,,
주은감자탕,음식,감자탕,서울특별시 송파구 삼학사로 71,#24시간식당#맛있는녀석들감자탕#삼전동감자탕#송파감자탕#송파해장국#수요미식회감자탕#음식#주은감자탕,"1,362",,,,
신안촌,음식,한정식-일반,서울특별시 종로구 사직로12길 8,#낙지꾸리#식품의약품안전처_음식점위생등급_매우우수(2017년)#음식#음식점위생등급#종로맛집,309,,,,
라브리,음식,프랑스음식,서울특별시 종로구 종로 1 교보생명빌딩 2층,#광화문역맛집#레스토랑#맛집#서울맛집#외국식#음식#프랑스음식,83,,,,
오우가,음식,쌈밥,서울특별시 중구 명동8가길 37,#대나무쌈밥#맛집#쌈밥#음식,354,,,,
이닝,음식,중식당,"서울특별시 강남구 도산대로58길 14 이닝빌딩 1,2층",#난자완스#맛집#북경오리#샥스핀#어향가지_새우찜#음식#짜장면#탕수육_각종_중화요리,156,,,,
박가네빈대떡,음식,"전,빈대떡",서울특별시 종로구 종로32길 7,#건강한요리#건강한음식#광장시장#남녀노소#맛집#빈대떡#음식#한식#한식맛집#한식전문점#해물파전,"4,122",,,,
원대구탕,음식,"해물,생선요리",서울특별시 용산구 한강대로62가길 8 원대구탕,#내장탕#대구탕#맛집#음식,"1,325",,,,
전통다원,음식,차,서울특별시 종로구 인사동10길 11-4,#맛집#연인과함께#음식#전통다원#차맛집#휴식공간#휴식여행#휴식하기#휴식하기좋은곳#힐링여행,928,,,,
은호식당,음식,한식,서울특별시 중구 남대문시장4길 28-4 은호식당,#꼬리곰탕#꼬리찜#꼬리토막#도가니수육#도가니탕#맛집#설렁탕#소머리국밥#음식,330,,,,
메트로호텔,숙소,3성급,서울특별시 중구 명동9가길 14 메트로호텔,#서울숙소#숙박#중구,33,,,,
옛날중국집,음식,중식당,서울특별시 성북구 성북로8길 8,#맛집#볶음밥#음식#짜장면#짬뽕#탕수육,520,,,,
완차이,음식,중식당,서울특별시 서대문구 명물길 50-7 1층 완차이,#맛집#매운홍합#분위기_좋은#음식#짜장면#짬뽕#탕수육_각종_중화요리,205,,,,
너비집,음식,한식,서울특별시 중구 명동9길 37-8 너비집,#맛집#음식,225,,,,
남원집,음식,"육류,고기요리",서울특별시 성동구 살곶이길 18 2층 201호,#가족식사_추천#곱창볶음#맛집#순대#순대곱창#음식,57,,,,
메종 드 라 카테고리,음식,프랑스음식,서울특별시 강남구 선릉로 826,#메종드라카테고리#압구정디저트맛집#옥수수빙수#음식#청담동브런치#초당옥수수빙수#테라스브런치식당,281,,,,
꼼떼 바베큐 둔촌본점,음식,양식,서울특별시 강동구 동남로51길 9 1층,#강동구맛집#강동구맛집#꼼떼바베큐둔촌본점#둔촌동맛집#서울스테이크맛집#음식#홈메이드바비큐,934,,,,
마산옥,음식,"아귀찜,해물찜",서울특별시 강남구 강남대로152길 9,#꽃게조림#맛집#아귀수육#아귀찜#아귀탕#연포탕#음식,79,,,,
오향족발,음식,"족발,보쌈",서울특별시 중구 서소문로 134-7,#맛집#서울맛집#수도권#순댓국#오향족발#음식#족발#족발,"1,445",,,,
봉피양 방이점,음식,한식,서울특별시 송파구 양재대로71길 1-4,#미쉐린가이드갈비#미쉐린가이드냉면#미쉐린가이드맛집#벽제갈비#봉피양#봉피양방이점#봉피양본점#봉피양평양냉면#수요미식회식당#수요미식회평양냉면#음식#평양냉면,761,,,,
우스마니아,음식,아시아음식,서울특별시 용산구 우사단로 34,#맛집#비프칠리드라이#사다난#서울맛집#수도권#연중무휴#우스마니아#음식#치킨탄두리마샬라#케밥,13,,,,
부티크호텔K 동대문점,숙소,3급,서울특별시 동대문구 천호대로 341,#동대문구#서울숙소#숙박,14,,,,
타볼로24,음식,뷔페,서울특별시 종로구 청계천로 279 2층,#JW메리어트동대문뷔페#동대문뷔페#음식#종로뷔페#타볼로24#호텔뷔페,"1,632",,,,
뜰과다원,음식,한방카페,서울특별시 종로구 인사동길 34 1F 뜰과다원,#맛집#음식,767,,,,
안동할매청국장,음식,"찌개,전골",서울특별시 성북구 성북로5길 9-3 일신빌딩,#건강한요리#건강한음식#맛집#불뚝배기#순두부_정식#음식#청국장#한식#한식당#한식맛집#회덮밥,642,,,,
고향풍천장어,음식,"장어,먹장어요리",서울특별시 서초구 방배로 189,#고향풍천장어#맛집#민물장어_구이#바다장어_구이#서울맛집#수도권#여수식_장어탕#음식#한식,127,,,,
린스시,음식,일식당,서울특별시 서초구 반포대로12길 10 송원빌딩,#맛집#음식#초밥&참치_전문점#코스요리,93,,,,
스시조,음식,일식당,서울특별시 중구 소공로 106,#사시미#서울중구#식품의약품안전처_음식점위생등급_매우우수(2017년)#음식#음식점위생등급#장어덮밥#초밥,30,,,,
역전회관,음식,한식,서울특별시 마포구 토정로37길 47,#서울맛집#음식#한식,970,,,,
마포소문난원조족발,음식,"족발,보쌈",서울특별시 마포구 만리재로 19 공덕시장,#마포소문난원조족발#맛집#머리고기#서울맛집#수도권#순댓국가성비_갑#연중무휴#음식#족발#족발#편육,802,,,,
워킹온더클라우드,음식,양식,서울특별시 영등포구 63로 50 한화생명빌딩 59층,#레스토랑#맛집#분위기_좋은#영등포구#음식#코스요리,"2,843",,,,
니와,음식,일식당,서울특별시 용산구 이촌로75길 22 1,#남녀노소#니와#맛집#서울맛집#수도권#오코노미야끼#음식#일식#일식맛집#친구와함께#타코야끼,108,,,,
제비다방,음식,테마카페,서울특별시 마포구 와우산로 24,#맛집#음식#카페,68,,,,
현대시장,관광,시장,서울특별시 관악구 양녕로 49,#구암현대시장#쇼핑#창원가볼만한곳#창원관광#창원장보기#창원재래시장#창원전통시장#현대시장,15,,,,
사랑채,음식,요리주점,서울특별시 관악구 남부순환로246길 5 2층,#된장비빔밥#맛집#불낙#서울시#외국인도_선호하는#음식#종로구#파전가성비_갑#한식#한정식#한정식,114,,,,
임피리얼 팰리스 부티크 호텔,숙소,3성급,서울특별시 용산구 이태원로 221,#서울숙소#서울여행#숙박#연인과함께#용산구#친구와함께#휴식공간#휴식여행#휴식하기좋은곳#힐링여행,44,,,,
호텔국도,숙소,3성급,서울특별시 중구 을지로 164,#관광호텔#비즈니스호텔#서울#서울호텔#숙박#을지로#호텔,62,,,,
루이,음식,중식당,서울특별시 중구 세종대로21길 40,#맛집#분위기_좋은#사천탕면#서울중구#소고기자장면#음식#잡채밥#중국요리#해물고추짬뽕,224,,,,
동해도 광화문,음식,일식당,서울특별시 중구 무교로 28 시그너스빌딩 지하1층 동해도,#광화문스시뷔페#광화문일식당#광화문회전초밥#동해도#동해도광화문#음식#중구회전초밥#회전초밥#회전초밥뷔페,729,,,,
희락갈치,음식,"해물,생선요리",서울특별시 중구 남대문시장길 22-6,#맛집#음식,"2,337",,,,
현대칼국수,음식,"칼국수,만두",서울특별시 중구 세종대로 76 청남빌딩,#맛집#멸치육수#서울맛집추천#서울시청역맛집#서울중구맛집#음식#칼국수,499,,,,
장안동 먹깨비 간장게장 해물아구찜,음식,게요리,서울특별시 동대문구 장한로 92 1층,#음식#장안동24시간영업#장안동간장게장#장안동맛집#장안동먹깨비#장안동해물요리전문점,580,,,,
미림산장,음식,한식,서울특별시 강북구 삼양로181길 253 우이동 미림산장,#미림산장#서울계곡산장#우이동계곡미림산장#우이동맛집#우이동백숙#음식,424,,,,
라마다 바이윈덤 서울 동대문,숙소,3성급,서울 중구 동호로 354 라마다 바이 윈덤 서울 동대문,#서울숙소#숙박#중구,54,,,,
은평역사한옥박물관,관광,박물관,서울특별시 은평구 연서로50길 8 은평역사한옥박물관,#문화시설#박물관#아이와함께가볼만한곳#유물전시관#은평구역사#은평구한옥#은평역사한옥박물관#체험학습#한옥박물관#한옥전시실,381,,,,
청담나인,음식,양식,"서울특별시 강남구 삼성로 634 B1, B2",#강남이탈리안레스토랑#루프탑#루프탑전망좋은카페#음식#이탈리안#이탈리안레스토랑#재즈#재즈바,193,,,,
신강양꼬치,음식,양꼬치,서울특별시 마포구 토정로37길 21,#맛집#양꼬치#음식,132,,,,
베니키아 노블 호텔,숙소,2성급,서울특별시 종로구 율곡로6길 13-3 노블 관광호텔,#서울#서울숙소#숙박,54,,,,
화니 신세계 강남점,음식,한식,서울특별시 서초구 신반포로 176 신세계백화점 강남점 11층,#서초맛집#식품의약품안전처_음식점위생등급_매우우수(2017년)#음식#음식점위생등급#전주비빔밥,"1,040",,,,
돈까스잔치 동빙고점,음식,돈가스,서울특별시 용산구 서빙고로 297,#돈까스잔치동빙고점#돈잔국수#서빙고맛집#왕돈가스#왕돈가스#음식#이촌맛집,"2,013",,,,
신촌 닭한마리 유닭스토리,음식,닭요리,서울특별시 서대문구 연세로4길 7 1층,#닭요리#닭한마리#맛집#신촌닭맛집#신촌맛집#음식#칼국수,"2,319",,,,
꼴라주,음식,양식,서울특별시 용산구 한남대로20길 47-24 1층replace 한남 D동 1층,#서초맛집#스테이크#식품의약품안전처_음식점위생등급_매우우수(2017년)#음식#음식점위생등급,200,,,,
카나디안 랍스터,음식,바닷가재요리,서울특별시 서초구 남부순환로 2385 3층 카나디안랍스타,#랍스터#맛집#서울맛집#음식,31,,,,
청해진,음식,생선회,서울특별시 동작구 노들로 674 노량진수산시장 신관 2층 20호 청해진,#노량진맛집#노량진수산시장#맛집#매운탕#분위기_좋은#생선회#음식#회덮밥#회식장소#회정식,815,,,,
한모네 순대국,음식,"순대,순댓국",서울특별시 광진구 자양로18길 56 거송빌딩 1층 103호,#맛집#음식,127,,,,
마쯔야,음식,돈가스,서울특별시 중구 소공로 63 본관 5층,#서울중구맛집#식품의약품안전처_음식점위생등급_매우우수(2017년)#음식#음식점위생등급#일본우동#초밥,651,,,,
춘천집닭갈비막국수,음식,닭갈비,서울특별시 서대문구 연세로5가길 1,#낙지닭갈비#맛집#원조닭갈비#음식#쟁반국수#치즈닭갈비,567,,,,
또순이원조순대,음식,"순대,순댓국",서울특별시 관악구 신림로59길 14,#관악구#관악구맛집#맛집#백순대#서울맛집추천#서울특별시#순대#순대곱창볶음#음식,"1,643",,,,
타지펠리스 이태원점,음식,인도음식,서울특별시 용산구 우사단로 39,#맛집#음식,113,,,,
우리집떡볶이,음식,떡볶이,서울특별시 중구 다산로 217-1,#맛집#음식,676,,,,
비하인드,음식,베이커리,서울특별시 강동구 풍성로37가길 51,#그린_카푸치노#마포구#마포구맛집#마포구카페#맛집#샌드위치#샌드위치#아포카토_알카페#와인#음식#카페#카페라떼,92,,,,
미니네,음식,떡볶이,서울특별시 중구 다산로 219-1,#맛집#음식,549,,,,
파툼,음식,카페,서울특별시 종로구 삼청로 86-5,#맛집#음식,248,,,,
노천파전,음식,"전통,민속주점",서울특별시 동대문구 회기로28길 3,#노천파전#맛집#석굴#음식#참알탕#한치회무침,153,,,,
비타포,음식,베트남음식,서울특별시 성북구 동소문로 7-3 1층,#맛집#음식,167,,,,
일미간장게장본점,음식,게요리,서울특별시 동대문구 장한로24길 7,#간장게장맛집#동대문간장게장#동대문구맛집#음식#일미간장게장#한춘상일미간장게장,422,,,,
호텔 볼(VOLL),숙소,호텔,서울특별시 강서구 강서로5나길 30,#서울숙소#숙박,16,,,,
금강제화 (강남본점),관광,신발,서울특별시 강남구 강남대로 500,#쇼핑,60,,,,
홍루몽,음식,중식당,서울특별시 서초구 반포대로12길 26,#맛집#삼선짬뽕_각종_중화요리담백한_맛#음식#찹쌀탕수육#크림중새우,127,,,,
뿌자,음식,인도음식,서울특별시 종로구 종로 327 3층,#맛집#음식,73,,,,
타마린드,음식,베트남음식,서울특별시 종로구 종로3길 17 광화문 D타워 5층 504호,#베트남요리#서초맛집#소고기_쌀국수#식품의약품안전처_음식점위생등급_매우우수(2017년)#월남쌈#월남쌈#음식#음식점위생등급#이국적인#파스타,757,,,,
중앙갈치식당,음식,"해물,생선요리",서울특별시 중구 남대문시장길 22-12,#맛집#음식,"2,666",,,,
홍어명가,음식,"해물,생선요리",서울특별시 중랑구 면목로44길 44,#맛집#생선요리#서울맛집#서울홍어회#음식#해물요리,15,,,,
마포유가궁중족발,음식,"족발,보쌈",서울특별시 마포구 만리재로 19 1층 마포유가궁중족발 마포본점,#맛집#서울맛집#음식#족발,140,,,,
밀화,음식,한식,서울특별시 서초구 신반포로 176 신세계백화점 11층,#샤부샤부#서초맛집#식품의약품안전처_음식점위생등급_매우우수(2017년)#음식#음식점위생등급,607,,,,
아르모니움,음식,이탈리아음식,서울특별시 용산구 대사관로 33 아르모니움,#단호박_라비올리#레스토랑#맛집#연인과함께#음식#이베리코_스테이크#이탈리아요리#이탈리아음식#트러플_에그#한남동맛집,309,,,,
초롱이고모부대찌개,음식,"찌개,전골",서울특별시 강동구 상암로11길 4 암사시장 1문,#강동구#맛집#부대전골#부대전골#부대찌개#음식#햄찜,261,,,,
파크 하얏트 서울 코너스톤,음식,이탈리아음식,서울특별시 강남구 테헤란로 606 파크 하얏트 서울 2층,#맛집#음식,373,,,,
손가네곰국수,음식,한식,서울특별시 성북구 성북로15길 8 손가네곰국수,#맛집#음식,271,,,,
메종 한남,음식,양식,서울특별시 용산구 유엔빌리지3길 24 메종한남(한남집),#메종한남#뷰맛집#음식#한강뷰레스토랑#한남동데이트#한남동스테이크,289,,,,
우성갈비,음식,"육류,고기요리",서울특별시 중구 동호로7길 13,#고기요리#껍데기#돼지갈비#돼지갈비#맛집#분위기_좋은#육류#음식,194,,,,
챠크라 한남점,음식,인도음식,서울특별시 용산구 독서당로 83,#맛집#음식,35,,,,
백마김씨네 도곡본점,음식,"육류,고기요리",서울특별시 강남구 남부순환로 2743,#도곡동숯불갈비#백마김씨네#백마김씨네 도곡본점#음식,396,,,,
인터컨티넨탈 서울 코엑스 스카이 라운지,음식,바(BAR),서울특별시 중구 명동길 61 21층 스카이라운지,#로씨니#맛집#비발디#서프_앤_터프#음식,22,,,,
열린송현녹지광장,관광,광장,서울특별시 종로구 송현동 48-9,#경복궁#관광지#광화문#녹지광장#서울가볼만한곳#송현동#아이와가볼만한곳#청와대,83,,,,
서일순대국,음식,"순대,순댓국",서울특별시 동작구 여의대방로22길 20,#대방동순댓국#대방천사거리순댓국밥#서일순대국#수요미식회순댓국#순댓국#순댓국맛집#야채순대#음식,"1,773",,,,
알디프 티 바,음식,홍차전문점,서울특별시 마포구 와우산로35길 19 B1-1F 알디프,#서울카페#음식#티카페,967,,,,
레스피레,음식,베이커리,서울특별시 종로구 효자로13길 40-7 레스피레,#데이트코스#슈페너#연인과함께#유럽풍#음식#카페#커피,779,,,,
물빛광장,관광,광장,서울특별시 영등포구 여의도동 84-9,#가족나들이장소#관광지#물빛광장#분수#분수공원#한강공원#한강조망공원,22,,,,
도원스타일,음식,중식당,서울특별시 강동구 천호대로 1005 현대백화점 천호점 12층 도원스타일 천호점,#강남맛집#식품의약품안전처_음식점위생등급_매우우수(2017년)#음식#음식점위생등급#중식코스요리,272,,,,
비비브라운,음식,카페,서울특별시 강남구 도산대로 412 1층 카페 비비브라운,#강남24시카페#강남수제샌드위치#비비브라운#음식#청담동24시카페#청담동수제샌드위치#청담동카페,209,,,,
이끼롤까스 가로수길본점,음식,돈가스,서울특별시 강남구 강남대로152길 64 지하1층,#고구마치즈돈까스#날치알치즈롤까스#돈까스#맛집#버섯치즈롤까스#음식#치킨치즈롤까스,578,,,,
1940금문,음식,중식당,서울특별시 종로구 창경궁로 269-1 1940금문,#1940금문#금문#대학로노포맛집#대학로자장면#맛있는녀석들시청자추천맛집#맛있는녀석들자장면#음식#혜화동자장면,122,,,,
코끼리베이글,음식,베이글,서울특별시 영등포구 선유로 176 코끼리베이글,#베이글맛집#베이글맛집#서울3대베이글#양평동베이글맛집#영등포코끼리베이글#음식#코끼리베이글#코끼리베이글,"4,678",,,,
알페도,음식,베이커리,서울특별시 용산구 이태원로 174 1층 4-5호,#MZ세대#디저트맛집#알페도#음식#카이막#터키디저트#터키베이커리,"1,627",,,,
통일집,음식,소고기구이,서울특별시 중구 마른내로4길 31-3 통일집,#된장찌개#맛집#서울시#음식#중구#한우,26,,,,
아야진생태찌개 본점,음식,"매운탕,해물탕",서울특별시 강남구 삼성로108길 8 써지쿨빌딩,#방송맛집#봉은사역맛집#삼성동맛집#생태탕맛집#아야진생태찌개#음식,252,,,,
트리아 관광호텔,숙소,2성급,서울특별시 강남구 테헤란로33길 16 트리아관광호텔,#강남구#관광호텔#서울숙소#숙박,12,,,,
히라메키,음식,일식당,서울특별시 강남구 테헤란로81길 32,#맛집#부손#야끼교자#음식#타코와사비#토쿠센오뎅나베,123,,,,
하단,음식,이북음식,서울특별시 성북구 성북로6길 14,#만두국#만두전골#맛집#메밀냉칼국수#음식#찐만두,187,,,,
새만포면옥,음식,냉면,서울특별시 은평구 연서로 171 백년가게 만포면옥,#남녀노소#냉면맛집#백년가게#불고기#서울맛집#어복쟁반#은평구#은평구맛집#음식#친구와함께#평양냉면,605,,,,
플랫폼 플레이스(한남점),관광,캐주얼웨어,서울특별시 용산구 이태원로 268,#서울여행#품질인증업소_전체보기#한국관광품질인증,39,,,,
브릿지안경,관광,안경원,서울특별시 강남구 압구정로 132 1층,#서울여행#품질인증업소_전체보기#한국관광품질인증,49,,,,
한국금융사박물관,관광,박물관,서울특별시 중구 세종대로 135-5 한국금융사박물관,#문화시설,10,,,,
황토추어탕,음식,추어탕,서울특별시 강동구 성안로 7-12 경일빌딩,#강동구#맛집#버섯추어탕#음식#추어군만두#추어정식#추어탕,456,,,,
해담채 삼성점,음식,해담채,서울특별시 강남구 테헤란로 504 해성1빌딩 지하1층,#강남맛집#음식#코스요리#해담채,457,,,,
까사빠보 신세계백화점본점,음식,일식당,서울특별시 중구 소공로 63 본관 6층,#민물장어덮밥#서울중구맛집#식품의약품안전처_음식점위생등급_매우우수(2017년)#음식#음식점위생등급#함박스테이크,777,,,,
포포인츠 바이 쉐라톤 조선 서울역 더 이터리,음식,뷔페,서울특별시 용산구 한강대로 366 포포인츠 바이 쉐라톤 조선 서울역,#담백한_맛뷔페#뷔페#식품의약품안전처_음식점위생등급_매우우수(2017년)#용산맛집#음식#음식점위생등급,780,,,,
신촌 시스터즈,숙소,게스트하우스,서울특별시 마포구 백범로2길 24,#게스트하우스#서울게스트하우스#서울숙소#서울여행#품질인증업소_전체보기#한국관광품질인증#한국관광품질인증_게스트하우스,15,,,,
오양회참치 광화문본점,음식,생선회,서울특별시 중구 세종대로21길 49 오양회참치,#맛집#분위기_좋은#생복탕#음식#전복죽#참다랑어회#초밥#회정식,156,,,,
h450,음식,양식,서울특별시 강남구 압구정로29길 21 문화센터 건물 1층,#강남레스토랑#강남맛집#강남여행#서양식#스테이크#식품의약품안전처_음식점위생등급_매우우수(2017년)#양식#연인과함께#음식#음식점위생등급,260,,,,
에프호텔,숙소,3급,서울특별시 영등포구 경인로108길 8 F호텔,#서울숙소#숙박#영등포구,53,,,,
파로스관광호텔,숙소,3성급,서울특별시 송파구 올림픽로10길 5,#관광호텔#서울숙소#송파구#숙박,26,,,,
