Attraction,tag_word_N,korean,chinese,japanese,west,etc,cafe,max,type
채그로,"['마포구', '시설', '힐링', '복합', '서울', '채', '그로', '북카페', '공간', '곳', '문화', '독서', '책', '쇼핑']",0,0,0,0,0,1,1,cafe
소소한 풍경,"['풍경', '퓨전', '식당', '전망', '음식', '부암동', '한정식', '맛집']",1,0,0,0,0,0,1,korean
마복림할머니집,"['복림', '서울', '떡볶이', '추천', '음식', '맛집', '신당동', '마']",1,0,0,0,0,0,1,korean
뮤직컴플렉스 서울,"['뮤직', '여행', '구독', '인사동', '체험', '음악', '서울', '카페', '음식', '컴플렉스', '곳', '터', '이색']",0,0,0,0,0,2,2,cafe
또순이네집,"['주물', '양평동', '음식', '럭', '또순이', '맛집', '영등포', '된장찌개']",1,0,0,0,0,0,1,korean
우묵배미,"['두부', '고기', '신림역', '한식당', '전골', '갈비탕', '육개장', '배', '음식', '볶음', '찜', '꽁치', '낙지', '돼지', '맛집', '관악구', '서울', '김치', '찌개']",10,0,0,0,0,0,10,korean
토속촌삼계탕,"['종로', '토속', '음식', '오골계', '촌', '맛집', '삼계탕', '해물파전']",3,0,0,0,0,0,3,korean
석파랑,"['여행', '수복', '한정식', '정성', '수라', '힐링', '건강', '음식', '만세', '남녀', '파', '가득', '종로구', '진연', '맛집', '진찬', '노소', '전통', '부모님', '궁']",2,0,0,0,0,0,2,korean
선천집,"['한식', '백년', '음식', '맛집', '종로구', '한정식', '이북', '평안도', '서울시', '가게', '불고기']",4,0,0,0,0,0,4,korean
청수정,"['홍합', '제육', '밥', '삼청동', '종로', '비빔밥', '음식', '뽈떼기탕', '뽈떼기찜', '정식', '볶음', '맛집', '밥집', '불고기']",6,0,0,0,0,0,6,korean
만석장,"['두부', '서울시', '은평구', '전문점', '만석', '삼겹살', '백년', '삼겹', '음식', '요리', '한정식', '가득', '구이', '정성', '가마', '맛집', '쌈밥', '가게']",4,0,0,0,0,0,4,korean
선동보리밥,"['보리밥', '서울', '백년', '음식', '감자전', '맛집', '돌솥밥', '가게']",3,0,0,0,0,0,3,korean
대림창고,"['찍기', '정미소', '노소', '카페', '음식', '공간', '연인', '곳', '빈티', '휴식', '사진', '성동구', '남녀']",0,0,0,0,0,1,1,cafe
컨퍼런스하우스달개비 정동점,"['서울시', '중구', '추천', '서울', '달개비', '시청', '음식', '한정식', '맛집', '단체', '모임']",1,0,0,0,0,0,1,korean
겟댓샷(Get That Shot),"['이색', '여행', '구독', '힐링', '서울', '카페', '음식', '곳', '터', '영등포']",0,0,0,0,0,1,1,cafe
더 스팟 패뷸러스,"['서울', '카페', '추천', '음식', '곳', '뉴트', '여행지', '명동']",0,0,0,0,0,1,1,cafe
진고개,"['중구', '냉면', '육개장', '서울', '음식', '갈비찜', '보쌈김치', '맛집', '불고기']",5,0,0,0,0,0,5,korean
우래옥,"['냉면', '미쉐린', '평양', '가이드', '음식', '을지로', '가족', '힙지', '맛집', '불고기']",3,0,0,0,0,0,3,korean
인왕산 더숲 초소책방,"['인왕산', '추천', '서울', '음식', '북카페', '곳', '여행지']",0,0,0,0,0,1,1,cafe
삼거리먼지막순대국,"['서울시', '유산', '갑', '미래', '성비', '서울', '백년', '안주', '맛', '영등포구', '음식', '해장국', '술국', '대국', '맛집', '가게']",2,0,0,0,0,0,2,korean
세종한우정육점식당  2호점,"['소고기', '논현동', '우정', '강남', '식당', '정육점', '한우', '음식', '옛날', '보신탕', '맛집', '세종', '불고기']",5,0,0,0,0,0,5,korean
삼청동수제비,"['찹쌀', '파전', '쭈꾸미', '삼청동', '종로', '연중', '새알', '서울', '옹심이', '수도권', '음식', '감자전', '수제비', '볶음', '맛집', '무']",7,0,0,0,0,0,7,korean
런던베이글뮤지엄,"['디저트', '런던', '비주', '베이글', '안국역', '지엄', '음식', '뮤', '설날', '세대', '맛집', '얼']",0,0,0,1,0,2,2,cafe
삼원가든,"['강남', '양념', '원가', '갈비', '음식', '생', '분위기', '고기', '육회', '한식당', '맛집', '불고기']",4,0,0,0,0,0,4,korean
진주회관,"['콩국수', '찌개', '삼겹살', '냉', '연중', '서울', '수도권', '음식', '진주', '회관', '김치찌개', '맛집', '무']",4,0,0,0,0,0,4,korean
샤오바오우육면 종로본점,"['우육', '본점', '종각', '바오', '샤', '음식', '맛집']",0,2,0,0,0,0,2,chinese
수연산방,"['여행', '역사', '성북', '유적', '공부', '성북동', '역사탐방', '찻집', '유적지', '탐험', '수도권', '곳', '속', '이태준', '이야기', '가옥', '관광지', '수연산방', '문화재', '상']",0,0,0,0,0,1,1,cafe
필동면옥,"['제육', '중구', '냉면', '서울특별시', '접시', '서울', '비빔냉면', '음식', '맛', '충무로', '평양', '만두', '맛집']",5,0,0,0,0,0,5,korean
도넛정수 창신,"['디저트', '한과', '추천', '음식', '선물', '한국', '흑임자', '도넛']",0,0,0,1,0,4,4,cafe
티테라피,"['여행', '방차', '구독', '힐링', '노소', '공간', '음식', '연인', '휴식', '곳', '터', '종로구', '남녀']",0,0,0,0,0,1,1,cafe
진옥화할매원조닭한마리,"['닭', '종로', '서울', '음식', '칼국수', '마리', '골목', '맛집']",1,0,0,0,0,0,1,korean
강서구 고성막국수,"['편육', '음식', '동치미', '맛집', '막국수']",3,0,0,0,0,0,3,korean
원조홍어 본점,"['거리', '한식', '홍어삼합', '신길동', '음식', '홍어회', '홍어', '맛집', '영등포']",4,0,0,0,0,0,4,korean
해방촌 혼고,"['혼밥', '서울', '음식', '화로', '구이', '맛집']",1,0,0,0,0,0,1,korean
카페 할아버지공장,"['복합', '감성', '공간', '카페', '서울', '음식', '문화']",0,0,0,0,0,1,1,cafe
울프강스테이크하우스,"['강', '버거', '포터', '울프', '스테이크', '하우스', '추천', '식사', '음식', '클래식', '가족', '샐러드', '맛집']",0,0,0,3,0,0,3,west
남도분식 익선점,"['여행', '종로', '서울', '분식', '남도', '음식', '맛집']",1,0,0,0,0,0,1,korean
태극당,"['베이커리', '빵', '고풍', '맛', '음식', '체인점', '복', '옛날', '분위기', '데이트', '빵집']",1,0,0,0,0,3,3,cafe
낙원떡집,"['유산', '미래', '추천', '서울', '음식', '곳', '여행지', '떡집', '떡집', '쑥', '인절미', '경단', '떡집', '쑥', '인절미', '경단']",9,0,0,0,0,5,9,korean
두가헌 레스토랑,"['이색', '스테이크', '와인', '삼청동', '종로', '서울', '공간', '레스토랑', '수도권', '연인', '음식', '맛', '요리', '문화', '코스', '맛집', '가헌']",0,0,0,3,1,0,3,west
RSG 성수,"['편집', '카페', '라이더', '숍', '음식', '성지', '성수', '라이딩']",0,0,0,0,0,2,2,cafe
스미스가좋아하는한옥,"['리오', '스테이크', '스미스', '마르', '버섯', '리조또', '알리오', '피자', '크림', '게리', '서울', '수도권', '음식', '옥', '맛집', '안심', '양식']",0,0,0,7,0,0,7,west
뉘조,"['한식', '인사동', '종로', '연중', '서울', '수도권', '음식', '맛집', '무', '뉘']",1,0,0,0,0,0,1,korean
하나로회관,"['서울시', '버섯', '하나로', '곱창전골', '갑', '성비', '백년', '음식', '한정식', '정식', '가득', '종로구', '정성', '특정', '맛집', '전골', '가게']",3,0,0,0,0,0,3,korean
명동칼국수 본점,"['떡', '보쌈', '사골', '왕만', '정성', '백년', '서울', '음식', '가게', '정식', '가득', '칼국수', '국물', '맛집', '만두국']",5,0,0,0,0,1,5,korean
소문난성수감자탕 별관,"['서울', '방영', '성수동', '뚝섬', '음식', '감자탕', '맛집']",1,0,0,0,0,0,1,korean
진미옥설농탕,"['설렁탕', '한식', '도가니탕', '노소', '국밥', '머리', '백년', '송파', '음식', '탕', '진미', '옥', '맛집', '남녀', '가게']",5,0,0,0,0,0,5,korean
꽃새우 영번지,"['맛집', '음식', '꽃새우', '독도새우', '전복', '꽃새우', '독도새우', '전복']",6,2,0,0,0,0,6,korean
해주냉면 본점,"['한식', '냉면', '서울', '비빔냉면', '음식', '신천', '잠실', '해주', '음식점', '맛집']",3,0,0,0,0,0,3,korean
충무로부산복집,"['복샤브', '한식', '지리', '매운탕', '맛', '서울', '수도권', '음식', '부산', '요리', '복집', '복', '맛집', '복어', '불고기']",7,0,0,0,0,0,7,korean
평창동북악정 신관,"['꽃', '이상', '갈비', '한우', '럭', '북악', '주물', '한식', '연중', '음식', '등심', '무', '수도권', '정궁', '정', '맛집', '살', '서울', '생', '정이']",5,0,0,1,0,0,5,korean
계림식당,"['맛집', '음식', '닭볶음탕', '떡볶이', '시장', '칼국수', '마늘닭', '닭볶음탕', '떡볶이', '시장', '칼국수', '마늘닭']",10,0,0,0,0,0,10,korean
자하손만두,"['만두전골', '떡', '서울특별시', '미쉐린', '물만두', '맛', '가이드', '음식', '자하', '맛집', '손', '종로구', '만두', '만둣국', '가득', '정성', '만두국']",6,0,0,0,0,1,6,korean
키누카누,"['스시', '카누', '초밥', '뷔페', '음식', '키누', '발산역', '맛집']",0,0,2,0,1,0,2,japanese
황생가칼국수,"['버섯', '민속', '사골', '왕만', '북촌', '종로', '왕', '음식', '국립', '칼국수', '만두', '박물관', '맛집', '전골', '만두국']",5,0,0,0,0,0,5,korean
부민옥,"['부민', '회양', '육개장', '무교', '요미', '회', '음식', '을지로', '옥', '노포', '미식', '클럽', '맛집', '양']",2,1,1,0,0,0,2,korean
김가네가마솥설렁탕,"['꽃', '김', '갈비', '한우', '방화동', '고기', '도가니탕', '우모', '음식', '화살', '서울시', '등심', '삼겹살', '듬생', '분위기', '맛집', '설렁탕', '돼지갈비', '강서구', '서울', '설']",7,0,0,1,0,0,7,korean
동작노을카페,"['뷰', '이마트', '라운지', '카페', '음식', '맛집', '동작대교', '동작', '노을', '한강', '마루']",0,0,0,0,0,1,1,cafe
비언유주얼,"['프라이', '빗', '여행', '구독', '영상', '맵핑', '레스토랑', '음식', '날', '터', '이색', '스테이크', '와인', '스테이크', '와인']",0,0,0,6,2,0,6,west
청송옥,"['중구', '냉면', '곱창전골', '국밥', '비빔밥', '장터', '서울', '추천', '음식', '떡국', '육회', '맛집']",7,0,0,0,0,0,7,korean
코코넛박스 카페,"['여행', '구독', '체험', '서울', '카페', '관광지', '전시관', '터', '이색']",0,0,0,0,0,1,1,cafe
동방명주 충무로점,"['밥', '삼선', '중구', '우동', '소면', '짜장면', '중국음식', '필동', '새우', '음식', '중국집', '굴', '볶음밥', '맛집', '잡채']",3,6,1,0,1,0,6,chinese
소선재,"['능이', '간장게장', '보쌈', '굴비', '삼청동', '장아찌', '서울', '추천', '식사', '음식', '한정식', '떡갈비', '맛집', '밥집', '보리', '불고기']",9,0,0,0,0,0,9,korean
쭈꾸미킹2.0 상봉점,"['직화', '쭈꾸미', '피자', '중랑구', '음식', '상봉동', '맛집', '킹', '볶음', '볶음']",3,0,0,1,0,0,3,korean
와이키키마켓,"['여행', '바비큐', '구독', '서울', '음식', '터', '데이트', '한강', '이색']",0,0,0,1,0,0,1,west
강북구 서당골,"['한식', '서울', '추천', '음식', '골', '정식', '돼지', '맛집', '강북', '불고기']",2,0,0,0,0,0,2,korean
켄싱턴호텔 여의도 뉴욕뉴욕,"['스테이크', '코스', '여의도', '연중', '서울', '프라임', '수도권', '음식', '켄싱턴', '요리', '분위기', '호텔', '뉴욕', '다이닝', '맛집', '무', '뉴욕뉴욕']",0,0,0,4,1,0,4,west
남산골산채집,"['전망', '비빔밥', '왕', '산채', '돈까스', '음식', '부추', '샐러드', '맛집']",3,0,1,2,0,0,3,korean
중구 베테랑칼국수,"['백화점', '롯데', '들깨', '음식', '맛집', '칼국수', '베테', '명동']",2,0,0,0,0,0,2,korean
꽃밥에피다,"['여행', '힐링', '친', '황경', '건강', '음식', '연인', '맛집', '막걸리', '만두국', '한식당', '비빔밥', '퓨전한식', '유기농', '막걸리', '만두국', '한식당', '비빔밥', '퓨전한식', '유기농']",12,0,0,0,0,0,12,korean
패션5,"['베이커리', '디저트', '카페', '음식', '한남동', '곳', '갤러리', '맛집']",0,0,0,1,0,3,3,cafe
페르시안궁전,"['카레', '탄두리', '종로', '추천', '서울', '음식', '카레라이스', '정식', '페르시안', '케밥', '통닭', '맛집', '인도']",1,0,0,0,6,0,6,etc
강동 오늘손칼국수,"['앤찜', '강동', '본점', '성내동', '오늘', '음식', '손', '찜', '강동구', '해물찜', '칼국수', '맛집']",3,0,0,0,0,0,3,korean
필경재,"['강남', '한식', '코스', '음식', '궁', '요리', '한정식', '한식당', '맛집']",3,0,0,0,0,0,3,korean
송림식당,"['기사', '식당', '불', '백반', '음식', '해장국', '음식점', '선지', '돼지', '맛집']",4,0,0,0,0,0,4,korean
일일향 논현2호점,"['탕수육', '어향동', '가성', '비', '갑', '음식', '짬뽕', '요리', '분위기', '전채요리', '코스', '맛집']",0,2,0,0,0,0,2,chinese
서초동노랑저고리,"['저고리', '노랑', '전망', '서울', '수도권', '음식', '한정식', '분위기', '가득', '정성', '맛집']",1,0,0,0,0,0,1,korean
중구 송원,"['맛집', '음식', '돼지갈비', '양념갈비', '갈비탕', '돼지갈비', '양념갈비', '갈비탕']",6,0,0,0,0,0,6,korean
신당동천팥죽,"['팥죽', '음식', '칼국수', '가득', '정성', '맛집', '팥']",3,0,0,0,0,1,3,korean
동흥관,"['마파두부', '밥', '탕수육', '우동', '추천', '식사', '음식', '잡채', '짬뽕', '가족', '군', '만두', '노포', '간짜장', '맛집', '짜장면']",2,6,1,0,0,0,6,chinese
강남구 카페엠,"['유기농', '플랜', '테리어', '아이스크림', '카페', '음식', '분위기']",1,0,0,0,0,2,2,cafe
송림가,"['꽃', '구로구', '명품', '부귀', '갈비', '한우', '등심', '음식', '한정식', '생', '솔', '정식', '향', '맛집', '수라']",5,0,0,1,0,0,5,korean
63뷔페 파빌리온,"['송년', '뷔페', '빌딩', '연말', '음식', '파빌리온', '맛집', '모임']",0,0,0,0,1,0,1,etc
강강술래신림본동점,"['양념', '갈비', '추천', '한우', '식사', '음식', '등심', '가족', '강강술래', '음식점', '신림동', '구이', '소갈비', '생', '맛집']",5,0,0,1,0,0,5,korean
송추가마골 은평1호점,"['북한', '우대', '호점', '갈비', '음식', '집', '골', '송추', '산', '진관동', '가마', '맛집', '은평']",1,0,0,0,0,0,1,korean
봉래헌(메이필드호텔),"['맛집', '음식', '신선로', '한정식', '궁궐', '신선로', '한정식', '궁궐']",6,0,0,0,0,0,6,korean
꾸에바마테라,"['감성', '카페', '음식', '연인', '음식점', '사진', '이색']",0,0,0,0,0,1,1,cafe
고려삼계탕,"['여행', '한식', '서소문', '고려', '미쉐린', '보양식', '서울', '건강', '가이드', '탕', '오골계', '시청', '음식', '맛', '맛집', '삼계탕', '전복', '산삼']",6,1,0,0,0,0,6,korean
금천구춘천옥,"['보쌈', '단지', '국밥', '서울', '음식', '금천', '옥', '춘천', '분위기', '디지털', '선지', '한식당', '맛집', '가산', '막국수', '비빔']",5,0,0,0,0,0,5,korean
인크커피 가산점,"['여행', '점', '구독', '카페', '금천구', '가디', '음식', '터', '커피', '맛집', '가산', '인']",0,0,0,0,0,2,2,cafe
성북동누룽지백숙,"['백숙', '메밀국수', '한식', '메밀전', '메밀', '들깨', '비빔국수', '성북동', '음식', '누룽지', '수제비', '맛집']",9,0,0,0,0,0,9,korean
고래불,"['곰탕', '활어회', '고래고기', '생꽃', '회', '새우', '음식', '요리', '자연', '산', '코스', '맛집', '전복', '바다물']",4,1,2,0,0,0,4,korean
배정철어도,"['초밥', '노소', '생선', '식당', '점심', '성비', '갑', '음식', '생선회', '정식', '일식', '맛집', '남녀', '특선']",1,0,3,0,0,0,3,japanese
아이러브신당동떡볶이,"['해물', '치즈떡볶이', '음식', '궁', '눈물', '맛집', '신당동', '떡볶이']",2,0,0,0,0,0,2,korean
케르반레스토랑,"['할랄', '레스토랑', '음식', '케르', '수도권', '터키', '케밥', '맛집', '쉬']",0,0,0,1,4,0,4,etc
진주집,"['콩국수', '닭칼국수', '접시', '비빔국수', '냉', '영등포구', '음식', '만두', '맛집']",4,0,0,0,0,0,4,korean
호남식당,"['청국장', '한식', '생선', '갈치', '음식', '고등어', '조림', '구이', '김치찌개', '맛집', '한식당']",7,0,0,0,0,0,7,korean
서대문수빈,"['간장게장', '이정식', '황태', '비빔밥', '깡', '수빈', '음식', '서대문구', '한정식', '집', '정식', '떡갈비', '맛집']",5,0,0,0,0,0,5,korean
여의도백리향,"['코스', '빌딩', '식당', '여의도', '중국음식', '추천', '식사', '음식', '요리', '가족', '분위기', '다이닝', '맛집']",0,1,0,0,0,0,1,chinese
송파구횡성한우,"['소고기', '석촌호수', '한우', '송파', '음식', '잠실', '방이동', '횡성', '고기', '맛집']",2,0,0,0,0,0,2,korean
도봉구대문한정식,"['간장게장', '음식', '한정식', '도봉구', '맛집']",2,0,0,0,0,0,2,korean
촛불1978,"['스테이크', '퐁듀', '중구', '코스', '서울특별시', '파스타', '라이스', '돈까스', '음식', '샐러드', '데이트', '맛집', '양식']",1,0,1,6,0,0,6,west
평안도족발집,"['탐방', '중구', '빈대떡', '물', '족발', '맛', '서울', '음식', '막국수', '맛집', '녹두', '비빔']",4,0,0,0,0,0,4,korean
청와옥 본점,"['올림픽', '편백', '송파', '음식', '옥', '정식', '방이동', '대국', '청', '원점']",1,0,0,0,0,0,1,korean
서대문구형제갈비,"['꽃', '갈비살', '갈비탕', '양념', '서울특별시', '형제', '갈비', '음식', '서대문구', '생', '신촌', '맛집', '불고기']",4,0,0,0,0,0,4,korean
송화산시도삭면,"['딤섬', '건대', '가성', '비', '서울', '삭', '음식', '입구', '산시', '제보', '송화', '맛집']",0,1,0,0,0,0,1,chinese
참만나,"['꽃', '대패', '갈비', '한우', '음식', '노원구', '맛집', '차돌', '정식', '돼지', '등심', '쌈밥', '매운갈비찜']",6,0,0,1,0,0,6,korean
제일콩집,"['두부', '청국장', '콩국수', '콩', '찌개', '감자', '순두부', '맛', '서울', '추천', '음식', '요리', '노원', '비지', '공릉동', '맛집']",5,0,0,0,0,0,5,korean
무교동 북어국집,"['중구', '갑', '성비', '서울', '추천', '음식', '해장국', '가득', '정성', '맛집', '북어']",1,0,0,0,0,0,1,korean
전민규의황제누룽지탕 노원직영점,"['해물', '복날', '민규', '황제', '음식', '탕', '누룽지', '노원']",3,0,0,0,0,0,3,korean
WANGTHAI,"['팟타이', '음식', '얌운센', '국적', '분위기', '얌꿍', '맛집']",0,0,0,0,3,0,3,etc
성수살라댕템플,"['퓨전', '추천', '서울', '음식', '곳', '요리', '분위기', '맛집', '양식']",0,0,0,1,0,0,1,west
관훈동 산촌,"['사찰음식', '한식', '종로', '생강차', '산나물', '점심', '화차', '음식', '유자차', '요리', '사찰', '쌍', '저녁', '맛집']",3,0,0,0,0,2,3,korean
로씨니,"['스테이크', '석쇠', '파스타', '구이', '종로', '갈비', '서울', '레스토랑', '추천', '음식', '이탈리아음식', '가득', '분위기', '정성', '맛집', '안심']",2,0,0,5,1,0,5,west
대도식당 왕십리본점,"['대도', '식당', '한우', '왕십리', '음식', '맛집', '성동구']",1,0,0,0,0,0,1,korean
산채향,"['한식', '이정식', '마을', '부모님', '음식', '요리', '정식', '더덕', '한식당', '맛집', '매운갈비찜']",4,0,0,0,0,0,4,korean
사간동푸드떼,"['홍차', '여행', '구독', '화과자', '종로', '찻집', '티', '카페', '음식', '티룸', '터', '맛집']",0,0,0,0,0,6,6,cafe
마포삼다코지,"['여행', '구독', '서울', '감성', '카페', '음식', '터', '아메리카노']",0,0,0,0,0,2,2,cafe
옛날집낙원아구찜,"['낙원', '수도권', '아구찜', '탕', '음식', '아귀찜', '해물찜', '분위기', '해물탕', '아귀', '맛집']",5,0,0,0,0,0,5,korean
영일분식,"['혼밥', '가성', '비', '영등포구', '서울', '음식', '칼국수', '제보', '맛집']",1,0,0,0,0,0,1,korean
아재왔소,"['백숙', '간', '리', '미요', '음식', '도봉구', '맛집', '오리']",2,0,0,0,0,0,2,korean
르몽블랑,"['디저트', '여행', '구독', '감성', '카페', '음식', '핫', '터', '레이스', '이색']",0,0,0,1,0,2,2,cafe
대치동중앙해장,"['선지국', '강남', '삼성동', '해장', '음식', '해장국', '선지', '중앙']",3,0,0,0,0,0,3,korean
고궁의 아침,"['한식', '노소', '돼지갈비', '냉면', '양념', '갈비', '한우', '등심', '음식', '생', '해장국', '종로구', '선지', '맛집', '남녀']",8,0,0,1,0,0,8,korean
성북동돼지갈비본점,"['돼지갈비', '성북동', '서울', '백반', '수도권', '음식', '집', '떡갈비', '맛집', '불고기']",4,0,0,0,0,0,4,korean
강동황도바지락칼국수,"['왕만', '냉', '국수', '음식', '칼국수', '맛집']",2,0,0,0,0,0,2,korean
금왕돈까스 본점,"['서울시', '성북구', '생선', '심', '금', '까스', '돈까스', '음식', '함박스테이크', '정식', '맛집', '안심', '소개', '언론', '경양식', '기사식당', '옛날돈까스', '경양식', '기사식당', '옛날돈까스']",7,0,4,2,0,0,7,korean
운산,"['한정식', '맛집', '음식']",1,0,0,0,0,0,1,korean
서초구통나무집,"['꽃', '갈비살', '갈비탕', '양념', '살', '갈비', '음식', '맛집', '육회', '등심']",6,0,0,1,0,0,6,korean
설마중,"['우정', '위', '숯불', '갈비', '서울', '진수', '음식', '이심전심', '외국인', '한정식', '맛집', '선호']",2,0,0,0,0,0,2,korean
강서도일처,"['동파육', '처', '서울', '중식', '수도권', '음식', '도일', '맛집', '짜장면']",0,3,0,0,0,0,3,chinese
강남곰바위,"['특', '연중', '막창', '서울', '한우', '수도권', '음식', '바위', '곰', '구이', '맛집', '무']",3,0,0,0,0,0,3,korean
드럼통 참숯석쇠구이,"['육류', '서울시', '갈비살', '삼겹살', '안', '열무', '막창', '국수', '송파구', '음식', '요리', '고기', '맛집', '창살', '된장찌개']",6,0,0,0,0,0,6,korean
종로구밀림,"['여행', '구독', '인스타', '창신동', '태국', '서울', '음식', '핫', '터', '음식점', '종로구', '레이스', '맛집']",0,0,0,0,1,0,1,etc
인사동 촌,"['절편', '철판', '한식', '전문점', '북촌', '맛', '음식', '외국인', '요리', '낙지', '정식', '볶음', '한식당', '맛집', '해물파전', '선호']",6,0,0,0,0,0,6,korean
대호정,"['돼지갈비', '냉삼', '오징어', '서울', '백년', '음식', '맛집', '쌈밥', '가게']",3,0,0,0,0,0,3,korean
아델라베일리,"['링', '아델', '스몰', '카페', '북악스카이웨이', '스토', '북악산', '선셋', '레스토랑', '음식', '라베', '하우스', '일리', '장소', '맛집', '레', '전망', '부암동', '웨딩', '레스토랑', '피자', '리조또', '파스타', '레스토랑', '피자', '리조또', '파스타']",0,0,0,9,3,1,9,west
삼대할먼네,"['서울', '수도권', '음식', '신당동', '맛집', '삼대', '떡볶이']",1,0,0,0,0,0,1,korean
용산구기와,"['용산구', '수', '굴비', '상차림', '어탕', '음식', '외국인', '한정식', '떡갈비', '갈비찜', '맛집', '보리', '선호']",7,0,0,0,0,0,7,korean
을지다방,"['찍기', '사진촬영', '여행', '감성', '카페', '음식', '연인', '곳', '뉴트', '친구', '음식점', '명소', '사진', '이색']",0,0,0,0,0,1,1,cafe
해담채 남부터미널점,"['서초', '해', '음식', '요리', '담채', '코스', '맛집']",2,0,0,0,0,0,2,korean
감꽃당,"['찍기', '디저트', '여행', '힐링', '종로', '에그타르트', '카페', '음식', '공간', '연인', '곳', '휴식', '맛집', '사진']",0,0,0,1,0,3,3,cafe
국화정원,"['간장게장', '한식', '정', '성북구', '점심', '품', '음식', '백반', '요리', '한정식', '코스', '맛집', '특선']",4,0,0,0,0,0,4,korean
뽐모도로,"['종로구', '맛집', '파스타', '음식']",0,0,0,1,0,0,1,west
트레스드,"['디저트', '이탈리아', '음식', '분위기', '세대', '카놀리', '맛집', '이색']",0,0,0,3,0,1,3,west
수유동가문,"['굴짬뽕', '탕수육', '자장면', '음식', '짬뽕', '요리', '코스', '맛집']",0,4,0,0,0,0,4,chinese
북한산 큰숲 제빵소,"['베이커리', '둘레길', '북한', '비젠', '소', '카페', '음식', '온천', '개조', '제빵', '산', '송추', '주택', '가마', '운빵']",0,0,0,0,0,3,3,cafe
다래함박스텍,"['기사', '유리기', '식당', '가성', '음식', '비식', '돈가스', '함박스테이크', '다래', '맛집', '기사식당', '기사식당']",4,0,2,1,0,0,4,korean
뱃고동,"['오징어', '음식', '낙지', '산낙지', '소개', '맛집', '전골', '언론', '불고기']",4,0,0,0,0,0,4,korean
한강파라다이스,"['게리', '실내', '한강', '양식', '고르곤졸라', '음식', '경치', '연인', '서울시', '불고기', '마르', '피자', '삼겹살', '커플', '곳', '데이트', '맛집', '스테이크', '영등포구', '디']",2,0,0,4,0,1,4,west
미가할매집,"['꽃', '한우', '한정식', '정성', '음식', '구이', '등심', '갈비살', '숯불', '매집', '추천', '식사', '요리', '가득', '미가', '맛집', '가족', '생', '코스']",5,0,0,1,0,0,5,korean
서울서둘째로잘하는집,"['식혜', '대추차', '삼청동', '팥죽', '수정과', '탕', '음식', '생강', '집', '분위기', '맛집', '대보']",5,0,0,0,0,3,5,korean
자인뭉티기,"['뭉티기', '명품', '음식', '모', '구이', '육회', '맛집']",3,0,0,0,0,0,3,korean
양반댁,"['친환경', '양반', '간장게장', '교자상', '농산물', '합', '서울', '음식', '반정식', '한정식', '댁', '요리', '육회', '코스', '맛집', '수라상', '진지']",4,0,0,0,0,0,4,korean
미자식당,"['양념', '매운탕', '상차림', '회', '음식', '맛집']",3,0,1,0,0,0,3,korean
평안도만두집,"['만두전골', '제육', '빈대떡', '접시', '음식', '만두', '만둣국', '종로구', '김치찌개', '맛집']",6,0,0,0,0,0,6,korean
지화자,"['소갈비찜', '진어', '전복', '만찬', '초', '음식', '외국인', '장금', '소갈비', '선호', '맛집', '수라', '이수']",5,1,0,0,0,0,5,korean
인사동그집,"['맛집', '음식', '한식당', '전통한옥', '불고기', '찌개', '한식당', '전통한옥', '불고기', '찌개']",8,0,0,0,0,0,8,korean
라칸티나,"['파스타', '라자냐', '맛집', '음식']",0,0,0,2,0,0,2,west
동적불고기깡통구이 쌍문 본점,"['쌍리', '본점', '쌍문', '적', '음식', '깡통', '쌍문동', '맛집', '불고기']",1,0,0,0,0,0,1,korean
어양,"['피', '해물', '우럭', '탕수육', '음식', '탕', '짬뽕', '요리', '누룽지', '코스', '맛집', '양장', '짜장면']",3,4,0,0,0,0,4,chinese
서래본갈비,"['마을', '본가', '식당', '갈비', '고깃집', '한우', '음식', '생', '분위기', '호텔']",2,0,0,0,1,0,2,korean
단미그린비,"['강남', '식당', '음식', '한정식', '상견례', '그린비', '자곡동', '단']",1,0,0,0,0,0,1,korean
갯마을,"['만두전골', '떡', '용산구', '음식', '떡국', '맛집', '손', '만둣국', '만두국', '녹두']",6,0,0,0,0,1,6,korean
그리츠 레스토랑,"['식품의약품안전처', '위생', '뷔페', '우수', '음식', '음식점', '매우', '등급', '맛집', '영등포']",0,0,0,0,1,0,1,etc
아승지,"['한식', '영등포구', '음식', '맛집', '정식', '서울시', '승지']",1,0,0,0,0,0,1,korean
광장싸롱 1961,"['레트로', '강남', '종로', '청계천', '음식', '빈티', '통차', '광장시장', '한의원', '쌍화차', '과일주스', '쌍화탕', '한방카페', '쌍화차', '과일주스', '쌍화탕', '한방카페']",1,0,0,0,0,8,8,cafe
태림산채정식,"['이정식', '건강', '음식', '정식', '더덕', '산채정식', '맛집', '불고기']",3,0,0,0,0,0,3,korean
을지로 원형들,"['디저트', '여행', '딜', '구독', '감성', '카페', '음식', '충무로', '터', '고수', '케이크', '이색']",0,0,0,1,0,3,3,cafe
산도토리임자탕,"['도토리묵', '밥', '추천', '도토리', '식사', '탕', '도토', '음식', '가족', '리전', '맛집', '임자']",2,0,0,0,0,0,2,korean
향림,"['두부', '맛', '냉채', '정성', '소고기', '류', '음식', '노원구', '외국인', '중화요리', '서울시', '전복', '닭고기', '가득', '맛집', '면류', '밥', '해삼', '돼지고기', '샥스핀', '야채', '선호']",3,5,0,0,1,0,5,chinese
금용문,"['우럭', '새우', '중식', '돈육', '류', '용문', '금', '음식', '가복', '차돌', '튀김', '중국집', '딤섬', '삼선짜장', '추천', '식사', '종로구', '맛집', '짬뽕', '가족', '코스', '말']",3,6,1,0,0,0,6,chinese
깃대봉냉면,"['음식', '맛집', '냉면', '만두']",2,0,0,0,0,0,2,korean
순희네빈대떡,"['완', '언론', '빈대떡', '음식', '맛집', '녹두', '소개']",2,0,0,0,0,0,2,korean
곰국시집 명동,"['맛집', '음식', '한우', '칼국수', '콩국수', '한우', '칼국수', '콩국수']",6,0,0,0,0,0,6,korean
만강 수서점,"['강남', '서울', '음식', '한정식', '맛집']",1,0,0,0,0,0,1,korean
해담채 서여의도점,"['해', '음식', '요리', '담채', '코스', '맛집', '영등포']",2,0,0,0,0,0,2,korean
다락정,"['만두전골', '삼청동', '서울', '추천', '음식', '김치', '만두', '맛집', '불고기']",4,0,0,0,0,0,4,korean
백원,"['코스', '맛집', '요리', '음식', '짬뽕', '중국집', '짜장면', '짬뽕', '중국집', '짜장면']",0,6,0,0,0,0,6,chinese
아리차이,"['갑', '성비', '아리차', '음식', '국', '코스', '맛집']",1,0,0,0,0,0,1,korean
익선동 그집,"['칼', '음식', '칼국수', '만두', '종로구', '맛집', '익선동']",2,0,0,0,0,0,2,korean
먹고을전주콩나물국밥 묵동본점,"['음식', '콩나물', '국밥', '돌솥밥', '게장', '간장게장', '콩나물', '국밥', '돌솥밥', '게장', '간장게장']",10,0,0,0,0,0,10,korean
명품기사식당뚝다리김치찌개,"['명품', '기사', '전문점', '호', '식당', '다리', '음식', '강동구', '김치찌개', '맛집', '뚝']",2,0,0,0,0,0,2,korean
요리하는남자,"['코타', '가성', '팬', '양식', '음식', '연인', '안심', '남녀', '치킨', '청포', '추천', '식사', '이탈리아음식', '분위기', '블랙', '맛집', '스테이크', '노소', '도리', '갑', '비', '가족', '샐러드']",1,0,0,5,0,0,5,west
성수족발,"['족발', '서울', '음식', '음식점', '성수', '대국', '맛집']",1,0,0,0,0,0,1,korean
키미아트,"['키', '카페', '음식', '수도권', '아트', '맛집']",0,0,0,0,0,1,1,cafe
문배동 육칼,"['여행', '칼', '육개장', '노소', '배동', '서울', '음식', '전국', '친구', '칼국수', '맛집', '남녀', '육계장']",3,0,0,0,0,0,3,korean
청담골,"['제육', '갈치', '백반', '음식', '조기', '누룽지', '한정식', '정식', '음식점', '구이', '볶음', '청담', '삼치', '맛집', '골', '가정식']",8,0,0,0,0,0,8,korean
몽실이네 토종한우,"['갈비살', '갈비탕', '우모', '살', '한우', '등심', '음식', '사시미', '마리', '육회', '맛집', '안심']",6,0,1,2,0,0,6,korean
미진,"['밥', '메밀국수', '보쌈', '종로', '메밀', '추천', '식사', '음식', '메밀묵', '가족', '정식', '판', '맛집']",4,0,0,0,0,0,4,korean
동심한정식,"['서울시', '간장게장', '중구', '굴비', '음식', '정식', '맛집', '보리']",3,0,0,0,0,0,3,korean
남원추어탕 풍천장어,"['한식', '추어탕', '음식', '요리', '한식당', '맛집', '강남구']",3,0,0,0,0,0,3,korean
산삼청각,"['숯불', '돼지갈비', '식당', '갈비', '송파', '청각', '음식', '맛집', '가족', '집', '옥', '구이', '가락동', '모임', '산삼']",4,0,0,0,0,0,4,korean
테르트르카페,"['르트르', '테', '탑', '명소', '창신동', '서울', '카페', '음식', '야경', '데이트', '루프', '뷰', '갤러리', '코스', '맛집', '테르트르', '전망대']",0,0,0,0,0,1,1,cafe
최수사 대게마을,"['서울시', '음식', '정식', '사시미', '대게', '코스', '맛집', '강남구']",1,0,2,0,0,0,2,japanese
정식당,"['한식', '다이닝', '음식', '연인', '요리', '가족', '정식', '코스', '맛집']",1,0,0,0,0,0,1,korean
인사동큰집,"['한식', '인사동', '음식', '한정식', '맛집']",2,0,0,0,0,0,2,korean
옥류헌릴렉스,"['릴', '우이동', '계곡', '감성', '카페', '음식', '모닥불', '우이천', '캠프', '옥류', '렉스']",0,0,0,0,0,1,1,cafe
위대한밥상 영광,"['한식', '서울특별시', '굴비', '음식', '정식', '서초구', '맛집']",2,0,0,0,0,0,2,korean
부일갈비,"['소금', '갈비탕', '한식', '양념', '부일', '갈비', '추천', '맛', '식사', '등심', '서울', '빗살', '가족', '생', '수도권', '음식', '구이', '맛집']",5,0,0,1,0,0,5,korean
툭툭누들타이,"['뽀삐', '커리', '가성', '쏨땀', '텃만꿍', '음식', '외식', '꿍', '음식점', '제보', '얼', '가이양', '푸팟퐁', '추천', '분위기', '얌꿍', '데이트', '맛집', '비주', '비', '태국', '가족', '팟퐁', '코스', '얌운센', '쁘라짠']",0,0,0,0,9,0,9,etc
금강수림,"['주물', '지리', '향토음식', '건강', '꼬리', '음식', '맛집', '복탕', '럭', '장어', '향토', '음식점', '복', '찜']",5,0,0,0,0,0,5,korean
세상의모든아침,"['인테리어', '식당', '여의도', '상의', '레스토랑', '음식', '웨딩', '기념일', '브런치', '아침', '촬영', '펜트하우스', '장소', '뷰', '한강', '맛집', '전경련회관']",0,0,0,2,1,1,2,west
조선옥,"['대구', '갈비탕', '한식', '양념', '향토음식', '갑', '장국밥', '성비', '갈비', '보양식', '음식', '탕', '소갈비', '한식당', '맛집']",9,0,0,0,0,0,9,korean
미 피아체,"['로', '하몽', '성게', '알', '이태리', '산', '매콤', '오일', '스페인', '레스토랑', '음식', '어란', '닭', '베리', '강남', '파스타', '추천', '이탈리아음식', '그릴', '맛집', '치즈', '그라탕', '서울', '코', '청담동', '바게트']",0,0,0,10,1,1,10,west
창성옥,"['언론', '백년', '용산', '음식', '뼈', '해장국', '소개', '제보', '맛집', '전골', '가게']",2,0,0,0,0,0,2,korean
갯마을풍천장어,"['능이', '백숙', '코다리', '도봉', '삼계탕', '옻', '레기', '도봉산', '전복', '음식', '조림', '맛집', '민물장어', '오리', '솥밥']",9,1,0,0,0,0,9,korean
최대감네,"['맛집', '음식', '쌈밥', '연잎밥', '샤브샤브', '칼국수', '쌈밥', '연잎밥', '샤브샤브', '칼국수']",8,0,0,0,0,0,8,korean
삼해집,"['한식', '보쌈', '족발', '한잔', '음식', '방', '감자탕', '아귀찜', '친구', '소주', '굴', '맛집', '닭도리탕']",8,0,0,0,0,0,8,korean
유진막국수,"['제육', '노소', '보쌈', '족발', '남녀', '이태원', '회', '음식', '맛집', '막국수', '해물파전']",6,0,1,0,0,0,6,korean
눈나무집,"['두부김치', '빈대떡', '삼청동', '국수', '서울', '추천', '음식', '평양', '종로구', '분위기', '만두', '떡갈비', '맛집', '녹두']",7,0,0,0,0,0,7,korean
불맛감자국,"['해물', '뼈찜', '추천', '식사', '음식', '감자탕', '가족', '닭볶음탕', '맛집']",3,0,0,0,0,0,3,korean
해담채 강남점,"['강남', '해', '음식', '요리', '담채', '코스', '맛집']",2,0,0,0,0,0,2,korean
초우마을,"['꽃', '부채살', '동대문구', '갈비', '등심', '한우', '음식', '살', '육회', '맛집']",6,0,0,1,0,0,6,korean
대상해,"['중식', '음식', '요리', '정식', '맛집']",0,1,0,0,0,0,1,chinese
왕돈까스&왕냉면,"['맛집', '음식', '돈까스', '칼국수', '왕돈까스', '돈까스', '칼국수', '왕돈까스']",6,0,2,2,0,0,6,korean
루위,"['몽골리안', '및', '강남', '노소', '코스', '중식', '음식', '요리', '비프', '북경오리', '마리', '롱포', '데이트', '맛집', '남녀']",0,2,0,1,1,0,2,chinese
아리아,"['조선', '매우', '양식', '중구', '뷔페', '음식', '연인', '음식점', '웨스', '틴', '우수', '일식', '등급', '맛집', '식품의약품안전처', '위생', '서울', '인도', '호텔']",0,0,1,1,3,0,3,etc
에도긴,"['강남', '역삼동', '초밥', '식당', '추천', '식사', '음식', '요리', '가족', '생선회', '코스', '맛집', '강남구']",1,0,2,0,0,0,2,japanese
초록뜰,"['두부', '여행', '버섯', '육개장', '연잎밥', '묵밥', '사발', '서울', '음식', '곡', '묵', '두루치기', '맛집', '전골', '뜰', '초록']",5,0,0,0,0,0,5,korean
안성또순이,"['동작구', '음식', '노량진', '생선회', '맛집', '생태탕', '보쌈', '생태찌개', '동그랑땡', '생태탕', '보쌈', '생태찌개', '동그랑땡']",9,0,1,0,0,0,9,korean
달 카페,"['맛집', '음식', '커피', '커피']",0,0,0,0,0,2,2,cafe
다리원,"['해물', '삼선짜장', '음식', '탕', '누룽지', '맛집']",2,1,0,0,0,0,2,korean
동해복집,"['수육', '보양식', '맛', '서울', '추천', '탕', '노원구', '음식', '노원', '맑은', '복', '맛집', '이색', '복어']",5,0,0,0,0,0,5,korean
톰볼라,"['스테이크', '마르', '스타', '스파게티', '제', '피자', '가성', '비', '갑', '게리', '음식', '랍', '라자냐', '국적', '분위기', '볼', '서초구', '맛집']",0,0,0,4,0,0,4,west
엄마손칼국수,"['당고개역', '고개', '음식', '엄마', '손', '칼국수', '맛집']",1,0,0,0,0,0,1,korean
고바우소곱창,"['특', '간', '막창', '음식', '대창', '노원', '곱창', '맛집', '양', '천엽']",4,1,0,0,0,0,4,korean
장꼬방김치찌개전문,"['묵은지', '서초', '음식', '장꼬방', '김치찌개', '찌개']",3,0,0,0,0,0,3,korean
청송본관함흥냉면,"['한식', '청송면', '서울', '음식', '수도권', '옥', '맛집']",1,0,0,0,0,0,1,korean
참숯골,"['꽃', '한식', '양념', '안', '갈비', '등심', '음식', '외국인', '생', '돌솥비빔밥', '차돌박이', '맛집', '창살', '선호']",5,0,0,1,0,0,5,korean
골목집,"['주물', '백숙', '전문점', '보양식', '음식', '요리', '럭', '오리고기', '맛집', '영등포', '오리']",2,1,0,0,0,0,2,korean
모뜨,"['여행', '노소', '레스토랑', '음식', '카페', '연인', '휴식', '공간', '곳', '종로구', '맛집', '남녀', '레스토랑', '브런치', '파스타', '레스토랑', '브런치', '파스타']",0,0,0,7,3,3,7,west
셀프하우스,"['맛집', '음식', '순대', '떡볶이', '어묵', '쫄면', '분식', '순대', '떡볶이', '어묵', '쫄면', '분식']",10,0,2,0,0,0,10,korean
삼성 빨간양념 숯불구이,"['중구', '동그랑땡', '추천', '서울', '음식', '맛집']",1,0,0,0,0,0,1,korean
진남포면옥,"['중구', '보쌈', '비빔국수', '개성', '서울', '음식', '찜닭', '쟁반', '맛집', '막국수']",4,0,0,0,0,0,4,korean
성북동집,"['한식', '성북동', '서울', '맛', '음식', '집', '칼국수', '만둣국', '맛집']",3,0,0,0,0,0,3,korean
삿뽀로 목동점,"['점', '횟집', '신정동', '삿뽀로', '음식', '목동', '양천구', '맛집']",1,0,2,0,0,0,2,japanese
갓잇(god eat),"['음식', '브리또', '맛집', '요리', '타코', '멕시코', '강남구']",0,0,0,3,0,0,3,west
내자상회,"['찍기', '디저트', '사진촬영', '감성', '음식', '연인', '곳', '친구', '실내', '음식점', '명소', '데이트', '맛집', '사진']",0,0,0,1,0,2,2,cafe
우리강산,"['꽃', '갈비탕', '돼지갈비', '사골', '송파구', '한우', '음식', '요리', '맛집', '구이', '코스', '등심']",6,0,0,1,0,0,6,korean
방이샤브샤브칼국수 방이본점,"['샤브샤브', '방이', '본점', '샤브', '서울', '음식', '방이역', '칼국수', '방이동', '맛집']",3,0,0,0,0,0,3,korean
자원대구탕,"['대구', '장탕', '음식', '탕', '맛집', '젓갈', '대구탕', '젓갈', '대구탕']",1,0,0,0,0,0,1,korean
정감어린,"['꽃', '갈비', '음식', '빗살', '가득', '정성', '돼지', '맛집']",1,0,0,0,0,0,1,korean
전주회관,"['불낙', '콩나물', '양념', '국밥', '비빔밥', '갈비', '맛', '음식', '외국인', '곱돌', '가득', '정성', '맛집', '전골', '선호']",6,0,0,0,0,0,6,korean
우정낙지,"['데침', '조개', '침', '초무', '서울', '추천', '음식', '탕', '낙지', '산낙지', '노원', '볶음', '맛집']",5,0,0,0,0,0,5,korean
낙원(메이필드호텔),"['꽃', '양념', '해산물', '낙원', '갈비', '추천', '서울', '식사', '연중', '음식', '한우', '가족', '등심', '정식', '맛집', '무', '특선']",4,0,1,1,0,0,4,korean
미우미우참숯구이,"['부채살', '규꽃살', '갈비탕', '규안', '쌈밥', '규', '갈비', '송파구', '왕', '음식', '생', '규생', '맛집', '창살']",4,0,0,0,0,0,4,korean
용금옥,"['추어탕', '수도권', '음식', '용금옥', '미꾸라지', '구이', '더덕', '추탕', '맛집', '모듬전', '북어']",6,0,0,0,0,0,6,korean
용문집,"['꽃', '갈비', '추천', '한우', '식사', '음식', '외국인', '살', '가족', '등심', '분위기', '우안', '맛집', '창살', '소개', '언론', '선호']",4,0,0,1,0,0,4,korean
부산복집,"['서울시', '중구', '매운탕', '백년', '육', '음식', '복수', '복찜', '복', '맛집', '가게']",3,0,0,0,0,0,3,korean
그릭조이,"['마포구', '미코노스', '전망', '라카', '서울', '레스토랑', '음식', '추천', '크레타', '아테네', '그리스', '분위기', '맛집']",0,0,0,3,1,0,3,west
바바인디아 강남역점,"['치킨', '탄두리', '강남', '난', '커리', '인도', '음식', '서초구', '데이트', '맛집', '인도요리']",1,0,0,0,5,0,5,etc
서울리즘,"['롯데', '탑', '서울', '타워', '카페', '추천', '음식', '곳', '루프', '여행지']",0,0,0,0,0,1,1,cafe
홍능갈비집본점,"['청량리', '동대문구', '본점', '갈비', '홍능', '음식', '집', '맛집']",1,0,0,0,0,0,1,korean
곰국시집,"['시', '중구', '국수', '서울', '음식', '곰국', '수육', '맛집', '전골']",4,0,0,0,0,0,4,korean
까델루뽀,"['이탈리아요리', '음식', '이탈리아음식', '연인', '요리', '가족', '옥', '분위기', '코스', '맛집', '양식']",0,0,0,3,0,0,3,west
이강순실비집,"['철판', '파전', '조개', '음식', '탕', '낙지', '볶음', '맛집']",5,0,0,0,0,0,5,korean
영등포복집,"['서울시', '샤브샤브', '지리', '매운탕', '영등포구', '맛', '육', '식사', '추천', '음식', '요리', '복수', '가족', '분위기', '복', '맛집', '복어', '불고기']",5,0,0,0,0,0,5,korean
상인정신,"['우럭', '갓', '소스', '친구', '정성', '해물', '음식', '구이', '갈릭', '남녀', '가리비', '요리', '가득', '종로구', '맛집', '노소', '전문점', '통', '쫀득', '회']",3,0,1,0,0,0,3,korean
늘푸른식당,"['마포구', '여행', '아현', '시장', '노소', '모듬전', '전', '서울', '음식', '막걸리', '맛집', '남녀']",4,0,0,0,0,0,4,korean
홍원,"['마포구', '탕수육', '노소', '중식', '음식', '요리', '친구', '맛집', '남녀', '짜장면']",0,3,0,0,0,0,3,chinese
더 킹스,"['맛집', '음식', '해산물뷔페', '해산물뷔페']",0,0,0,0,2,0,2,etc
해안반점,"['짜장면', '노소', '중식', '음식', '요리', '강동구', '코스', '맛집', '남녀', '중국집']",0,3,0,0,0,0,3,chinese
로리스 더 프라임 립,"['식품의약품안전처', '서초', '위생', '강남', '컷', '립', '프라임', '우수', '음식', '음식점', '매우', '로리', '등급', '캘리포니아', '맛집']",0,0,0,1,0,0,1,west
백제삼계탕,"['명동', '맛집', '삼계탕', '음식']",1,0,0,0,0,0,1,korean
라 쿠치나,"['남산', '용산구', '추천', '서울', '음식', '이탈리아음식', '요리', '분위기', '코스', '맛집', '양식']",0,0,0,2,0,0,2,west
삼수갑산,"['차돌박이', '갑', '성비', '한우', '등심', '음식', '빗살', '가족', '듬', '생', '구이', '육회', '맛집']",5,0,0,1,0,0,5,korean
스시겐,"['꽃', '초밥', '노소', '가성', '비', '갑', '식당', '음식', '모', '요리', '분위기', '일식', '코스', '맛집', '남녀']",0,0,2,0,0,0,2,japanese
하모,"['비빔밥', '맛', '음식', '진주', '찜', '한정식', '육전', '헛제사밥', '가득', '정성', '맛집', '가오리']",5,0,0,0,0,0,5,korean
장군갈비,"['육류', '서울시', '갈비살', '갈비탕', '양념', '안', '생꽃', '갈비', '등심', '한우', '음식', '요리', '맛집', '생', '고기', '육회', '광진구', '창살']",7,0,0,1,0,0,7,korean
평래옥,"['중구', '냉면', '초', '평양', '음식', '탕', '맛집', '서울시']",3,0,0,0,0,0,3,korean
장군보쌈,"['서울시', '보쌈', '족발', '왕', '음식', '낙지', '감자탕', '종로구', '굴', '볶음', '맛집']",6,0,0,0,0,0,6,korean
궁나라냉면묵밥,"['한식', '냉면', '왕만', '묵밥', '비빔냉면', '서울', '궁', '물냉면', '음식', '음식점', '맛집']",5,0,0,0,0,0,5,korean
모녀마약김밥,"['모녀', '종로', '마약', '수도권', '음식', '김밥', '광장시장', '맛집']",2,0,0,0,0,0,2,korean
갤러리카페 3안,"['디저트', '음료', '및', '류', '커피', '티', '카페', '에스프레소', '음식', '카페라떼', '종로구', '갤러리', '맛집']",0,0,0,1,0,7,7,cafe
장수촌 풍천장어,"['장어구이', '보양식', '추천', '맛', '식사', '음식', '가을', '탕', '가족', '풍천', '칼국수', '장어', '바지락', '맛집']",5,0,0,0,0,0,5,korean
터치더스카이,"['더', '스테이크', '터치', '스카이', '심', '서울', '한우', '음식', '등심', '한정식', '메뉴', '디', '샐러드', '런치', '데이트', '맛집', '시저', '와인', '와인']",3,0,0,5,0,0,5,west
성북동 구포국수,"['성북동', '국수', '맛집', '음식']",1,0,0,0,0,0,1,korean
잇텐고,"['마포구', '토마토', '마사', '모노', '바질', '키', '식당', '차슈', '음식', '키츠네', '일식', '쯔', '라멘', '맛집']",0,0,4,2,0,0,4,japanese
감나무집기사식당,"['식당', '불', '감나무', '백반', '집밥', '음식', '돼지', '연남동']",2,0,0,0,0,0,2,korean
안동국시소람,"['국시', '보쌈', '국밥', '음식', '모', '수육', '맛집']",4,0,0,0,0,0,4,korean
명문막국수,"['식혜', '여름철', '전병', '노소', '메밀막국수', '성북구', '메밀', '들깨', '명태', '음식', '칼국수', '막국수', '수제비', '맛집', '남녀', '비빔']",9,1,0,0,0,1,9,korean
슈치쿠,"['스시', '한우', '계절', '스키야키', '레스토랑', '음식', '냄비', '서울시', '생선', '마카', '요리', '생선회', '일식', '세', '맛집', '영등포구', '슈치쿠', '정식', '코스']",2,0,5,1,1,0,5,japanese
청수횟집,"['맛집', '음식', '매운탕', '모듬회', '생선구이', '숙성회', '매운탕', '모듬회', '생선구이', '숙성회']",6,0,0,0,0,0,6,korean
강서면옥,"['꽃', '만두전골', '냉면', '갈비', '한우', '비빔냉면', '석쇠', '평양', '음식', '등심', '불고기', '왕', '맛집', '만두국', '함흥', '물냉면', '생', '이북', '회']",12,0,1,1,0,0,12,korean
진남회집,"['동작구', '초밥', '한잔', '회', '음식', '요리', '친구', '소주', '맛집', '매운탕', '수제비', '라면', '매운탕', '수제비', '라면']",8,0,2,0,0,0,8,korean
커피친구,"['드립커피', '여행', '노소', '공간', '음식', '휴식', '곳', '드립', '종로구', '맛집', '남녀', '핸드', '커피', '커피']",0,0,0,0,0,4,4,cafe
키다리아저씨,"['스콘', '빵', '버터', '음식', '쿠키', '코코넛', '마카롱', '커피', '케이크', '맛집']",0,0,0,1,1,6,6,cafe
원조이화감자국,"['맛집', '음식', '감자탕', '감자국', '부추전', '해장국', '파전', '수제비', '깍두기', '뼈다귀탕', '감자탕', '감자국', '부추전', '해장국', '파전', '수제비', '깍두기', '뼈다귀탕']",16,0,0,0,0,0,16,korean
상락원,"['한정식', '맛집', '분위기', '음식']",1,0,0,0,0,0,1,korean
더플레이스다이닝,"['트', '맛', '한우', '다이닝', '플레이', '연중', '음식', '무', '리조또', '에피타이저', '파스타', '피자', '분위기', '맛집', '해산물', '더', '디저트', '스테이크', '서울', '샐러드', '레이스']",2,0,1,6,0,1,6,west
비노인빌라,"['스테이크', '알리오', '파스타', '음식', '페투치', '봉골레', '서초구', '맛집']",0,0,0,5,0,0,5,west
강남목장,"['갈비살', '양념', '갈비', '등심', '살', '음식', '생', '차돌박이', '맛집']",5,0,0,1,0,0,5,korean
학림다방,"['맛집', '음식', '카페', '치즈케이크', '다방', '파르페', '케이크', '카페', '치즈케이크', '다방', '파르페', '케이크']",0,0,0,0,0,6,6,cafe
마지,"['서울시', '비주', '밥', '음식', '채식', '보유', '메뉴', '정식', '분위기', '서초구', '얼', '맛집', '한정식', '연잎밥', '냉면', '신선로', '표고버섯', '한정식', '연잎밥', '냉면', '신선로', '표고버섯']",10,0,0,0,0,0,10,korean
BK볏짚 우대갈비 장안동본점,"['동대문', '직화', '본점', '구이', '비', '갈비', '음식', '케이', '장안동', '볏짚', '우대', '맛집']",2,0,0,0,0,0,2,korean
풍류사랑,"['맛집', '음식', '탕', '탕']",2,0,0,0,0,0,2,korean
부빙,"['맛집', '팥빙수', '카페', '음식']",0,0,0,0,0,2,2,cafe
장프리고,"['동대문', '칵테일', '위스키', '서울', '카페', '음식', '핫', '소매', '바', '과일']",0,0,0,3,0,1,3,west
메이징에이,"['바베큐', '면보샤', '새우', '매우', '중구', '음식', '어향가', '음식점', '오렌지', '덕', '메이', '크림', '우수', '징', '등급', '맛집', '식품의약품안전처', '위생', '화', '서울', '듬', '기스면']",0,3,1,2,0,0,3,chinese
해품장팔팔장어,"['해품', '팔팔', '공릉', '음식', '노원구', '하계동', '장어', '공릉동', '맛집']",1,0,0,0,0,0,1,korean
은주정,"['음식', '쫄면', '저녁', '김치찌개', '맛집', '비빔']",2,0,0,0,0,0,2,korean
외양간,"['마포구', '갈비살', '육우', '노소', '안', '한잔', '한우', '음식', '생', '창살', '친구', '소주', '육회', '맛집', '안심', '남녀']",4,0,0,1,0,0,4,korean
레이지파머스,"['식물학', '여행', '구독', '코스', '파머스', '식당', '레이지', '음식', '터', '비건', '친구', '데이트', '이색', '양식']",0,0,0,1,0,0,1,west
아이해브어드림,"['신선로', '가래떡', '로', '화공', '림프', '딸기', '레스토랑', '음식', '연인', '쉬', '베리', '떡볶이', '피자', '파스타', '낙지', '맛집', '코', '육전', '운']",5,0,0,3,1,1,5,korean
모모야마,"['스시', '도시락', '밥', '머리', '연중', '서울', '음식', '야마', '정식', '맛집', '무', '도미']",0,0,1,0,0,0,1,japanese
코리아하우스,"['코리아', '한식', '양념', '안', '꽃살', '굴비', '갈비', '보리', '서울', '음식', '하우스', '맛집', '생', '치맛살', '스페셜', '등심', '창살', '꼬냑']",7,0,0,2,0,0,7,korean
한쿡 N서울타워,"['맛집', '음식', '고기', '메로구이', '한우', '갈비', '냉면', '찌개', '연어', '와인', '커피', '된장찌개', '호박죽', '갈치', '고기', '메로구이', '한우', '갈비', '냉면', '찌개', '연어', '와인', '커피', '된장찌개', '호박죽', '갈치']",12,0,2,2,0,2,12,korean
더 우리곱창,"['막창', '음식', '종로구', '곱창', '맛집']",2,0,0,0,0,0,2,korean
헤이더그린,"['숲', '힐링', '강서구', '카페', '음식', '반려견', '정원']",0,0,0,0,0,1,1,cafe
칠형제우리감자탕,"['서울', '추천', '음식', '감자탕', '뼈', '해장국', '공릉동', '맛집']",2,0,0,0,0,0,2,korean
오라이등심,"['동그랑땡', '추천', '서울', '갯장어', '음식', '종로구', '맛집']",2,0,0,0,0,0,2,korean
동경,"['광화문', '우동', '음식', '돈가스', '회관', '문화', '맛집', '세종', '동경']",1,0,3,1,0,0,3,japanese
황금정원,"['우이동', '음식', '황금정', '도봉구', '방학동', '맛집', '쌈밥']",1,0,0,0,0,0,1,korean
늘푸른목장 잠실본점,"['소고기', '갈비살', '늘', '푸른', '본점', '역', '경주', '송파', '음식', '잠실', '맛집', '목장']",3,0,0,0,0,0,3,korean
백제추어탕 본점,"['본점', '추어탕', '둔촌동', '음식', '강동구', '맛집', '농림축산식품부', '농림축산식품부']",3,0,0,0,0,0,3,korean
몽중헌 청담점,"['딤섬', '점', '역', '로데오거리', '식당', '압구정', '서울', '음식', '맛집', '청담', '몽', '청담동']",0,1,0,0,0,0,1,chinese
충남식당,"['동작구', '매운탕', '음식', '맛집', '서울시']",1,0,0,0,0,0,1,korean
도읍지,"['한식', '서울', '음식', '도읍', '수도권', '맛집']",1,0,0,0,0,0,1,korean
서울원조아구찜,"['종로', '서울', '음식', '아구찜', '해물찜', '맛집', '심야식당']",2,0,0,0,0,0,2,korean
프로퍼커피바2호점,"['베이커리', '프로', '추천', '카페', '빠', '음식', '바', '퍼', '방이동', '커피', '송파구', '대림']",0,0,0,1,0,3,3,cafe
우정,"['어묵', '우정', '해물뚝배기', '서울', '수도권', '음식', '닭발', '맛집', '떡볶이']",4,0,1,0,0,0,4,korean
제주국수,"['곰탕', '서울시', '제주', '영양', '비빔국수', '고기국수', '국수', '미니', '족발', '음식', '멸치', '닭', '맛집', '성동구']",6,0,0,0,0,0,6,korean
사동면옥,"['노소', '냉면', '왕만', '음식', '고기만', '손', '만두', '만둣국', '맛집', '남녀']",3,0,0,0,0,0,3,korean
두에꼬제,"['리조또', '파스타', '피자', '음식', '샐러드', '맛집']",0,0,0,4,0,0,4,west
진원조 닭한마리,"['한식', '닭', '전문점', '영양', '보양식', '음식', '요리', '마리', '죽', '맛집']",3,0,0,0,0,0,3,korean
호남집,"['청국장', '음식', '고등어', '구이', '삼치', '맛집', '꽁치']",4,0,0,0,0,0,4,korean
대풍간장게장생선구이,"['간장게장', '새우', '음식', '고등어', '맛집', '구이', '삼치', '간장']",3,0,0,0,0,0,3,korean
태조대림감자국,"['은평구', '한식', '노소', '양념', '한잔', '음식', '감자탕', '가족', '뼈', '친구', '소주', '구이', '맛집', '남녀']",4,0,0,0,0,0,4,korean
산띠 서교점,"['맛집', '서울', '음식', '치킨', '인도카레', '인도음식', '카레', ' 만두', '치킨', '인도카레', '인도음식', '카레', ' 만두']",2,0,0,0,6,0,6,etc
신옛찻집,"['맛집', '음식', '카페', '인절미', '한과', '찻집', '전통찻집', '카페', '인절미', '한과', '찻집', '전통찻집']",2,0,0,0,0,10,10,cafe
청해진(강동구),"['백년', '서울', '음식', '가게', '산낙지', '소개', '해물전', '맛집', '전골', '언론']",3,0,0,0,0,0,3,korean
마장갈비,"['돼지갈비', '삼겹살', '갈비', '왕', '내장', '음식', '생', '맛집']",3,0,0,0,0,0,3,korean
엘샌드위치 종로점,"['종로구', '샌드위치', '맛집', '음식', '아메리카노', '아메리카노']",0,0,0,1,0,3,3,cafe
허형만의 압구정커피집,"['맛집', '음식', '커피', '아메리카노', '드립커피', '라떼', '에스프레소', '핸드드립', '커피', '아메리카노', '드립커피', '라떼', '에스프레소', '핸드드립']",0,0,0,0,0,12,12,cafe
비스테까,"['파스타', '음식', '요리', '샐러드', '코스', '맛집']",0,0,0,2,0,0,2,west
함흥에겨울냉면,"['맛집', '음식', '냉면', '비빔냉면', '왕만두', '물만두', '수제만두', '회냉면', '냉면', '비빔냉면', '왕만두', '물만두', '수제만두', '회냉면']",12,0,0,0,0,0,12,korean
친니,"['친', '연중', '서울', '중식', '수도권', '음식', '맛집', '무']",0,1,0,0,0,0,1,chinese
장미삼계탕,"['장미', '서울특별시', '옻', '추어탕', '통', '중', '음식', '노원구', '노원', '각', '추어', '닭볶음탕', '맛집', '삼계탕', '튀김', '오리']",5,1,1,0,0,0,5,korean
오다리집,"['간장게장', '숯불', '양념', '삼겹살', '갈비', '음식', '돼지', '맛집']",3,0,0,0,0,0,3,korean
서석대,"['꽃', '주물', '특수', '등심', '한우', '음식', '맛집', '부위', '럭', '서초구', '육회', '서울시', '창살', '우안']",3,0,0,1,0,0,3,korean
산들애건강밥상,"['북한', '코다리', '애', '산들', '건강', '음식', '기행', '밥상', '산', '구이', '맛집']",2,0,0,0,0,0,2,korean
하이디라오 서초지점,"['서초', '강남', '하이디', '훠궈', '음식', '탕', '맛집']",1,2,0,0,0,0,2,chinese
명동부대찌개 명동황기족발,"['부대찌개', '중구', '서울특별시', '족발', '음식', '맛집']",2,0,0,0,0,0,2,korean
남포면옥,"['갈비탕', '어복', '노소', '냉면', '비빔냉면', '평양', '음식', '물냉면', '쟁반', '만두', '맛집', '남녀']",6,1,0,0,0,0,6,korean
진미평양냉면,"['제육', '미슐랭', '강남', '셰프', '냉면', '요미', '권', '미쉐린', '회', '평양', '음식', '만두', '맛집']",5,0,1,0,0,0,5,korean
아리랑,"['갈비살', '양념', '갈비', '음식', '맛집']",2,0,0,0,0,0,2,korean
금돼지식당,"['삼겹살', '식당', '금', '서울', '음식', '돼지', '맛집', '신당동', '심야식당']",1,0,0,0,0,0,1,korean
전주식당,"['청국장', '한식', '순두부', '갈치', '식당', '서울', '수도권', '음식', '외국인', '조림', '구이', '계란찜', '전주', '맛집', '된장찌개', '선호']",9,0,0,0,0,0,9,korean
전주유할머니비빔밥,"['한식', '할머니', '주유', '비빔밥', '서울', '음식', '수도권', '맛집']",2,0,0,0,0,0,2,korean
카페 폭포,"['피', '홍제천', '나들이', '여름', '홍은동', '감성', '카페', '서울', '서지', '추천', '음식', '폭포', '터', '인공', '휴가', '뷰', '사진']",0,0,0,0,0,1,1,cafe
국시집,"['국시', '한식', '노소', '성북구', '전문점', '전', '문어', '음식', '분위기', '한식당', '맛집', '남녀']",4,0,0,0,0,0,4,korean
갈비명가이상 돈암본관,"['본관', '이상', '이상돈', '갈비', '서울', '음식', '돈암', '맛집', '길음역']",1,0,0,0,0,0,1,korean
개화,"['맛집', '탕수육', '짜장면', '음식']",0,2,0,0,0,0,2,chinese
삼호복집 신촌,"['복고', '뚝배기', '매운탕', '맛', '음식', '맑은', '복', '맛집']",3,0,0,0,0,0,3,korean
해랑,"['튀김', '석화', '노소', '한잔', '새우', '음식', '낙지', '요리', '소주', '해물탕', '맛집', '해산물', '남녀']",5,1,2,0,0,0,5,korean
종가집,"['불낙', '곱창전골', '종로', '서울', '추천', '수도권', '음식', '종가', '집', '맛집', '전골']",3,0,0,0,0,0,3,korean
주은감자탕,"['녀석', '삼전동', '요미', '송파', '음식', '감자탕', '해장국', '회']",3,0,1,0,0,0,3,korean
신안촌,"['식품의약품안전처', '위생', '종로', '꾸리', '우수', '음식', '낙지', '음식점', '매우', '등급', '맛집']",1,0,0,0,0,0,1,korean
라브리,"['광화문역', '서울', '레스토랑', '음식', '프랑스', '외국', '맛집', '스테이크', '와인', '스테이크', '와인']",0,0,0,6,1,0,6,west
오우가,"['맛집', '쌈밥', '대나무', '음식']",1,0,0,0,0,0,1,korean
이닝,"['난자완스', '탕수육', '샥스핀', '새우', '음식', '찜', '어향가', '각종', '북경오리', '중화요리', '맛집', '짜장면']",1,7,0,0,1,0,7,chinese
박가네빈대떡,"['한식', '노소', '전문점', '빈대떡', '음식', '요리', '광장시장', '맛집', '남녀', '해물파전']",4,0,0,0,0,0,4,korean
원대구탕,"['대구', '장탕', '음식', '탕', '맛집']",1,0,0,0,0,0,1,korean
전통다원,"['여행', '힐링', '전통', '원', '차', '음식', '공간', '연인', '휴식', '곳', '맛집']",0,0,0,0,0,1,1,cafe
은호식당,"['설렁탕', '소머리국밥', '꼬리곰탕', '도가니탕', '도가니', '꼬리', '음식', '맛집', '토막', '수육', '찜']",7,0,0,0,0,0,7,korean
옛날중국집,"['탕수육', '음식', '짬뽕', '볶음밥', '맛집', '짜장면']",1,4,0,0,1,0,4,chinese
완차이,"['홍합', '탕수육', '음식', '짬뽕', '각종', '분위기', '중화요리', '맛집', '짜장면']",0,4,0,0,0,0,4,chinese
너비집,"['맛집', '음식', '갈비', '고기', '한우', '비빔밥', '돼지갈비', '갈비', '고기', '한우', '비빔밥', '돼지갈비']",8,0,0,0,0,0,8,korean
남원집,"['추천', '식사', '음식', '가족', '순대', '볶음', '곱창', '맛집']",3,0,0,0,0,0,3,korean
메종 드 라 카테고리,"['디저트', '빙수', '식당', '압구정', '초당', '음식', '메종드', '테라스', '브런치', '옥수수', '카테고리', '맛집', '청담동']",0,0,0,2,0,3,3,cafe
꼼떼 바베큐 둔촌본점,"['메이드', '스테이크', '바베큐', '바비큐', '본점', '둔촌동', '서울', '음식', '강동구', '꼼떼', '둔촌', '홈', '맛집']",0,0,0,3,0,0,3,west
마산옥,"['연포탕', '수육', '꽃게', '탕', '음식', '조림', '아귀찜', '아귀', '맛집']",5,0,0,0,0,0,5,korean
오향족발,"['오향', '족발', '서울', '수도권', '음식', '국', '맛집']",2,1,0,0,0,0,2,korean
봉피양 방이점,"['봉피', '냉면', '본점', '요미', '미쉐린', '양방', '갈비', '이점', '평양', '가이드', '회', '음식', '회식', '벽', '맛집']",4,0,1,0,0,0,4,korean
우스마니아,"['마니아', '치킨', '탄두리', '마샬', '드라이', '칠리', '연중', '우스', '서울', '수도권', '음식', '비프', '케밥', '맛집', '무']",1,0,0,2,4,0,4,etc
타볼로24,"['동대문', '뷔페', '종로', '음식', '볼', '메리어트', '호텔']",0,0,0,0,2,0,2,etc
뜰과다원,"['맛집', '음식', '쌍화차', '대추차', '팥빙수', '빙수', '전통차', '식혜', '망고빙수', '수정과', '한과', '쌍화차', '대추차', '팥빙수', '빙수', '전통차', '식혜', '망고빙수', '수정과', '한과']",6,0,0,0,0,16,16,cafe
안동할매청국장,"['회덮밥', '청국장', '한식', '순두부', '불뚝', '음식', '요리', '정식', '배기', '한식당', '맛집']",5,0,1,0,0,0,5,korean
고향풍천장어,"['여수', '한식', '구이', '풍천', '서울', '수도권', '탕', '음식', '바다장어', '장어', '고향', '맛집', '민물장어']",7,0,0,0,0,0,7,korean
린스시,"['초밥', '전문점', '참치', '음식', '요리', '코스', '맛집']",0,0,1,0,0,0,1,japanese
스시조,"['식품의약품안전처', '밥', '위생', '중구', '초밥', '서울', '우수', '음식', '음식점', '사시미', '매우', '장어', '등급']",1,0,2,0,0,0,2,japanese
역전회관,"['맛집', '한식', '서울', '음식']",1,0,0,0,0,0,1,korean
마포소문난원조족발,"['편육', '갑', '족발', '머리', '성비', '마포', '서울', '수도권', '연중', '음식', '고기', '국가', '맛집', '무']",2,0,0,0,0,0,2,korean
워킹온더클라우드,"['영등포구', '레스토랑', '음식', '요리', '분위기', '코스', '맛집', '샐러드바', '레스토랑', '브런치', '스테이크', '샐러드바', '레스토랑', '브런치', '스테이크']",0,0,0,9,3,2,9,west
니와,"['노소', '니', '타코야끼', '서울', '수도권', '음식', '친구', '일식', '맛집', '남녀', '오코노미야끼']",0,0,3,0,0,0,3,japanese
제비다방,"['맛집', '카페', '음식']",0,0,0,0,0,1,1,cafe
사랑채,"['서울시', '불낙', '한식', '파전', '갑', '된장', '비빔밥', '성비', '음식', '외국인', '한정식', '종로구', '맛집', '선호']",6,0,0,0,0,0,6,korean
루이,"['소고기', '해물', '밥', '중구', '자장면', '서울', '음식', '탕', '중국요리', '짬뽕', '고추', '분위기', '맛집', '잡채']",3,4,0,0,0,0,4,chinese
동해도 광화문,"['광화문', '스시', '동해', '뷔페', '중구', '식당', '음식', '회전초밥']",0,0,2,0,1,0,2,japanese
희락갈치,"['맛집', '음식', '갈치골목', '시장', '갈치', '생선구이', '갈치조림', '갈치골목', '시장', '갈치', '생선구이', '갈치조림']",10,0,0,0,0,0,10,korean
현대칼국수,"['중구', '추천', '서울', '음식', '멸치', '시청역', '칼국수', '육수', '맛집']",1,0,0,0,0,0,1,korean
장안동 먹깨비 간장게장 해물아구찜,"['해물', '깨비', '간장게장', '전문점', '음식', '장안동', '요리', '맛집']",1,0,0,0,0,0,1,korean
미림산장,"['우이동', '백숙', '계곡', '서울', '음식', '미림', '맛집', '산장']",1,0,0,0,0,0,1,korean
청담나인,"['강남', '탑', '이탈리안', '전망', '레스토랑', '카페', '음식', '바', '재즈', '루프']",0,0,0,3,1,1,3,west
신강양꼬치,"['꼬치', '맛집', '음식', '탕수육', '꿔바로우', '양고기', '고량주', '양꼬치', '탕수육', '꿔바로우', '양고기', '고량주', '양꼬치']",0,11,1,0,3,0,11,chinese
화니 신세계 강남점,"['식품의약품안전처', '위생', '서초', '비빔밥', '우수', '음식', '음식점', '매우', '등급', '전주', '맛집']",2,0,0,0,0,0,2,korean
돈까스잔치 동빙고점,"['점', '동빙고', '국수', '이촌', '왕', '서빙고', '돈까스', '잔치', '음식', '돈가스', '돈잔', '맛집']",3,0,2,2,0,0,3,korean
신촌 닭한마리 유닭스토리,"['닭', '음식', '요리', '신촌', '칼국수', '마리', '맛집']",1,0,0,0,0,0,1,korean
꼴라주,"['식품의약품안전처', '스테이크', '서초', '위생', '우수', '음식', '음식점', '매우', '등급', '맛집']",0,0,0,1,0,0,1,west
카나디안 랍스터,"['랍스터', '맛집', '서울', '음식']",0,0,0,1,0,0,1,west
청해진,"['회덮밥', '매운탕', '음식', '노량진', '회정', '생선회', '수산시장', '분위기', '회식', '장소', '맛집']",4,0,2,0,0,0,4,korean
한모네 순대국,"['맛집', '음식', '순대국', '순대', '곱창', '야채곱창', '국밥', '순대국밥', '순대볶음', '곱창볶음', '토종순대국', '술국', '모듬순대', '순대국', '순대', '곱창', '야채곱창', '국밥', '순대국밥', '순대볶음', '곱창볶음', '토종순대국', '술국', '모듬순대']",22,0,0,0,0,0,22,korean
마쯔야,"['식품의약품안전처', '위생', '중구', '일본', '우동', '초밥', '서울', '우수', '음식', '음식점', '매우', '등급', '맛집']",0,0,3,0,0,0,3,japanese
춘천집닭갈비막국수,"['닭갈비', '치즈', '국수', '음식', '낙지', '원조', '쟁반', '맛집']",3,0,0,1,0,1,3,korean
또순이원조순대,"['서울특별시', '추천', '서울', '음식', '순대', '볶음', '곱창', '맛집', '관악구']",3,0,0,0,0,0,3,korean
타지펠리스 이태원점,"['맛집', '음식', '치킨', '인도음식', '카레', '양고기', '디저트', '치킨', '인도음식', '카레', '양고기', '디저트']",2,2,0,2,6,2,6,etc
우리집떡볶이,"['맛집', '음식', '닭발', '쫄면', '떡볶이', '즉석떡볶이', '주먹밥', '닭발', '쫄면', '떡볶이', '즉석떡볶이', '주먹밥']",10,0,0,0,0,0,10,korean
비하인드,"['마포구', '그린', '카페', '카푸치노', '알', '카토', '음식', '카페라떼', '와인', '샌드위치', '아포', '맛집']",0,0,0,2,0,4,4,cafe
미니네,"['맛집', '음식', '닭발', '순대', '떡볶이', '즉석떡볶이', '쫄면', '만두', '순대', '라면', '주먹밥', '가정식백반', '날치알볶음밥', '계란찜', '닭발', '순대', '떡볶이', '즉석떡볶이', '쫄면', '만두', '순대', '라면', '주먹밥', '가정식백반', '날치알볶음밥', '계란찜']",24,0,0,0,0,0,24,korean
파툼,"['맛집', '음식', '카페', '커피', '아메리카노', '스무디', '라떼', '밀크티', '와인', '젤라또', '맥주', '케이크', '치즈', '치즈케이크', '아이스티', '바닐라라떼', '에이드', '티라미수', '카페', '커피', '아메리카노', '스무디', '라떼', '밀크티', '와인', '젤라또', '맥주', '케이크', '치즈', '치즈케이크', '아이스티', '바닐라라떼', '에이드', '티라미수']",0,0,0,6,0,28,28,cafe
노천파전,"['파전', '한치', '회', '알탕', '노천', '음식', '굴', '맛집']",5,0,1,0,0,0,5,korean
비타포,"['맛집', '음식', '쌀국수', '볶음밥', '짜조', '팟타이', '베트남쌀국수', '해산물쌀국수', '볶음면', '분짜', '쌀국수', '볶음밥', '짜조', '팟타이', '베트남쌀국수', '해산물쌀국수', '볶음면', '분짜']",2,2,0,0,16,0,16,etc
일미간장게장본점,"['동대문', '일미', '간장게장', '동대문구', '음식', '맛집', '상']",1,0,0,0,0,0,1,korean
홍루몽,"['찹쌀', '탕수육', '크림', '맛', '새우', '음식', '삼선짬뽕', '각종', '중화요리', '맛집']",1,3,0,1,0,0,3,chinese
뿌자,"['맛집', '음식', '탄두리치킨', '카레', '양고기', '만두', '사모사', '탄두리치킨', '카레', '양고기', '만두', '사모사']",2,2,0,0,8,0,8,etc
타마린드,"['소고기', '식품의약품안전처', '서초', '위생', '파스타', '베트남', '우수', '음식', '요리', '국적', '음식점', '매우', '월남쌈', '등급', '쌀국수', '맛집']",1,0,0,1,3,0,3,etc
중앙갈치식당,"['맛집', '음식', '갈치골목', '시장', '갈치', '생선구이', '갈치조림', '갈치골목', '시장', '갈치', '생선구이', '갈치조림']",10,0,0,0,0,0,10,korean
홍어명가,"['해물', '생선', '서울', '홍어회', '음식', '요리', '맛집']",1,0,0,0,0,0,1,korean
마포유가궁중족발,"['족발', '맛집', '서울', '음식']",1,0,0,0,0,0,1,korean
밀화,"['식품의약품안전처', '서초', '샤부샤부', '위생', '우수', '음식', '음식점', '매우', '등급', '맛집']",1,0,0,0,0,0,1,korean
아르모니움,"['스테이크', '이탈리아요리', '레스토랑', '음식', '이탈리아음식', '연인', '코', '한남동', '라비올리', '트러플', '맛집', '단호박', '베리']",0,0,0,6,1,0,6,west
초롱이고모부대찌개,"['부대찌개', '음식', '햄찜', '강동구', '부대', '맛집', '전골']",3,0,0,0,0,0,3,korean
파크 하얏트 서울 코너스톤,"['맛집', '음식', '피자', '디저트', '스테이크', '파스타', '양갈비', '샐러드', '커피', '안심', '와인', '랍스터', '샌드위치', '피자', '디저트', '스테이크', '파스타', '양갈비', '샐러드', '커피', '안심', '와인', '랍스터', '샌드위치']",0,0,0,20,0,6,20,west
손가네곰국수,"['맛집', '음식', '도가니탕', '비빔국수', '칼국수', '설렁탕', '수육', '설렁탕', '국수', '갈비탕', '불고기', '생선전', '곰탕', '배추김치', '부채살', '고기국수', '소불고기', '순두부', '게장', '도가니탕', '비빔국수', '칼국수', '설렁탕', '수육', '설렁탕', '국수', '갈비탕', '불고기', '생선전', '곰탕', '배추김치', '부채살', '고기국수', '소불고기', '순두부', '게장']",34,0,0,0,0,0,34,korean
메종 한남,"['스테이크', '메종', '한남', '레스토랑', '음식', '한강', '한남동', '뷰', '데이트', '맛집']",0,0,0,2,1,0,2,west
우성갈비,"['육류', '돼지갈비', '음식', '요리', '분위기', '껍데기', '고기', '맛집']",3,0,0,0,0,0,3,korean
챠크라 한남점,"['맛집', '음식', '탄두리치킨', '꼬치', '사모사', '양고기', '탄두리치킨', '꼬치', '사모사', '양고기']",0,4,2,0,8,0,8,etc
백마김씨네 도곡본점,"['도곡동', '숯불', '본점', '갈비', '음식', '김씨', '백마', '도곡']",1,0,0,0,0,0,1,korean
인터컨티넨탈 서울 코엑스 스카이 라운지,"['터프', '비발디', '앤', '로씨', '음식', '서프', '맛집', '피자', '디저트', '스테이크', '파스타', '양갈비', '샐러드', '커피', '안심', '와인', '랍스터', '샌드위치', '피자', '디저트', '스테이크', '파스타', '양갈비', '샐러드', '커피', '안심', '와인', '랍스터', '샌드위치']",0,0,0,20,0,6,20,west
서일순대국,"['요미', '국밥', '사거리', '대방천', '음식', '대방동', '맛집', '순대', '야채', '국', '대국', '회']",4,0,1,0,0,0,4,korean
알디프 티 바,"['티', '서울', '카페', '음식']",0,0,0,0,0,2,2,cafe
레스피레,"['슈페너', '코스', '유럽', '카페', '음식', '연인', '커피', '데이트']",0,0,0,1,0,3,3,cafe
도원스타일,"['식품의약품안전처', '위생', '강남', '우수', '음식', '중식', '요리', '음식점', '매우', '등급', '코스', '맛집']",0,1,0,0,0,0,1,chinese
비비브라운,"['브라운', '강남', '비비', '카페', '음식', '샌드위치', '수제', '청담동']",0,0,0,1,0,2,2,cafe
이끼롤까스 가로수길본점,"['고구마', '치킨', '버섯', '치즈', '까스', '돈까스', '음식', '롤', '스', '날치', '맛집']",2,0,1,3,0,1,3,west
1940금문,"['녀석', '대학로', '자장면', '추천', '음식', '혜화동', '노포', '시청자', '금문', '맛집']",0,1,0,0,0,0,1,chinese
코끼리베이글,"['베이글', '양평동', '서울', '음식', '코끼리', '맛집', '영등포']",0,0,0,0,0,1,1,cafe
알페도,"['베이커리', '디저트', '음식', '알페', '막', '카이', '터키', '세대', '맛집']",0,0,0,1,1,2,2,cafe
통일집,"['중구', '한우', '음식', '맛집', '서울시', '된장찌개']",2,0,0,0,0,0,2,korean
아야진생태찌개 본점,"['생태', '삼성동', '방송', '역', '찌개', '진', '음식', '탕', '봉은사', '맛집', '아야']",2,0,0,0,0,0,2,korean
히라메키,"['와사비', '토쿠', '끼', '베', '음식', '타코', '부손', '맛집', '교자', '오뎅']",0,0,3,1,0,0,3,japanese
하단,"['만두전골', '냉칼국수', '메밀', '음식', '만두', '맛집', '만두국']",5,0,0,0,0,0,5,korean
새만포면옥,"['은평구', '어복', '노소', '냉면', '백년', '서울', '음식', '평양', '친구', '쟁반', '맛집', '남녀', '가게', '불고기']",3,1,0,0,0,0,3,korean
황토추어탕,"['버섯', '추어탕', '음식', '강동구', '정식', '만두', '맛집', '추어']",3,0,0,0,0,0,3,korean
해담채 삼성점,"['강남', '해', '음식', '요리', '담채', '코스', '맛집']",2,0,0,0,0,0,2,korean
까사빠보 신세계백화점본점,"['식품의약품안전처', '밥', '위생', '중구', '서울', '우수', '음식', '함박스테이크', '음식점', '매우', '등급', '맛집', '민물장어', '경양식', '오므라이스', '벤또', '경양식', '오므라이스', '벤또']",3,0,7,0,0,0,7,japanese
포포인츠 바이 쉐라톤 조선 서울역 더 이터리,"['식품의약품안전처', '위생', '뷔페', '맛', '우수', '용산', '음식', '음식점', '매우', '등급', '맛집']",0,0,0,0,1,0,1,etc
오양회참치 광화문본점,"['초밥', '회', '음식', '회정', '전복죽', '생복탕', '분위기', '맛집', '참다랑어']",3,0,2,0,0,0,3,korean
h450,"['식품의약품안전처', '여행', '스테이크', '강남', '위생', '레스토랑', '우수', '음식', '연인', '음식점', '매우', '등급', '맛집', '양식']",0,0,0,3,1,0,3,west
