,tourist_spot,good_point,selected_people
0,여의도한강공원,"""뷰가 좋아요""","이 키워드를 선택한 인원
222"
1,여의도한강공원,"""산책로가 잘 되어있어요""","이 키워드를 선택한 인원
133"
2,여의도한강공원,"""사진이 잘 나와요""","이 키워드를 선택한 인원
112"
3,여의도한강공원,"""방문객이 많아요""","이 키워드를 선택한 인원
80"
4,여의도한강공원,"""볼거리가 많아요""","이 키워드를 선택한 인원
76"
5,여의도한강공원,"""관리가 잘 되어있어요""","이 키워드를 선택한 인원
68"
6,여의도한강공원,"""편의시설이 잘 되어있어요""","이 키워드를 선택한 인원
47"
7,여의도한강공원,"""주차하기 편해요""","이 키워드를 선택한 인원
32"
8,여의도한강공원,"""붐비지 않아요""","이 키워드를 선택한 인원
23"
9,여의도한강공원,"""먹거리가 풍부해요""","이 키워드를 선택한 인원
22"
10,여의도한강공원,"""피크닉하기 좋아요""","이 키워드를 선택한 인원
22"
11,여의도한강공원,"""자연 경관이 좋아요""","이 키워드를 선택한 인원
21"
12,여의도한강공원,"""규모가 커요""","이 키워드를 선택한 인원
12"
13,여의도한강공원,"""대중교통이 편해요""","이 키워드를 선택한 인원
11"
14,여의도한강공원,"""친절해요""","이 키워드를 선택한 인원
9"
15,여의도한강공원,"""가격이 합리적이에요""","이 키워드를 선택한 인원
9"
16,여의도한강공원,"""아이와 가기 좋아요""","이 키워드를 선택한 인원
7"
17,여의도한강공원,"""근처에 갈 곳이 많아요""","이 키워드를 선택한 인원
6"
18,여의도한강공원,"""반려동물과 가기 좋아요""","이 키워드를 선택한 인원
6"
19,여의도한강공원,"""조용히 쉬기 좋아요""","이 키워드를 선택한 인원
4"
20,여의도한강공원,"""체험 프로그램이 다양해요""","이 키워드를 선택한 인원
2"
21,여의도한강공원,"""트렌디해요""","이 키워드를 선택한 인원
2"
22,여의도한강공원,"""화장실이 깨끗해요""","이 키워드를 선택한 인원
1"
23,여의도한강공원,"""유익해요""","이 키워드를 선택한 인원
1"
24,남산골한옥마을,"""체험 프로그램이 다양해요""","이 키워드를 선택한 인원
236"
25,남산골한옥마을,"""아이와 가기 좋아요""","이 키워드를 선택한 인원
178"
26,남산골한옥마을,"""사진이 잘 나와요""","이 키워드를 선택한 인원
176"
27,남산골한옥마을,"""볼거리가 많아요""","이 키워드를 선택한 인원
143"
28,남산골한옥마을,"""산책로가 잘 되어있어요""","이 키워드를 선택한 인원
102"
29,남산골한옥마을,"""설명이 잘 되어있어요""","이 키워드를 선택한 인원
94"
30,남산골한옥마을,"""가격이 합리적이에요""","이 키워드를 선택한 인원
85"
31,남산골한옥마을,"""관리가 잘 되어있어요""","이 키워드를 선택한 인원
76"
32,남산골한옥마을,"""붐비지 않아요""","이 키워드를 선택한 인원
62"
33,남산골한옥마을,"""뷰가 좋아요""","이 키워드를 선택한 인원
52"
34,남산골한옥마을,"""대중교통이 편해요""","이 키워드를 선택한 인원
20"
35,남산골한옥마을,"""근처에 갈 곳이 많아요""","이 키워드를 선택한 인원
16"
36,남산골한옥마을,"""방문객이 많아요""","이 키워드를 선택한 인원
11"
37,남산골한옥마을,"""경관이 독특해요""","이 키워드를 선택한 인원
11"
38,남산골한옥마을,"""화장실이 깨끗해요""","이 키워드를 선택한 인원
9"
39,남산골한옥마을,"""주차하기 편해요""","이 키워드를 선택한 인원
3"
40,남산골한옥마을,"""규모가 커요""","이 키워드를 선택한 인원
3"
41,남산골한옥마을,"""편의시설이 잘 되어있어요""","이 키워드를 선택한 인원
2"
42,남산골한옥마을,"""야경이 멋져요""","이 키워드를 선택한 인원
2"
43,남산골한옥마을,"""반려동물과 가기 좋아요""","이 키워드를 선택한 인원
1"
44,경의선숲길,"""산책로가 잘 되어있어요""","이 키워드를 선택한 인원
46"
45,경의선숲길,"""뷰가 좋아요""","이 키워드를 선택한 인원
35"
46,경의선숲길,"""사진이 잘 나와요""","이 키워드를 선택한 인원
28"
47,경의선숲길,"""볼거리가 많아요""","이 키워드를 선택한 인원
19"
48,경의선숲길,"""관리가 잘 되어있어요""","이 키워드를 선택한 인원
15"
49,경의선숲길,"""방문객이 많아요""","이 키워드를 선택한 인원
13"
50,경의선숲길,"""먹거리가 풍부해요""","이 키워드를 선택한 인원
8"
51,경의선숲길,"""붐비지 않아요""","이 키워드를 선택한 인원
7"
52,경의선숲길,"""근처에 갈 곳이 많아요""","이 키워드를 선택한 인원
6"
53,경의선숲길,"""대중교통이 편해요""","이 키워드를 선택한 인원
6"
54,경의선숲길,"""자연 경관이 좋아요""","이 키워드를 선택한 인원
6"
55,경의선숲길,"""규모가 커요""","이 키워드를 선택한 인원
3"
56,경의선숲길,"""편의시설이 잘 되어있어요""","이 키워드를 선택한 인원
2"
57,경의선숲길,"""조용히 쉬기 좋아요""","이 키워드를 선택한 인원
1"
58,경의선숲길,"""아이와 가기 좋아요""","이 키워드를 선택한 인원
1"
59,서울공예박물관,"""전시 구성이 알차요""","이 키워드를 선택한 인원
135"
60,서울공예박물관,"""유익해요""","이 키워드를 선택한 인원
134"
61,서울공예박물관,"""전시 테마가 재밌어요""","이 키워드를 선택한 인원
82"
62,서울공예박물관,"""공간이 넓어요""","이 키워드를 선택한 인원
51"
63,서울공예박물관,"""설명이 잘 되어있어요""","이 키워드를 선택한 인원
48"
64,서울공예박물관,"""사진이 잘 나와요""","이 키워드를 선택한 인원
37"
65,서울공예박물관,"""가격이 합리적이에요""","이 키워드를 선택한 인원
34"
66,서울공예박물관,"""체험 프로그램이 다양해요""","이 키워드를 선택한 인원
31"
67,서울공예박물관,"""아이와 가기 좋아요""","이 키워드를 선택한 인원
30"
68,서울공예박물관,"""주차하기 편해요""","이 키워드를 선택한 인원
6"
69,서울공예박물관,"""뷰가 좋아요""",
70,서울공예박물관,"""컨셉이 독특해요""","이 키워드를 선택한 인원
1"
71,AK PLAZA 홍대,"""종류가 다양해요""","이 키워드를 선택한 인원
231"
72,AK PLAZA 홍대,"""가성비가 좋아요""","이 키워드를 선택한 인원
222"
73,AK PLAZA 홍대,"""친절해요""","이 키워드를 선택한 인원
203"
74,AK PLAZA 홍대,"""특색 있는 제품이 많아요""","이 키워드를 선택한 인원
182"
75,AK PLAZA 홍대,"""품질이 좋아요""","이 키워드를 선택한 인원
122"
76,AK PLAZA 홍대,"""매장이 넓어요""","이 키워드를 선택한 인원
112"
77,AK PLAZA 홍대,"""시설이 깔끔해요""","이 키워드를 선택한 인원
103"
78,AK PLAZA 홍대,"""분위기가 편안해요""","이 키워드를 선택한 인원
59"
79,AK PLAZA 홍대,"""비싼 만큼 가치있어요""","이 키워드를 선택한 인원
28"
80,AK PLAZA 홍대,"""주차하기 편해요""","이 키워드를 선택한 인원
24"
81,AK PLAZA 홍대,"""트렌디해요""","이 키워드를 선택한 인원
23"
82,AK PLAZA 홍대,"""예쁜 소품이 많아요""","이 키워드를 선택한 인원
12"
83,AK PLAZA 홍대,"""아기자기해요""","이 키워드를 선택한 인원
9"
84,AK PLAZA 홍대,"""신상품이 많아요""","이 키워드를 선택한 인원
6"
85,AK PLAZA 홍대,"""독특한 디자인이 많아요""","이 키워드를 선택한 인원
5"
86,AK PLAZA 홍대,"""컨셉이 독특해요""","이 키워드를 선택한 인원
4"
87,AK PLAZA 홍대,"""고급스러워요""","이 키워드를 선택한 인원
2"
88,AK PLAZA 홍대,"""인테리어가 멋져요""","이 키워드를 선택한 인원
1"
89,AK PLAZA 홍대,"""사이즈가 다양해요""","이 키워드를 선택한 인원
1"
108,서대문형무소역사관,"""유익해요""","이 키워드를 선택한 인원
1204"
109,서대문형무소역사관,"""전시 구성이 알차요""","이 키워드를 선택한 인원
608"
110,서대문형무소역사관,"""설명이 잘 되어있어요""","이 키워드를 선택한 인원
540"
111,서대문형무소역사관,"""아이와 가기 좋아요""","이 키워드를 선택한 인원
336"
112,서대문형무소역사관,"""공간이 넓어요""","이 키워드를 선택한 인원
251"
113,서대문형무소역사관,"""가격이 합리적이에요""","이 키워드를 선택한 인원
202"
114,서대문형무소역사관,"""전시 테마가 재밌어요""","이 키워드를 선택한 인원
162"
115,서대문형무소역사관,"""주차하기 편해요""","이 키워드를 선택한 인원
147"
116,서대문형무소역사관,"""체험 프로그램이 다양해요""","이 키워드를 선택한 인원
139"
117,서대문형무소역사관,"""사진이 잘 나와요""","이 키워드를 선택한 인원
80"
118,서대문형무소역사관,"""컨셉이 독특해요""","이 키워드를 선택한 인원
2"
119,서대문형무소역사관,"""화장실이 깨끗해요""","이 키워드를 선택한 인원
1"
120,광장시장,"""친절해요""","이 키워드를 선택한 인원
8"
121,광장시장,"""볼거리가 많아요""","이 키워드를 선택한 인원
6"
122,광장시장,"""방문객이 많아요""","이 키워드를 선택한 인원
3"
123,광장시장,"""먹거리가 풍부해요""","이 키워드를 선택한 인원
3"
124,광장시장,"""품질이 좋아요""","이 키워드를 선택한 인원
3"
125,광장시장,"""종류가 다양해요""","이 키워드를 선택한 인원
3"
126,광장시장,"""컨셉이 독특해요""","이 키워드를 선택한 인원
2"
127,광장시장,"""가성비가 좋아요""","이 키워드를 선택한 인원
2"
128,광장시장,"""분위기가 편안해요""","이 키워드를 선택한 인원
1"
129,광장시장,"""야시장이 잘 되어있어요""","이 키워드를 선택한 인원
1"
130,광장시장,"""비싼 만큼 가치있어요""","이 키워드를 선택한 인원
1"
131,광장시장,"""규모가 커요""","이 키워드를 선택한 인원
1"
132,광장시장,"""트렌디해요""","이 키워드를 선택한 인원
1"
133,반포대교 달빛무지개분수,"""뷰가 좋아요""","이 키워드를 선택한 인원
49"
134,반포대교 달빛무지개분수,"""방문객이 많아요""","이 키워드를 선택한 인원
32"
135,반포대교 달빛무지개분수,"""사진이 잘 나와요""","이 키워드를 선택한 인원
28"
136,반포대교 달빛무지개분수,"""산책로가 잘 되어있어요""","이 키워드를 선택한 인원
22"
137,반포대교 달빛무지개분수,"""볼거리가 많아요""","이 키워드를 선택한 인원
19"
138,반포대교 달빛무지개분수,"""관리가 잘 되어있어요""","이 키워드를 선택한 인원
8"
139,반포대교 달빛무지개분수,"""주차하기 편해요""","이 키워드를 선택한 인원
6"
140,반포대교 달빛무지개분수,"""피크닉하기 좋아요""","이 키워드를 선택한 인원
5"
141,반포대교 달빛무지개분수,"""편의시설이 잘 되어있어요""","이 키워드를 선택한 인원
2"
142,반포대교 달빛무지개분수,"""먹거리가 풍부해요""","이 키워드를 선택한 인원
2"
143,반포대교 달빛무지개분수,"""규모가 커요""","이 키워드를 선택한 인원
2"
144,반포대교 달빛무지개분수,"""조용히 쉬기 좋아요""","이 키워드를 선택한 인원
1"
145,반포대교 달빛무지개분수,"""아이와 가기 좋아요""","이 키워드를 선택한 인원
1"
146,반포대교 달빛무지개분수,"""자연 경관이 좋아요""","이 키워드를 선택한 인원
1"
147,반포대교 달빛무지개분수,"""트렌디해요""","이 키워드를 선택한 인원
1"
148,반포대교 달빛무지개분수,"""붐비지 않아요""","이 키워드를 선택한 인원
1"
149,반포대교 달빛무지개분수,"""유익해요""","이 키워드를 선택한 인원
1"
150,세빛섬,"""뷰가 좋아요""","이 키워드를 선택한 인원
41"
151,세빛섬,"""사진이 잘 나와요""","이 키워드를 선택한 인원
26"
152,세빛섬,"""주차하기 편해요""","이 키워드를 선택한 인원
13"
153,세빛섬,"""경관이 독특해요""","이 키워드를 선택한 인원
13"
154,세빛섬,"""볼거리가 많아요""","이 키워드를 선택한 인원
11"
155,세빛섬,"""붐비지 않아요""","이 키워드를 선택한 인원
7"
156,세빛섬,"""방문객이 많아요""","이 키워드를 선택한 인원
5"
157,세빛섬,"""화장실이 깨끗해요""","이 키워드를 선택한 인원
5"
158,세빛섬,"""피크닉하기 좋아요""","이 키워드를 선택한 인원
4"
159,세빛섬,"""대중교통이 편해요""","이 키워드를 선택한 인원
4"
160,세빛섬,"""산책로가 잘 되어있어요""","이 키워드를 선택한 인원
4"
161,세빛섬,"""편의시설이 잘 되어있어요""","이 키워드를 선택한 인원
3"
162,세빛섬,"""관리가 잘 되어있어요""","이 키워드를 선택한 인원
2"
163,세빛섬,"""근처에 갈 곳이 많아요""","이 키워드를 선택한 인원
2"
164,세빛섬,"""조용히 쉬기 좋아요""","이 키워드를 선택한 인원
1"
165,세빛섬,"""아이와 가기 좋아요""","이 키워드를 선택한 인원
1"
166,북악팔각정,"""뷰가 좋아요""","이 키워드를 선택한 인원
2206"
167,북악팔각정,"""산책로가 잘 되어있어요""","이 키워드를 선택한 인원
684"
168,북악팔각정,"""사진이 잘 나와요""","이 키워드를 선택한 인원
642"
169,북악팔각정,"""주차하기 편해요""","이 키워드를 선택한 인원
638"
170,북악팔각정,"""관리가 잘 되어있어요""","이 키워드를 선택한 인원
365"
171,북악팔각정,"""볼거리가 많아요""","이 키워드를 선택한 인원
305"
172,북악팔각정,"""편의시설이 잘 되어있어요""","이 키워드를 선택한 인원
199"
173,북악팔각정,"""방문객이 많아요""","이 키워드를 선택한 인원
128"
174,북악팔각정,"""가격이 합리적이에요""","이 키워드를 선택한 인원
107"
175,북악팔각정,"""붐비지 않아요""","이 키워드를 선택한 인원
96"
176,북악팔각정,"""먹거리가 풍부해요""","이 키워드를 선택한 인원
66"
177,북악팔각정,"""자연 경관이 좋아요""","이 키워드를 선택한 인원
54"
178,북악팔각정,"""체험 프로그램이 다양해요""","이 키워드를 선택한 인원
32"
179,북악팔각정,"""조용히 쉬기 좋아요""","이 키워드를 선택한 인원
14"
180,북악팔각정,"""친절해요""","이 키워드를 선택한 인원
6"
181,북악팔각정,"""반려동물과 가기 좋아요""","이 키워드를 선택한 인원
5"
182,북악팔각정,"""아이와 가기 좋아요""","이 키워드를 선택한 인원
4"
183,북악팔각정,"""규모가 커요""","이 키워드를 선택한 인원
4"
184,북악팔각정,"""화장실이 깨끗해요""","이 키워드를 선택한 인원
4"
185,북악팔각정,"""근처에 갈 곳이 많아요""","이 키워드를 선택한 인원
3"
186,북악팔각정,"""컨셉이 독특해요""","이 키워드를 선택한 인원
2"
187,월드컵공원,"""뷰가 좋아요""","이 키워드를 선택한 인원
207"
188,월드컵공원,"""산책로가 잘 되어있어요""","이 키워드를 선택한 인원
143"
189,월드컵공원,"""볼거리가 많아요""","이 키워드를 선택한 인원
107"
190,월드컵공원,"""주차하기 편해요""","이 키워드를 선택한 인원
94"
191,월드컵공원,"""관리가 잘 되어있어요""","이 키워드를 선택한 인원
83"
192,월드컵공원,"""편의시설이 잘 되어있어요""","이 키워드를 선택한 인원
78"
193,월드컵공원,"""사진이 잘 나와요""","이 키워드를 선택한 인원
57"
194,월드컵공원,"""가격이 합리적이에요""","이 키워드를 선택한 인원
22"
195,월드컵공원,"""먹거리가 풍부해요""","이 키워드를 선택한 인원
13"
196,월드컵공원,"""체험 프로그램이 다양해요""","이 키워드를 선택한 인원
10"
197,월드컵공원,"""붐비지 않아요""","이 키워드를 선택한 인원
8"
198,월드컵공원,"""방문객이 많아요""","이 키워드를 선택한 인원
5"
199,월드컵공원,"""반려동물과 가기 좋아요""","이 키워드를 선택한 인원
2"
200,월드컵공원,"""아이와 가기 좋아요""","이 키워드를 선택한 인원
1"
201,월드컵공원,"""대중교통이 편해요""","이 키워드를 선택한 인원
1"
202,월드컵공원,"""규모가 커요""","이 키워드를 선택한 인원
1"
203,월드컵공원,"""자연 경관이 좋아요""","이 키워드를 선택한 인원
1"
204,올림픽공원,"""뷰가 좋아요""","이 키워드를 선택한 인원
467"
205,올림픽공원,"""산책로가 잘 되어있어요""","이 키워드를 선택한 인원
373"
206,올림픽공원,"""관리가 잘 되어있어요""","이 키워드를 선택한 인원
220"
207,올림픽공원,"""사진이 잘 나와요""","이 키워드를 선택한 인원
197"
208,올림픽공원,"""볼거리가 많아요""","이 키워드를 선택한 인원
164"
209,올림픽공원,"""주차하기 편해요""","이 키워드를 선택한 인원
128"
210,올림픽공원,"""편의시설이 잘 되어있어요""","이 키워드를 선택한 인원
82"
211,올림픽공원,"""방문객이 많아요""","이 키워드를 선택한 인원
74"
212,올림픽공원,"""먹거리가 풍부해요""","이 키워드를 선택한 인원
74"
213,올림픽공원,"""붐비지 않아요""","이 키워드를 선택한 인원
61"
214,올림픽공원,"""가격이 합리적이에요""","이 키워드를 선택한 인원
46"
215,올림픽공원,"""자연 경관이 좋아요""","이 키워드를 선택한 인원
33"
216,올림픽공원,"""체험 프로그램이 다양해요""","이 키워드를 선택한 인원
19"
217,올림픽공원,"""반려동물과 가기 좋아요""","이 키워드를 선택한 인원
15"
218,올림픽공원,"""규모가 커요""","이 키워드를 선택한 인원
15"
219,올림픽공원,"""아이와 가기 좋아요""","이 키워드를 선택한 인원
13"
220,올림픽공원,"""피크닉하기 좋아요""","이 키워드를 선택한 인원
9"
221,올림픽공원,"""대중교통이 편해요""","이 키워드를 선택한 인원
6"
222,올림픽공원,"""조용히 쉬기 좋아요""","이 키워드를 선택한 인원
4"
223,올림픽공원,"""화장실이 깨끗해요""","이 키워드를 선택한 인원
4"
224,올림픽공원,"""친절해요""","이 키워드를 선택한 인원
2"
225,몽촌토성,"""사진이 잘 나와요""","이 키워드를 선택한 인원
14"
226,몽촌토성,"""붐비지 않아요""","이 키워드를 선택한 인원
11"
227,몽촌토성,"""산책로가 잘 되어있어요""","이 키워드를 선택한 인원
10"
228,몽촌토성,"""관리가 잘 되어있어요""","이 키워드를 선택한 인원
5"
229,몽촌토성,"""볼거리가 많아요""","이 키워드를 선택한 인원
3"
230,몽촌토성,"""아이와 가기 좋아요""","이 키워드를 선택한 인원
2"
231,몽촌토성,"""주차하기 편해요""","이 키워드를 선택한 인원
2"
232,몽촌토성,"""규모가 커요""","이 키워드를 선택한 인원
2"
233,몽촌토성,"""뷰가 좋아요""","이 키워드를 선택한 인원
2"
234,몽촌토성,"""야경이 멋져요""","이 키워드를 선택한 인원
1"
235,몽촌토성,"""가격이 합리적이에요""","이 키워드를 선택한 인원
1"
236,서대문자연사박물관,"""유익해요""","이 키워드를 선택한 인원
1425"
237,서대문자연사박물관,"""전시 구성이 알차요""","이 키워드를 선택한 인원
834"
238,서대문자연사박물관,"""아이와 가기 좋아요""","이 키워드를 선택한 인원
585"
239,서대문자연사박물관,"""전시 테마가 재밌어요""","이 키워드를 선택한 인원
526"
240,서대문자연사박물관,"""설명이 잘 되어있어요""","이 키워드를 선택한 인원
393"
241,서대문자연사박물관,"""체험 프로그램이 다양해요""","이 키워드를 선택한 인원
306"
242,서대문자연사박물관,"""주차하기 편해요""","이 키워드를 선택한 인원
301"
243,서대문자연사박물관,"""가격이 합리적이에요""","이 키워드를 선택한 인원
261"
244,서대문자연사박물관,"""공간이 넓어요""","이 키워드를 선택한 인원
225"
245,서대문자연사박물관,"""사진이 잘 나와요""","이 키워드를 선택한 인원
91"
246,서대문자연사박물관,"""화장실이 깨끗해요""","이 키워드를 선택한 인원
4"
247,서대문자연사박물관,"""컨셉이 독특해요""","이 키워드를 선택한 인원
2"
248,서대문자연사박물관,"""뷰가 좋아요""","이 키워드를 선택한 인원
2"
249,푸른수목원,"""산책로가 잘 되어있어요""","이 키워드를 선택한 인원
280"
250,푸른수목원,"""주차하기 편해요""","이 키워드를 선택한 인원
132"
251,푸른수목원,"""뷰가 좋아요""","이 키워드를 선택한 인원
103"
252,푸른수목원,"""볼거리가 많아요""","이 키워드를 선택한 인원
94"
253,푸른수목원,"""사진이 잘 나와요""","이 키워드를 선택한 인원
69"
254,푸른수목원,"""신기한 식물이 많아요""","이 키워드를 선택한 인원
61"
255,푸른수목원,"""화장실이 깨끗해요""","이 키워드를 선택한 인원
50"
256,푸른수목원,"""편의시설이 잘 되어있어요""","이 키워드를 선택한 인원
40"
257,푸른수목원,"""가격이 합리적이에요""","이 키워드를 선택한 인원
34"
258,푸른수목원,"""대중교통이 편해요""","이 키워드를 선택한 인원
8"
259,푸른수목원,"""아이와 가기 좋아요""","이 키워드를 선택한 인원
2"
260,푸른수목원,"""규모가 커요""","이 키워드를 선택한 인원
2"
261,푸른수목원,"""반려동물과 가기 좋아요""","이 키워드를 선택한 인원
1"
262,송파책박물관,"""주차하기 편해요""","이 키워드를 선택한 인원
230"
263,송파책박물관,"""유익해요""","이 키워드를 선택한 인원
178"
264,송파책박물관,"""공간이 넓어요""","이 키워드를 선택한 인원
122"
265,송파책박물관,"""전시 구성이 알차요""","이 키워드를 선택한 인원
90"
266,송파책박물관,"""아이와 가기 좋아요""","이 키워드를 선택한 인원
71"
267,송파책박물관,"""체험 프로그램이 다양해요""","이 키워드를 선택한 인원
61"
268,송파책박물관,"""전시 테마가 재밌어요""","이 키워드를 선택한 인원
56"
269,송파책박물관,"""가격이 합리적이에요""","이 키워드를 선택한 인원
52"
270,송파책박물관,"""설명이 잘 되어있어요""","이 키워드를 선택한 인원
39"
271,송파책박물관,"""사진이 잘 나와요""","이 키워드를 선택한 인원
18"
272,송파책박물관,"""화장실이 깨끗해요""","이 키워드를 선택한 인원
1"
273,숭례문,"""사진이 잘 나와요""","이 키워드를 선택한 인원
91"
274,숭례문,"""붐비지 않아요""","이 키워드를 선택한 인원
49"
275,숭례문,"""관리가 잘 되어있어요""","이 키워드를 선택한 인원
38"
276,숭례문,"""볼거리가 많아요""","이 키워드를 선택한 인원
30"
277,숭례문,"""뷰가 좋아요""","이 키워드를 선택한 인원
15"
278,숭례문,"""산책로가 잘 되어있어요""","이 키워드를 선택한 인원
11"
279,숭례문,"""아이와 가기 좋아요""","이 키워드를 선택한 인원
10"
280,숭례문,"""가격이 합리적이에요""","이 키워드를 선택한 인원
10"
281,숭례문,"""대중교통이 편해요""","이 키워드를 선택한 인원
10"
282,숭례문,"""근처에 갈 곳이 많아요""","이 키워드를 선택한 인원
9"
283,숭례문,"""야경이 멋져요""","이 키워드를 선택한 인원
9"
284,숭례문,"""설명이 잘 되어있어요""","이 키워드를 선택한 인원
8"
285,숭례문,"""주차하기 편해요""","이 키워드를 선택한 인원
8"
286,숭례문,"""체험 프로그램이 다양해요""","이 키워드를 선택한 인원
7"
287,숭례문,"""경관이 독특해요""","이 키워드를 선택한 인원
5"
288,숭례문,"""방문객이 많아요""","이 키워드를 선택한 인원
3"
289,숭례문,"""화장실이 깨끗해요""","이 키워드를 선택한 인원
3"
290,숭례문,"""편의시설이 잘 되어있어요""","이 키워드를 선택한 인원
1"
291,숭례문,"""규모가 커요""","이 키워드를 선택한 인원
1"
292,와룡공원,"""뷰가 좋아요""","이 키워드를 선택한 인원
7"
293,와룡공원,"""산책로가 잘 되어있어요""","이 키워드를 선택한 인원
6"
294,와룡공원,"""사진이 잘 나와요""","이 키워드를 선택한 인원
3"
295,와룡공원,"""붐비지 않아요""","이 키워드를 선택한 인원
3"
296,와룡공원,"""볼거리가 많아요""","이 키워드를 선택한 인원
2"
297,와룡공원,"""방문객이 많아요""","이 키워드를 선택한 인원
1"
298,와룡공원,"""편의시설이 잘 되어있어요""","이 키워드를 선택한 인원
1"
299,와룡공원,"""조용히 쉬기 좋아요""","이 키워드를 선택한 인원
1"
300,와룡공원,"""아이와 가기 좋아요""","이 키워드를 선택한 인원
1"
301,와룡공원,"""관리가 잘 되어있어요""","이 키워드를 선택한 인원
1"
302,와룡공원,"""주차하기 편해요""","이 키워드를 선택한 인원
1"
303,와룡공원,"""자연 경관이 좋아요""","이 키워드를 선택한 인원
1"
304,방학동도깨비시장,"""친절해요""","이 키워드를 선택한 인원
21"
305,방학동도깨비시장,"""품질이 좋아요""","이 키워드를 선택한 인원
11"
306,방학동도깨비시장,"""종류가 다양해요""","이 키워드를 선택한 인원
10"
307,방학동도깨비시장,"""가성비가 좋아요""","이 키워드를 선택한 인원
8"
308,방학동도깨비시장,"""특색 있는 제품이 많아요""","이 키워드를 선택한 인원
3"
309,방학동도깨비시장,"""볼거리가 많아요""","이 키워드를 선택한 인원
2"
310,방학동도깨비시장,"""매장이 넓어요""","이 키워드를 선택한 인원
2"
311,방학동도깨비시장,"""시설이 깔끔해요""","이 키워드를 선택한 인원
1"
312,방학동도깨비시장,"""먹거리가 풍부해요""","이 키워드를 선택한 인원
1"
313,방학동도깨비시장,"""분위기가 편안해요""","이 키워드를 선택한 인원
1"
314,방학동도깨비시장,"""주차하기 편해요""","이 키워드를 선택한 인원
1"
315,방학동도깨비시장,"""트렌디해요""","이 키워드를 선택한 인원
1"
316,몽마르뜨공원,"""뷰가 좋아요""","이 키워드를 선택한 인원
14"
317,몽마르뜨공원,"""산책로가 잘 되어있어요""","이 키워드를 선택한 인원
13"
318,몽마르뜨공원,"""관리가 잘 되어있어요""","이 키워드를 선택한 인원
6"
319,몽마르뜨공원,"""붐비지 않아요""","이 키워드를 선택한 인원
5"
320,몽마르뜨공원,"""볼거리가 많아요""","이 키워드를 선택한 인원
4"
321,몽마르뜨공원,"""자연 경관이 좋아요""","이 키워드를 선택한 인원
3"
322,몽마르뜨공원,"""근처에 갈 곳이 많아요""","이 키워드를 선택한 인원
2"
323,몽마르뜨공원,"""사진이 잘 나와요""","이 키워드를 선택한 인원
2"
324,몽마르뜨공원,"""방문객이 많아요""","이 키워드를 선택한 인원
1"
325,몽마르뜨공원,"""편의시설이 잘 되어있어요""","이 키워드를 선택한 인원
1"
326,몽마르뜨공원,"""먹거리가 풍부해요""","이 키워드를 선택한 인원
1"
327,몽마르뜨공원,"""조용히 쉬기 좋아요""","이 키워드를 선택한 인원
1"
328,몽마르뜨공원,"""주차하기 편해요""","이 키워드를 선택한 인원
1"
329,몽마르뜨공원,"""대중교통이 편해요""","이 키워드를 선택한 인원
1"
330,이순신장군동상,"""사진이 잘 나와요""","이 키워드를 선택한 인원
19"
331,이순신장군동상,"""볼거리가 많아요""","이 키워드를 선택한 인원
10"
332,이순신장군동상,"""관리가 잘 되어있어요""","이 키워드를 선택한 인원
6"
333,이순신장군동상,"""야경이 멋져요""","이 키워드를 선택한 인원
6"
334,이순신장군동상,"""아이와 가기 좋아요""","이 키워드를 선택한 인원
5"
335,이순신장군동상,"""경관이 독특해요""","이 키워드를 선택한 인원
5"
336,이순신장군동상,"""붐비지 않아요""","이 키워드를 선택한 인원
5"
337,이순신장군동상,"""뷰가 좋아요""","이 키워드를 선택한 인원
4"
338,이순신장군동상,"""근처에 갈 곳이 많아요""","이 키워드를 선택한 인원
3"
339,이순신장군동상,"""가격이 합리적이에요""","이 키워드를 선택한 인원
2"
340,이순신장군동상,"""체험 프로그램이 다양해요""","이 키워드를 선택한 인원
2"
341,이순신장군동상,"""규모가 커요""","이 키워드를 선택한 인원
2"
342,이순신장군동상,"""산책로가 잘 되어있어요""","이 키워드를 선택한 인원
2"
343,이순신장군동상,"""방문객이 많아요""","이 키워드를 선택한 인원
1"
344,이순신장군동상,"""설명이 잘 되어있어요""","이 키워드를 선택한 인원
1"
345,이순신장군동상,"""주차하기 편해요""","이 키워드를 선택한 인원
1"
346,이순신장군동상,"""대중교통이 편해요""","이 키워드를 선택한 인원
1"
347,이순신장군동상,"""화장실이 깨끗해요""","이 키워드를 선택한 인원
1"
348,채그로,"""뷰가 좋아요""","이 키워드를 선택한 인원
146"
349,채그로,"""집중하기 좋아요""","이 키워드를 선택한 인원
62"
350,채그로,"""읽을만한 책이 많아요""","이 키워드를 선택한 인원
61"
351,채그로,"""인테리어가 멋져요""","이 키워드를 선택한 인원
60"
352,채그로,"""커피가 맛있어요""","이 키워드를 선택한 인원
39"
353,채그로,"""좌석이 편해요""","이 키워드를 선택한 인원
37"
354,채그로,"""사진이 잘 나와요""","이 키워드를 선택한 인원
34"
355,채그로,"""대화하기 좋아요""","이 키워드를 선택한 인원
34"
356,채그로,"""음료가 맛있어요""","이 키워드를 선택한 인원
29"
357,채그로,"""친절해요""","이 키워드를 선택한 인원
24"
358,채그로,"""화장실이 깨끗해요""","이 키워드를 선택한 인원
15"
359,채그로,"""디저트가 맛있어요""","이 키워드를 선택한 인원
13"
360,채그로,"""가성비가 좋아요""","이 키워드를 선택한 인원
7"
361,채그로,"""주차하기 편해요""","이 키워드를 선택한 인원
5"
362,채그로,"""특별한 메뉴가 있어요""","이 키워드를 선택한 인원
5"
363,채그로,"""아늑해요""","이 키워드를 선택한 인원
4"
364,채그로,"""차분한 분위기에요""","이 키워드를 선택한 인원
1"
365,채그로,"""매장이 넓어요""","이 키워드를 선택한 인원
1"
366,채그로,"""매장이 청결해요""","이 키워드를 선택한 인원
1"
367,채그로,"""건강한 맛이에요""","이 키워드를 선택한 인원
1"
368,롯데월드몰,"""종류가 다양해요""","이 키워드를 선택한 인원
885"
369,롯데월드몰,"""친절해요""","이 키워드를 선택한 인원
696"
370,롯데월드몰,"""매장이 넓어요""","이 키워드를 선택한 인원
634"
371,롯데월드몰,"""가성비가 좋아요""","이 키워드를 선택한 인원
608"
372,롯데월드몰,"""시설이 깔끔해요""","이 키워드를 선택한 인원
506"
373,롯데월드몰,"""품질이 좋아요""","이 키워드를 선택한 인원
473"
374,롯데월드몰,"""분위기가 편안해요""","이 키워드를 선택한 인원
369"
375,롯데월드몰,"""특색 있는 제품이 많아요""","이 키워드를 선택한 인원
273"
376,롯데월드몰,"""주차하기 편해요""","이 키워드를 선택한 인원
210"
377,롯데월드몰,"""비싼 만큼 가치있어요""","이 키워드를 선택한 인원
146"
378,롯데월드몰,"""트렌디해요""","이 키워드를 선택한 인원
14"
379,롯데월드몰,"""신상품이 많아요""","이 키워드를 선택한 인원
7"
380,롯데월드몰,"""예쁜 소품이 많아요""","이 키워드를 선택한 인원
5"
381,롯데월드몰,"""선물하기 좋아요""","이 키워드를 선택한 인원
4"
382,롯데월드몰,"""고급스러워요""","이 키워드를 선택한 인원
4"
383,롯데월드몰,"""사진이 잘 나와요""","이 키워드를 선택한 인원
4"
384,롯데월드몰,"""컨셉이 독특해요""","이 키워드를 선택한 인원
3"
385,롯데월드몰,"""아기자기해요""","이 키워드를 선택한 인원
2"
386,롯데월드몰,"""인테리어가 멋져요""","이 키워드를 선택한 인원
2"
387,롯데월드몰,"""설명이 자세해요""","이 키워드를 선택한 인원
1"
388,롯데월드몰,"""포장이 정성스러워요""","이 키워드를 선택한 인원
1"
389,롯데호텔 월드,"""친절해요""","이 키워드를 선택한 인원
2406"
390,롯데호텔 월드,"""즐길 거리가 많아요""","이 키워드를 선택한 인원
1506"
391,롯데호텔 월드,"""깨끗해요""","이 키워드를 선택한 인원
1269"
392,롯데호텔 월드,"""주차하기 편해요""","이 키워드를 선택한 인원
744"
393,롯데호텔 월드,"""침구가 좋아요""","이 키워드를 선택한 인원
711"
394,롯데호텔 월드,"""사진이 잘 나와요""","이 키워드를 선택한 인원
658"
395,롯데호텔 월드,"""대중교통이 편해요""","이 키워드를 선택한 인원
594"
396,롯데호텔 월드,"""뷰가 좋아요""","이 키워드를 선택한 인원
536"
397,롯데호텔 월드,"""호캉스하기 좋아요""","이 키워드를 선택한 인원
441"
398,롯데호텔 월드,"""인테리어가 멋져요""","이 키워드를 선택한 인원
330"
399,롯데호텔 월드,"""조용히 쉬기 좋아요""","이 키워드를 선택한 인원
321"
400,롯데호텔 월드,"""냉난방이 잘돼요""","이 키워드를 선택한 인원
316"
401,롯데호텔 월드,"""방음이 잘돼요""","이 키워드를 선택한 인원
272"
402,롯데호텔 월드,"""조식이 맛있어요""","이 키워드를 선택한 인원
207"
403,롯데호텔 월드,"""수영장이 잘 되어있어요""","이 키워드를 선택한 인원
84"
404,롯데호텔 월드,"""아이와 가기 좋아요""","이 키워드를 선택한 인원
18"
405,롯데호텔 월드,"""화장실이 잘 되어있어요""","이 키워드를 선택한 인원
4"
406,롯데호텔 월드,"""컨셉이 독특해요""","이 키워드를 선택한 인원
3"
407,롯데호텔 월드,"""근처에 갈 곳이 많아요""","이 키워드를 선택한 인원
3"
408,롯데호텔 월드,"""벌레 걱정 없어요""","이 키워드를 선택한 인원
3"
409,롯데호텔 월드,"""편의시설이 잘 되어있어요""","이 키워드를 선택한 인원
2"
410,롯데호텔 월드,"""룸서비스가 잘 되어있어요""","이 키워드를 선택한 인원
2"
411,롯데호텔 월드,"""보안시설이 잘 되어있어요""","이 키워드를 선택한 인원
2"
412,롯데호텔 월드,"""가성비가 좋아요""","이 키워드를 선택한 인원
1"
413,롯데호텔 월드,"""스파하기 좋아요""","이 키워드를 선택한 인원
1"
414,인왕산,"""뷰가 좋아요""","이 키워드를 선택한 인원
119"
415,인왕산,"""사진이 잘 나와요""","이 키워드를 선택한 인원
79"
416,인왕산,"""경관이 독특해요""","이 키워드를 선택한 인원
42"
417,인왕산,"""대중교통이 편해요""","이 키워드를 선택한 인원
29"
418,인왕산,"""볼거리가 많아요""","이 키워드를 선택한 인원
25"
419,인왕산,"""근처에 갈 곳이 많아요""","이 키워드를 선택한 인원
25"
420,인왕산,"""산책로가 잘 되어있어요""","이 키워드를 선택한 인원
21"
421,인왕산,"""방문객이 많아요""","이 키워드를 선택한 인원
17"
422,인왕산,"""붐비지 않아요""","이 키워드를 선택한 인원
11"
423,인왕산,"""편의시설이 잘 되어있어요""","이 키워드를 선택한 인원
5"
424,인왕산,"""관리가 잘 되어있어요""","이 키워드를 선택한 인원
4"
425,인왕산,"""화장실이 깨끗해요""","이 키워드를 선택한 인원
3"
426,인왕산,"""조용히 쉬기 좋아요""","이 키워드를 선택한 인원
2"
427,인왕산,"""규모가 커요""","이 키워드를 선택한 인원
2"
428,인왕산,"""코스가 길어요""","이 키워드를 선택한 인원
1"
429,인왕산,"""먹거리가 풍부해요""","이 키워드를 선택한 인원
1"
430,인왕산,"""주차하기 편해요""","이 키워드를 선택한 인원
1"
431,인왕산,"""반려동물과 가기 좋아요""","이 키워드를 선택한 인원
1"
432,한강시민공원 뚝섬지구,"""뷰가 좋아요""","이 키워드를 선택한 인원
121"
433,한강시민공원 뚝섬지구,"""산책로가 잘 되어있어요""","이 키워드를 선택한 인원
81"
434,한강시민공원 뚝섬지구,"""사진이 잘 나와요""","이 키워드를 선택한 인원
59"
435,한강시민공원 뚝섬지구,"""볼거리가 많아요""","이 키워드를 선택한 인원
47"
436,한강시민공원 뚝섬지구,"""관리가 잘 되어있어요""","이 키워드를 선택한 인원
42"
437,한강시민공원 뚝섬지구,"""방문객이 많아요""","이 키워드를 선택한 인원
40"
438,한강시민공원 뚝섬지구,"""편의시설이 잘 되어있어요""","이 키워드를 선택한 인원
19"
439,한강시민공원 뚝섬지구,"""자연 경관이 좋아요""","이 키워드를 선택한 인원
16"
440,한강시민공원 뚝섬지구,"""붐비지 않아요""","이 키워드를 선택한 인원
16"
441,한강시민공원 뚝섬지구,"""주차하기 편해요""","이 키워드를 선택한 인원
15"
442,한강시민공원 뚝섬지구,"""피크닉하기 좋아요""","이 키워드를 선택한 인원
11"
443,한강시민공원 뚝섬지구,"""반려동물과 가기 좋아요""","이 키워드를 선택한 인원
9"
444,한강시민공원 뚝섬지구,"""조용히 쉬기 좋아요""","이 키워드를 선택한 인원
7"
445,한강시민공원 뚝섬지구,"""아이와 가기 좋아요""","이 키워드를 선택한 인원
7"
446,한강시민공원 뚝섬지구,"""대중교통이 편해요""","이 키워드를 선택한 인원
7"
447,한강시민공원 뚝섬지구,"""규모가 커요""","이 키워드를 선택한 인원
7"
448,한강시민공원 뚝섬지구,"""먹거리가 풍부해요""","이 키워드를 선택한 인원
6"
449,한강시민공원 뚝섬지구,"""가격이 합리적이에요""","이 키워드를 선택한 인원
4"
450,한강시민공원 뚝섬지구,"""체험 프로그램이 다양해요""","이 키워드를 선택한 인원
3"
451,한강시민공원 뚝섬지구,"""컨셉이 독특해요""","이 키워드를 선택한 인원
1"
452,한강시민공원 뚝섬지구,"""친절해요""","이 키워드를 선택한 인원
1"
453,한강시민공원 뚝섬지구,"""근처에 갈 곳이 많아요""","이 키워드를 선택한 인원
1"
454,한강시민공원 뚝섬지구,"""화장실이 깨끗해요""","이 키워드를 선택한 인원
1"
455,종묘,"""사진이 잘 나와요""","이 키워드를 선택한 인원
359"
456,종묘,"""산책로가 잘 되어있어요""","이 키워드를 선택한 인원
280"
457,종묘,"""볼거리가 많아요""","이 키워드를 선택한 인원
250"
458,종묘,"""붐비지 않아요""","이 키워드를 선택한 인원
231"
459,종묘,"""관리가 잘 되어있어요""","이 키워드를 선택한 인원
174"
460,종묘,"""가격이 합리적이에요""","이 키워드를 선택한 인원
155"
461,종묘,"""설명이 잘 되어있어요""","이 키워드를 선택한 인원
132"
462,종묘,"""아이와 가기 좋아요""","이 키워드를 선택한 인원
77"
463,종묘,"""체험 프로그램이 다양해요""","이 키워드를 선택한 인원
72"
464,종묘,"""뷰가 좋아요""","이 키워드를 선택한 인원
53"
465,종묘,"""주차하기 편해요""","이 키워드를 선택한 인원
48"
466,종묘,"""규모가 커요""","이 키워드를 선택한 인원
16"
467,종묘,"""방문객이 많아요""","이 키워드를 선택한 인원
14"
468,종묘,"""대중교통이 편해요""","이 키워드를 선택한 인원
12"
469,종묘,"""근처에 갈 곳이 많아요""","이 키워드를 선택한 인원
9"
470,종묘,"""경관이 독특해요""","이 키워드를 선택한 인원
8"
471,종묘,"""화장실이 깨끗해요""","이 키워드를 선택한 인원
6"
472,종묘,"""편의시설이 잘 되어있어요""","이 키워드를 선택한 인원
1"
473,종묘,"""반려동물과 가기 좋아요""","이 키워드를 선택한 인원
1"
474,불암산,"""뷰가 좋아요""","이 키워드를 선택한 인원
61"
475,불암산,"""사진이 잘 나와요""","이 키워드를 선택한 인원
34"
476,불암산,"""경관이 독특해요""","이 키워드를 선택한 인원
19"
477,불암산,"""볼거리가 많아요""","이 키워드를 선택한 인원
15"
478,불암산,"""대중교통이 편해요""","이 키워드를 선택한 인원
14"
479,불암산,"""붐비지 않아요""","이 키워드를 선택한 인원
12"
480,불암산,"""주차하기 편해요""","이 키워드를 선택한 인원
10"
481,불암산,"""산책로가 잘 되어있어요""","이 키워드를 선택한 인원
9"
482,불암산,"""화장실이 깨끗해요""","이 키워드를 선택한 인원
6"
483,불암산,"""방문객이 많아요""","이 키워드를 선택한 인원
4"
484,불암산,"""조용히 쉬기 좋아요""","이 키워드를 선택한 인원
4"
485,불암산,"""편의시설이 잘 되어있어요""","이 키워드를 선택한 인원
3"
486,불암산,"""코스가 길어요""","이 키워드를 선택한 인원
1"
487,불암산,"""관리가 잘 되어있어요""","이 키워드를 선택한 인원
1"
488,불암산,"""아이와 가기 좋아요""","이 키워드를 선택한 인원
1"
489,불암산,"""근처에 갈 곳이 많아요""","이 키워드를 선택한 인원
1"
490,통인시장,"""친절해요""","이 키워드를 선택한 인원
76"
491,통인시장,"""특색 있는 제품이 많아요""","이 키워드를 선택한 인원
55"
492,통인시장,"""종류가 다양해요""","이 키워드를 선택한 인원
54"
493,통인시장,"""볼거리가 많아요""","이 키워드를 선택한 인원
47"
494,통인시장,"""컨셉이 독특해요""","이 키워드를 선택한 인원
43"
495,통인시장,"""가성비가 좋아요""","이 키워드를 선택한 인원
35"
496,통인시장,"""분위기가 편안해요""","이 키워드를 선택한 인원
27"
497,통인시장,"""먹거리가 풍부해요""","이 키워드를 선택한 인원
18"
498,통인시장,"""품질이 좋아요""","이 키워드를 선택한 인원
13"
499,통인시장,"""방문객이 많아요""","이 키워드를 선택한 인원
6"
500,통인시장,"""시설이 깔끔해요""","이 키워드를 선택한 인원
6"
501,통인시장,"""트렌디해요""","이 키워드를 선택한 인원
6"
502,통인시장,"""야시장이 잘 되어있어요""","이 키워드를 선택한 인원
5"
503,통인시장,"""매장이 넓어요""","이 키워드를 선택한 인원
5"
504,통인시장,"""아이와 가기 좋아요""","이 키워드를 선택한 인원
4"
505,통인시장,"""비싼 만큼 가치있어요""","이 키워드를 선택한 인원
3"
506,통인시장,"""주차하기 편해요""","이 키워드를 선택한 인원
2"
507,소소한 풍경,"""음식이 맛있어요""","이 키워드를 선택한 인원
367"
508,소소한 풍경,"""특별한 메뉴가 있어요""","이 키워드를 선택한 인원
171"
509,소소한 풍경,"""친절해요""","이 키워드를 선택한 인원
150"
510,소소한 풍경,"""재료가 신선해요""","이 키워드를 선택한 인원
143"
511,소소한 풍경,"""인테리어가 멋져요""","이 키워드를 선택한 인원
117"
512,소소한 풍경,"""뷰가 좋아요""","이 키워드를 선택한 인원
114"
513,소소한 풍경,"""특별한 날 가기 좋아요""","이 키워드를 선택한 인원
102"
514,소소한 풍경,"""매장이 청결해요""","이 키워드를 선택한 인원
55"
515,소소한 풍경,"""가성비가 좋아요""","이 키워드를 선택한 인원
48"
516,소소한 풍경,"""단체모임 하기 좋아요""","이 키워드를 선택한 인원
41"
517,소소한 풍경,"""양이 많아요""","이 키워드를 선택한 인원
39"
518,소소한 풍경,"""매장이 넓어요""","이 키워드를 선택한 인원
36"
519,소소한 풍경,"""화장실이 깨끗해요""","이 키워드를 선택한 인원
18"
520,소소한 풍경,"""건강한 맛이에요""","이 키워드를 선택한 인원
8"
521,소소한 풍경,"""메뉴 구성이 알차요""","이 키워드를 선택한 인원
5"
522,소소한 풍경,"""야외 공간이 멋져요""","이 키워드를 선택한 인원
5"
523,소소한 풍경,"""차분한 분위기에요""","이 키워드를 선택한 인원
3"
524,소소한 풍경,"""혼밥하기 좋아요""","이 키워드를 선택한 인원
3"
525,소소한 풍경,"""주차하기 편해요""","이 키워드를 선택한 인원
3"
526,소소한 풍경,"""아늑해요""","이 키워드를 선택한 인원
2"
527,소소한 풍경,"""반찬이 잘 나와요""","이 키워드를 선택한 인원
2"
528,소소한 풍경,"""컨셉이 독특해요""","이 키워드를 선택한 인원
1"
529,소소한 풍경,"""코스요리가 알차요""","이 키워드를 선택한 인원
1"
530,소소한 풍경,"""음식이 빨리 나와요""","이 키워드를 선택한 인원
1"
531,소소한 풍경,"""사진이 잘 나와요""","이 키워드를 선택한 인원
1"
532,소소한 풍경,"""대화하기 좋아요""","이 키워드를 선택한 인원
1"
533,청와대사랑채,"""유익해요""","이 키워드를 선택한 인원
376"
534,청와대사랑채,"""전시 구성이 알차요""","이 키워드를 선택한 인원
247"
535,청와대사랑채,"""설명이 잘 되어있어요""","이 키워드를 선택한 인원
181"
536,청와대사랑채,"""전시 테마가 재밌어요""","이 키워드를 선택한 인원
172"
537,청와대사랑채,"""공간이 넓어요""","이 키워드를 선택한 인원
141"
538,청와대사랑채,"""체험 프로그램이 다양해요""","이 키워드를 선택한 인원
121"
539,청와대사랑채,"""가격이 합리적이에요""","이 키워드를 선택한 인원
119"
540,청와대사랑채,"""주차하기 편해요""","이 키워드를 선택한 인원
105"
541,청와대사랑채,"""사진이 잘 나와요""","이 키워드를 선택한 인원
99"
542,청와대사랑채,"""아이와 가기 좋아요""","이 키워드를 선택한 인원
53"
543,청와대사랑채,"""컨셉이 독특해요""","이 키워드를 선택한 인원
2"
544,청와대사랑채,"""뷰가 좋아요""","이 키워드를 선택한 인원
2"
545,청와대사랑채,"""화장실이 깨끗해요""","이 키워드를 선택한 인원
1"
546,반포한강공원,"""뷰가 좋아요""","이 키워드를 선택한 인원
83"
547,반포한강공원,"""산책로가 잘 되어있어요""","이 키워드를 선택한 인원
46"
548,반포한강공원,"""사진이 잘 나와요""","이 키워드를 선택한 인원
40"
549,반포한강공원,"""볼거리가 많아요""","이 키워드를 선택한 인원
28"
550,반포한강공원,"""방문객이 많아요""","이 키워드를 선택한 인원
20"
551,반포한강공원,"""관리가 잘 되어있어요""","이 키워드를 선택한 인원
18"
552,반포한강공원,"""자연 경관이 좋아요""","이 키워드를 선택한 인원
14"
553,반포한강공원,"""주차하기 편해요""","이 키워드를 선택한 인원
9"
554,반포한강공원,"""붐비지 않아요""","이 키워드를 선택한 인원
8"
555,반포한강공원,"""편의시설이 잘 되어있어요""","이 키워드를 선택한 인원
6"
556,반포한강공원,"""먹거리가 풍부해요""","이 키워드를 선택한 인원
4"
557,반포한강공원,"""반려동물과 가기 좋아요""","이 키워드를 선택한 인원
4"
558,반포한강공원,"""피크닉하기 좋아요""","이 키워드를 선택한 인원
4"
559,반포한강공원,"""체험 프로그램이 다양해요""","이 키워드를 선택한 인원
4"
560,반포한강공원,"""조용히 쉬기 좋아요""","이 키워드를 선택한 인원
2"
561,반포한강공원,"""아이와 가기 좋아요""","이 키워드를 선택한 인원
2"
562,반포한강공원,"""규모가 커요""","이 키워드를 선택한 인원
2"
563,반포한강공원,"""근처에 갈 곳이 많아요""","이 키워드를 선택한 인원
1"
564,반포한강공원,"""가격이 합리적이에요""","이 키워드를 선택한 인원
1"
565,반포한강공원,"""대중교통이 편해요""","이 키워드를 선택한 인원
1"
566,반포한강공원,"""트렌디해요""","이 키워드를 선택한 인원
1"
567,반포한강공원,"""유익해요""","이 키워드를 선택한 인원
1"
568,탑골공원,"""뷰가 좋아요""","이 키워드를 선택한 인원
9"
569,탑골공원,"""산책로가 잘 되어있어요""","이 키워드를 선택한 인원
6"
570,탑골공원,"""붐비지 않아요""","이 키워드를 선택한 인원
5"
571,탑골공원,"""사진이 잘 나와요""","이 키워드를 선택한 인원
4"
572,탑골공원,"""볼거리가 많아요""","이 키워드를 선택한 인원
3"
573,탑골공원,"""관리가 잘 되어있어요""","이 키워드를 선택한 인원
3"
574,탑골공원,"""방문객이 많아요""","이 키워드를 선택한 인원
2"
575,탑골공원,"""유익해요""","이 키워드를 선택한 인원
2"
576,탑골공원,"""조용히 쉬기 좋아요""","이 키워드를 선택한 인원
1"
577,탑골공원,"""가격이 합리적이에요""","이 키워드를 선택한 인원
1"
578,탑골공원,"""자연 경관이 좋아요""","이 키워드를 선택한 인원
1"
579,탑골공원,"""화장실이 깨끗해요""","이 키워드를 선택한 인원
1"
580,남대문 문구상가,"""종류가 다양해요""","이 키워드를 선택한 인원
47"
581,남대문 문구상가,"""친절해요""","이 키워드를 선택한 인원
29"
582,남대문 문구상가,"""매장이 넓어요""","이 키워드를 선택한 인원
27"
583,남대문 문구상가,"""가성비가 좋아요""","이 키워드를 선택한 인원
24"
584,남대문 문구상가,"""품질이 좋아요""","이 키워드를 선택한 인원
16"
585,남대문 문구상가,"""특색 있는 제품이 많아요""","이 키워드를 선택한 인원
12"
586,남대문 문구상가,"""시설이 깔끔해요""","이 키워드를 선택한 인원
10"
587,남대문 문구상가,"""분위기가 편안해요""","이 키워드를 선택한 인원
6"
588,남대문 문구상가,"""비싼 만큼 가치있어요""","이 키워드를 선택한 인원
3"
